"";"Year";"Ticker";"RD"
"1";2015;"CRM";222130000
"2";2013;"CRM";131940000
"3";2012;"AMAT";3,21e+08
"4";2016;"CPB";3,1e+07
"5";2012;"CPB";3,2e+07
"6";2013;"AMAT";3,44e+08
"7";2012;"CRM";94780000
"8";2015;"CSCO";1,547e+09
"9";2015;"ADSK";194500000
"10";2014;"CRM";188360000
"11";2016;"NVDA";3,46e+08
"12";2014;"CSCO";1,565e+09
"13";2012;"ADSK";152700000
"14";2012;"DE";3,52e+08
"15";2015;"NVDA";3,39e+08
"16";2014;"ADSK";170500000
"17";2013;"ADSK";150800000
"18";2012;"ADI";127540000
"19";2012;"A";1,66e+08
"20";2015;"AMAT";3,65e+08
"21";2015;"DE";341100000
"22";2014;"INTU";1,86e+08
"23";2013;"CSCO";1,542e+09
"24";2016;"AMAT";3,86e+08
"25";2013;"DE";376800000
"26";2016;"DE";3,45e+08
"27";2015;"INTU";2,06e+08
"28";2012;"WDAY";20790000
"29";2016;"CSCO";1,626e+09
"30";2012;"INTU";1,63e+08
"31";2013;"CPB";3,5e+07
"32";2015;"A";8,1e+07
"33";2014;"ADI";136200000
"34";2016;"ADI";160240000
"35";2013;"A";1,81e+08
"36";2016;"CRM";260970000
"37";2015;"WDAY";99340000
"38";2014;"DE";354100000
"39";2015;"CPB";3e+07
"40";2014;"CPB";3e+07
"41";2015;"ADI";154230000
"42";2012;"NVDA";283900000
"43";2014;"AMAT";3,55e+08
"44";2014;"NVDA";3,34e+08
"45";2013;"ADI";128110000
"46";2013;"WDAY";36280000
"47";2016;"ADSK";193500000
"48";2016;"A";8,1e+07
"49";2013;"NVDA";327160000
"50";2016;"WDAY";141780000
"51";2014;"WDAY";65170000
"52";2014;"A";8,7e+07
"53";2016;"INTU";2,28e+08
"54";2013;"INTU";1,66e+08
"55";2012;"CSCO";1,358e+09
"56";2012;"RHT";63370000
"57";2016;"ORCL";1,52e+09
"58";2015;"ORCL";1,39e+09
"59";2016;"ADBE";248450000
"60";2014;"MU";3,58e+08
"61";2014;"ORCL";1,329e+09
"62";2015;"ADBE";218660000
"63";2016;"MU";4,11e+08
"64";2014;"ADBE";212050000
"65";2016;"MON";4,21e+08
"66";2015;"MU";3,79e+08
"67";2012;"MON";4,38e+08
"68";2013;"MU";2,67e+08
"69";2013;"ORCL";1,237e+09
"70";2012;"MU";2,35e+08
"71";2012;"ORCL";1,201e+09
"72";2013;"RHT";78300000
"73";2016;"RHT";121260000
"74";2012;"ADBE";189140000
"75";2015;"RHT";102490000
"76";2013;"ADBE";208700000
"77";2015;"MON";4,22e+08
"78";2014;"RHT";95260000
"79";2014;"MON";4,85e+08
"80";2013;"MON";4,36e+08
"81";2015;"ABT";3,69e+08
"82";2015;"UTX";6,11e+08
"83";2012;"BMRN";84360000
"84";2015;"BSX";2,44e+08
"85";2016;"AKAM";46760000
"86";2016;"BSX";2,56e+08
"87";2012;"ABBV";7,09e+08
"88";2012;"ABT";377030000
"89";2012;"IBM";1,094e+09
"90";2012;"MYL";117730000
"91";2013;"BMY";9,57e+08
"92";2013;"ABBV";8,46e+08
"93";2012;"BMY";1,082e+09
"94";2013;"AAPL";1,33e+09
"95";2013;"MYL";155900000
"96";2016;"GLW";1,73e+08
"97";2015;"AKAM";37670000
"98";2015;"AGN";430600000
"99";2015;"CLX";3,4e+07
"100";2015;"BA";9,05e+08
"101";2014;"BSX";2,08e+08
"102";2016;"MYL";194600000
"103";2016;"ABT";3,43e+08
"104";2015;"ACIW";33280000
"105";2015;"NEM";3,9e+07
"106";2016;"AGN";913300000
"107";2012;"AAPL";1,01e+09
"108";2014;"BMY";1,189e+09
"109";2014;"ABBV";9,07e+08
"110";2016;"VMW";3,94e+08
"111";2016;"ACIW";37660000
"112";2015;"VMW";3,42e+08
"113";2015;"NFLX";180860000
"114";2012;"VRTX";172830000
"115";2014;"NFLX";125880000
"116";2016;"NEM";2,9e+07
"117";2013;"VRTX";238460000
"118";2012;"AKAM";20370000
"119";2015;"MYL";1,59e+08
"120";2014;"ABT";3,61e+08
"121";2016;"NFLX";225190000
"122";2013;"ABT";3,59e+08
"123";2014;"DHR";-86900000
"124";2015;"PPG";1,12e+08
"125";2014;"PPG";1,17e+08
"126";2016;"CLX";3,2e+07
"127";2016;"BA";7,26e+08
"128";2014;"MYL";150200000
"129";2013;"UTX";4,71e+08
"130";2012;"PPG";9,5e+07
"131";2013;"BSX";2,17e+08
"132";2013;"PPG";1,19e+08
"133";2016;"UTX";6,26e+08
"134";2012;"CTXS";122210000
"135";2016;"AAPL";2,871e+09
"136";2015;"BMRN";176120000
"137";2014;"UTX";6,24e+08
"138";2014;"BMRN";142070000
"139";2014;"AAPL";1,895e+09
"140";2013;"BMRN";97310000
"141";2014;"ACIW";31550000
"142";2014;"NEM";3,9e+07
"143";2013;"VMW";2,85e+08
"144";2013;"ACIW";33380000
"145";2013;"NEM";5,7e+07
"146";2012;"VMW";2,68e+08
"147";2012;"ACIW";33590000
"148";2014;"PX";2,4e+07
"149";2013;"PX";2,6e+07
"150";2016;"CA";1,44e+08
"151";2012;"BSX";2,38e+08
"152";2016;"BMRN";175240000
"153";2013;"GLW";1,69e+08
"154";2014;"PFE";3,209e+09
"155";2012;"GLW";2,18e+08
"156";2013;"PFE";1,811e+09
"157";2016;"BMY";1,4e+09
"158";2012;"PFE";2,021e+09
"159";2016;"ABBV";1,23e+09
"160";2015;"BMY";1,916e+09
"161";2014;"VMW";3,03e+08
"162";2015;"VRTX";310180000
"163";2014;"VRTX";201460000
"164";2015;"WDC";3,89e+08
"165";2012;"CE";3,1e+07
"166";2014;"WDC";4,26e+08
"167";2013;"WDC";4,16e+08
"168";2012;"WDC";3,78e+08
"169";2016;"DHR";2,68e+08
"170";2015;"DHR";236100000
"171";2016;"PPG";1,15e+08
"172";2013;"CAT";4,67e+08
"173";2012;"CAT";6,13e+08
"174";2015;"GILD";7,57e+08
"175";2016;"CTXS";90750000
"176";2014;"CLX";3,3e+07
"177";2014;"BA";7,55e+08
"178";2012;"CLX";3,1e+07
"179";2016;"ALXN";206200000
"180";2015;"ALXN";191060000
"181";2014;"ALXN";129330000
"182";2015;"AAPL";2,404e+09
"183";2013;"ALXN";85780000
"184";2012;"ALXN";63410000
"185";2016;"JNJ";2,64e+09
"186";2014;"AGN";237100000
"187";2016;"CERN";145970000
"188";2013;"AGN";-240800000
"189";2015;"CERN";141260000
"190";2015;"GLW";2,08e+08
"191";2012;"PX";2,5e+07
"192";2015;"CA";1,33e+08
"193";2014;"CA";1,43e+08
"194";2013;"CA";1,44e+08
"195";2012;"CA";1,2e+08
"196";2016;"VRTX";248450000
"197";2015;"ABBV";1,075e+09
"198";2014;"AKAM";32420000
"199";2013;"AKAM";26520000
"200";2013;"JNPR";258700000
"201";2012;"JNPR";275100000
"202";2013;"IBM";1,452e+09
"203";2012;"UTX";7,12e+08
"204";2016;"MMM";4,21e+08
"205";2013;"XRX";1,55e+08
"206";2015;"MMM";4,33e+08
"207";2012;"XRX";1,6e+08
"208";2014;"MMM";4,36e+08
"209";2014;"GILD";1,045e+09
"210";2015;"CTXS";56980000
"211";2013;"CLX";3,1e+07
"212";2013;"GILD";552220000
"213";2014;"CTXS";141950000
"214";2013;"CTXS";126500000
"215";2016;"APD";1,5e+07
"216";2015;"APD";16900000
"217";2014;"APD";35400000
"218";2016;"LYB";2,6e+07
"219";2013;"APD";33500000
"220";2015;"LYB";2,6e+07
"221";2016;"PX";2,3e+07
"222";2015;"PX";2,3e+07
"223";2012;"ILMN";56910000
"224";2012;"NEM";9e+07
"225";2016;"BAX";1,57e+08
"226";2016;"PFE";2,512e+09
"227";2014;"GLW";2,1e+08
"228";2015;"PFE";2,348e+09
"229";2014;"TXN";3,11e+08
"230";2015;"XLNX";141380000
"231";2012;"CERN";78620000
"232";2013;"TXN";3,46e+08
"233";2014;"XLNX";133460000
"234";2013;"XLNX";128090000
"235";2012;"XLNX";129060000
"236";2016;"FB";1,563e+09
"237";2016;"EMN";5,6e+07
"238";2016;"SYMC";2,04e+08
"239";2013;"CE";1,2e+07
"240";2015;"EMN";7,4e+07
"241";2015;"SYMC";1,74e+08
"242";2014;"EMN";6,2e+07
"243";2014;"SYMC";1,93e+08
"244";2016;"QCOM";1,311e+09
"245";2013;"EMN";4,5e+07
"246";2015;"QCOM";1,352e+09
"247";2013;"NFLX";98130000
"248";2012;"NFLX";82140000
"249";2016;"CAT";5,22e+08
"250";2015;"CAT";5,72e+08
"251";2014;"CAT";8,23e+08
"252";2013;"BDX";1,26e+08
"253";2012;"LLY";1,463e+09
"254";2012;"BDX";1,18e+08
"255";2015;"AMGN";1,093e+09
"256";2014;"AMGN";1,234e+09
"257";2014;"RTN";1,44e+08
"258";2013;"MMM";4,38e+08
"259";2013;"RTN";1,19e+08
"260";2013;"BA";8,48e+08
"261";2012;"MMM";4,18e+08
"262";2012;"RTN";-9,2e+07
"263";2012;"BA";7,53e+08
"264";2015;"PCAR";66700000
"265";2016;"EBAY";2,92e+08
"266";2016;"ILMN";1,3e+08
"267";2015;"EBAY";2,29e+08
"268";2012;"APD";33300000
"269";2014;"LYB";3e+07
"270";2013;"LYB";4,4e+07
"271";2012;"LYB";5,7e+07
"272";2016;"TXN";3,4e+08
"273";2015;"BAX";1,61e+08
"274";2014;"BAX";1,56e+08
"275";2013;"BAX";-1,87e+08
"276";2012;"BAX";2,16e+08
"277";2012;"ISRG";41700000
"278";2014;"CE";1,8e+07
"279";2016;"BIIB";533900000
"280";2015;"FB";1,314e+09
"281";2015;"BIIB";541700000
"282";2014;"FB";1,111e+09
"283";2014;"BIIB";500070000
"284";2013;"FB";4,09e+08
"285";2013;"BIIB";422280000
"286";2016;"AMZN";4,544e+09
"287";2012;"FB";2,97e+08
"288";2012;"BIIB";345180000
"289";2015;"AMZN";3,569e+09
"290";2014;"AMZN";2,636e+09
"291";2016;"LVS";2e+06
"292";2016;"SLB";2,62e+08
"293";2016;"IBM";1,431e+09
"294";2015;"IBM";1,362e+09
"295";2016;"TSLA";245960000
"296";2014;"IBM";1,32e+09
"297";2015;"TSLA";190240000
"298";2014;"XRX";1,04e+08
"299";2014;"TSLA";139560000
"300";2016;"CELG";1,135e+09
"301";2012;"SLB";3,04e+08
"302";2013;"TSLA";68450000
"303";2016;"GILD";1,208e+09
"304";2015;"CELG";776500000
"305";2012;"TSLA";68830000
"306";2012;"ITT";14900000
"307";2012;"GILD";439710000
"308";2016;"KLAC";130910000
"309";2015;"KLAC";118270000
"310";2014;"PCAR";62500000
"311";2013;"PCAR";60900000
"312";2012;"PCAR";66400000
"313";2015;"ILMN";113820000
"314";2016;"ZBH";95700000
"315";2014;"EBAY";2,36e+08
"316";2014;"ILMN";142950000
"317";2015;"ZBH";85900000
"318";2013;"EBAY";-4,03e+08
"319";2013;"ILMN";76730000
"320";2014;"ZBH";50800000
"321";2012;"EBAY";4,16e+08
"322";2013;"ZBH";4,6e+07
"323";2016;"CMI";1,58e+08
"324";2012;"ZBH";55300000
"325";2012;"AGN";121800000
"326";2014;"CERN";106910000
"327";2015;"TXN";2,93e+08
"328";2016;"XLNX";159250000
"329";2013;"CERN";92440000
"330";2015;"MXIM";113100000
"331";2014;"SIRI";15110000
"332";2014;"MXIM";135940000
"333";2013;"MXIM";142970000
"334";2016;"MCHP";132430000
"335";2012;"SIRI";16380000
"336";2012;"MXIM";135740000
"337";2015;"MCHP";97020000
"338";2014;"MCHP";88700000
"339";2013;"MCHP";76340000
"340";2016;"INTC";3,28e+09
"341";2012;"ATVI";2,2e+08
"342";2016;"JNPR";2,63e+08
"343";2015;"JNPR";247200000
"344";2013;"SYMC";2,52e+08
"345";2014;"JNPR";233500000
"346";2016;"BDX";1,82e+08
"347";2015;"MRK";1,798e+09
"348";2013;"QCOM";1,328e+09
"349";2015;"BDX";1,87e+08
"350";2015;"SLB";2,75e+08
"351";2012;"QCOM";1,106e+09
"352";2014;"BDX";1,29e+08
"353";2014;"SLB";3,24e+08
"354";2013;"SLB";3,04e+08
"355";2013;"DHR";186700000
"356";2012;"DHR";294700000
"357";2016;"WAT";32750000
"358";2015;"EXPE";250570000
"359";2014;"EXPE";181350000
"360";2016;"REGN";479210000
"361";2013;"EXPE";155040000
"362";2015;"REGN";461210000
"363";2014;"KLAC";133560000
"364";2016;"BEN";51700000
"365";2016;"SYK";1,89e+08
"366";2012;"KLAC";121610000
"367";2015;"JNJ";3,078e+09
"368";2014;"JNJ";2,791e+09
"369";2012;"SYK";1,29e+08
"370";2013;"JNJ";2,749e+09
"371";2015;"CMI";1,77e+08
"372";2014;"CMI";1,87e+08
"373";2013;"CMI";1,81e+08
"374";2012;"CMI";1,74e+08
"375";2012;"MRK";2,224e+09
"376";2016;"WDC";5,85e+08
"377";2016;"TRIP";5,8e+07
"378";2015;"INTC";3,119e+09
"379";2015;"TRIP";5,5e+07
"380";2014;"CELG";584900000
"381";2014;"INTC";2,99e+09
"382";2014;"TRIP";4,6e+07
"383";2013;"CELG";731200000
"384";2013;"INTC";2,826e+09
"385";2013;"TRIP";3,6e+07
"386";2012;"CELG";473500000
"387";2016;"MRK";4,649e+09
"388";2014;"QCOM";1,352e+09
"389";2013;"AMZN";1,862e+09
"390";2014;"MRK";2,283e+09
"391";2016;"XRX";1,13e+08
"392";2012;"AMZN";1,345e+09
"393";2013;"MRK";1,835e+09
"394";2016;"ITT";21900000
"395";2015;"XRX";9,3e+07
"396";2016;"AMGN";1,078e+09
"397";2012;"LVS";7762000
"398";2016;"RTN";1,96e+08
"399";2015;"RTN";1,95e+08
"400";2012;"BEN";43600000
"401";2016;"MXIM";114060000
"402";2012;"EXPE";134340000
"403";2014;"REGN";351740000
"404";2013;"KLAC";134590000
"405";2013;"REGN";268140000
"406";2015;"SYK";1,64e+08
"407";2012;"REGN";181020000
"408";2014;"MSFT";2,903e+09
"409";2014;"SYK";1,53e+08
"410";2013;"MSFT";2,748e+09
"411";2013;"SYK";1,39e+08
"412";2012;"MSFT";2,528e+09
"413";2016;"SE";5786000
"414";2016;"EXPE";324100000
"415";2016;"SIRI";24560000
"416";2012;"JNJ";2,386e+09
"417";2015;"SIRI";17220000
"419";2015;"ISRG";52600000
"420";2014;"ISRG";47300000
"421";2013;"LLY";1,532e+09
"422";2013;"ISRG";41700000
"423";2013;"ATVI";1,97e+08
"424";2014;"MSI";1,65e+08
"425";2012;"MCHP";71380000
"426";2013;"TMO";104700000
"427";2013;"MSI";1,96e+08
"428";2013;"AMGN";1,249e+09
"429";2012;"MSI";5e+06
"430";2012;"AMGN";9,38e+08
"431";2012;"WAT";24960000
"432";2015;"LLY";1,643e+09
"433";2015;"LVS";2972000
"434";2014;"LLY";1,291e+09
"435";2014;"LVS";5048000
"436";2015;"MSFT";2,9e+09
"437";2013;"LVS";969000
"438";2015;"ITT";23700000
"439";2014;"ITT";20200000
"440";2016;"MSI";1,42e+08
"441";2014;"BEN";51200000
"442";2013;"ITT";18400000
"443";2015;"MSI";1,52e+08
"445";2013;"WAT";26980000
"446";2016;"PCAR";67600000
"447";2013;"WY";1e+07
"448";2016;"WY";5e+06
"449";2012;"TMO";98500000
"450";2016;"ISRG";69100000
"451";2015;"WY";6e+06
"452";2014;"WY";1e+06
"453";2016;"ATVI";2,85e+08
"454";2016;"TMO";212800000
"455";2016;"LLY";1,481e+09
"456";2012;"WY";9e+06
"457";2015;"BEN";51200000
"458";2015;"TMO";1,8e+08
"459";2014;"ATVI";1,84e+08
"460";2014;"TMO";182500000
"461";2013;"NOW";23870000
"462";2015;"ATVI";1,93e+08
"463";2015;"WAT";32190000
"464";2012;"TXN";4,25e+08
"465";2016;"CE";2e+07
"466";2013;"SIRI";15070000
"467";2012;"TRIP";24050000
"468";2015;"LRCX";220750000
"469";2015;"NOW";58440000
"470";2016;"MSFT";3,062e+09
"471";2012;"SYMC";2,49e+08
"472";2012;"LRCX";165950000
"473";2012;"NOW";13240000
"474";2014;"WAT";44180000
"475";2012;"INTC";2,629e+09
"476";2012;"EMN";6,2e+07
"477";2016;"LRCX";246800000
"478";2015;"CE";2,1e+07
"479";2014;"LRCX";196770000
"480";2014;"NOW";42030000
"481";2016;"NOW";73930000
"482";2013;"LRCX";174480000
"483";2012;"RHT";55150000
"484";2016;"ADBE";237200000
"485";2013;"RHT";71250000
"486";2015;"ADBE";215510000
"487";2014;"ADBE";209520000
"488";2014;"ORCL";1,292e+09
"489";2016;"MU";4,03e+08
"490";2016;"ORCL";1,419e+09
"491";2012;"ORCL";1,145e+09
"492";2015;"ORCL";1,37e+09
"493";2013;"ADBE";209640000
"494";2012;"MON";3,53e+08
"495";2015;"MON";3,72e+08
"496";2012;"ADBE";177730000
"497";2014;"RHT";82640000
"498";2012;"MU";2,22e+08
"499";2016;"MON";3,4e+08
"500";2015;"MU";3,79e+08
"501";2013;"ORCL";1,186e+09
"502";2015;"RHT";92040000
"503";2014;"MU";3,44e+08
"504";2013;"MON";3,6e+08
"505";2016;"RHT";108500000
"506";2014;"MON";4,04e+08
"507";2013;"MU";2,14e+08
"508";2013;"CSCO";1,452e+09
"509";2015;"A";8,8e+07
"510";2014;"A";8,8e+07
"511";2015;"CPB";2,5e+07
"512";2013;"A";1,79e+08
"513";2014;"CPB";2,7e+07
"514";2016;"ADSK";204500000
"515";2012;"A";1,62e+08
"516";2013;"CPB";3,2e+07
"517";2016;"CPB";2,3e+07
"518";2012;"CPB";2,9e+07
"519";2014;"ADSK";162400000
"520";2013;"ADSK";149400000
"521";2016;"ADI";157430000
"522";2016;"INTU";2,05e+08
"523";2016;"A";7,8e+07
"524";2015;"ADI";151710000
"525";2015;"INTU";1,88e+08
"526";2014;"ADI";128590000
"527";2014;"INTU";1,86e+08
"528";2012;"ADI";124380000
"529";2012;"INTU";1,64e+08
"530";2015;"AMAT";3,51e+08
"531";2015;"ADSK";191500000
"532";2014;"AMAT";3,56e+08
"533";2014;"CRM";173090000
"534";2016;"NVDA";3,44e+08
"535";2013;"AMAT";3,04e+08
"536";2013;"CRM";121190000
"537";2015;"NVDA";3,49e+08
"538";2012;"CRM";80610000
"539";2014;"NVDA";336810000
"540";2013;"NVDA";298010000
"541";2016;"WDAY";131240000
"542";2016;"DE";319300000
"543";2015;"WDAY";88960000
"544";2015;"DE";333200000
"545";2014;"WDAY";55320000
"546";2014;"DE";323700000
"547";2013;"WDAY";30250000
"548";2016;"AMAT";3,74e+08
"549";2013;"DE";356500000
"550";2015;"CRM";205990000
"551";2016;"CSCO";1,509e+09
"552";2012;"CSCO";1,339e+09
"553";2015;"CSCO";1,529e+09
"554";2012;"AMAT";3,04e+08
"555";2012;"ADSK";149500000
"556";2014;"CSCO";1,412e+09
"557";2013;"ADI";125160000
"558";2013;"INTU";1,69e+08
"559";2012;"NVDA";266860000
"560";2012;"WDAY";18290000
"561";2012;"DE";312500000
"562";2016;"CRM";250860000
"563";2014;"A";8,6e+07
"564";2012;"CPB";2,5e+07
"565";2013;"AMAT";3,34e+08
"566";2016;"NVDA";3,5e+08
"567";2016;"CRM";291510000
"568";2016;"INTU";2,35e+08
"569";2013;"A";1,71e+08
"570";2015;"CRM";234100000
"571";2015;"CSCO";1,548e+09
"572";2012;"A";1,62e+08
"573";2012;"AMAT";3,09e+08
"574";2016;"A";8,6e+07
"575";2012;"INTU";1,28e+08
"576";2013;"ADSK";148900000
"577";2015;"A";7,9e+07
"578";2016;"CPB";3,8e+07
"579";2015;"NVDA";3,2e+08
"580";2015;"DE";346800000
"581";2015;"CPB";3,4e+07
"582";2013;"CRM";148080000
"583";2013;"DE";338700000
"584";2012;"ADI";129690000
"585";2013;"CPB";3,4e+07
"586";2014;"CPB";3,4e+07
"587";2012;"CRM";99440000
"588";2015;"AMAT";3,72e+08
"589";2012;"DE";367800000
"590";2014;"CSCO";1,593e+09
"591";2015;"ADSK";193100000
"592";2014;"CRM";203110000
"593";2016;"CSCO";1,601e+09
"594";2016;"ADI";163230000
"595";2012;"CSCO";1,416e+09
"596";2015;"INTU";2,15e+08
"597";2014;"INTU";1,66e+08
"598";2014;"ADI";140100000
"599";2016;"WDAY";161890000
"600";2013;"CSCO";1,517e+09
"601";2013;"INTU";1,44e+08
"602";2016;"AMAT";3,86e+08
"603";2016;"ADSK";1,93e+08
"604";2012;"WDAY";23550000
"605";2012;"ADSK";144900000
"606";2015;"WDAY";115340000
"607";2012;"NVDA";281190000
"608";2014;"DE";362100000
"609";2014;"ADSK";179300000
"610";2014;"NVDA";3,37e+08
"611";2013;"WDAY";41170000
"612";2014;"AMAT";3,57e+08
"613";2013;"ADI";128890000
"614";2013;"NVDA";331740000
"615";2015;"ADI";160780000
"616";2016;"DE";338800000
"617";2014;"WDAY";77460000
"618";2016;"INTC";3,145e+09
"619";2014;"TRIP";4,1e+07
"620";2015;"SYMC";1,98e+08
"621";2016;"CAT";4,68e+08
"622";2016;"QCOM";1,268e+09
"623";2015;"MMM";4,38e+08
"624";2016;"SYMC";1,7e+08
"625";2016;"TRIP";6,3e+07
"626";2012;"VRTX";196540000
"627";2014;"SYMC";3,08e+08
"628";2015;"VRTX";223860000
"629";2014;"LVS";4217000
"630";2016;"BA";2,127e+09
"631";2015;"TRIP";5e+07
"632";2014;"VRTX";224490000
"633";2013;"MMM";4,27e+08
"634";2014;"GILD";5,84e+08
"635";2015;"LVS";2348000
"636";2014;"MMM";4,48e+08
"637";2012;"CE";2,5e+07
"638";2015;"GILD";8,18e+08
"639";2013;"CAT";5,48e+08
"640";2012;"AKAM";17540000
"641";2015;"CAT";5,1e+08
"642";2012;"ABT";370600000
"643";2012;"AAPL";8,76e+08
"644";2013;"CE";2,3e+07
"645";2013;"VRTX";222460000
"646";2016;"LVS";2e+06
"647";2013;"TRIP";3,2e+07
"648";2012;"CTXS";110030000
"649";2016;"BMRN";167040000
"650";2016;"EBAY";2,95e+08
"651";2016;"MMM";4,37e+08
"652";2014;"CAT";5,16e+08
"653";2015;"INTC";3,087e+09
"654";2013;"CTXS";132300000
"655";2014;"TXN";3,49e+08
"656";2014;"AMZN";2,226e+09
"657";2013;"TXN";3,89e+08
"658";2016;"MYL";179500000
"659";2016;"TSLA";191660000
"660";2015;"MCHP";84680000
"661";2014;"MYL";155400000
"662";2013;"AAPL";1,178e+09
"663";2013;"TSLA";52310000
"664";2015;"BA";8e+08
"665";2012;"ITT";16600000
"666";2014;"BA";7,33e+08
"667";2013;"AKAM";20600000
"668";2015;"LLY";1,25e+09
"669";2014;"LLY";1,195e+09
"670";2016;"LYB";2,4e+07
"671";2013;"LLY";1,33e+09
"672";2012;"LLY";1,321e+09
"673";2014;"TSLA";107720000
"674";2016;"JNJ";2,293e+09
"675";2013;"ACIW";38390000
"676";2013;"SYK";1,32e+08
"677";2012;"EBAY";3,94e+08
"678";2012;"VMW";248600000
"679";2012;"ACIW";35030000
"680";2012;"SYK";1,16e+08
"681";2014;"INTC";2,859e+09
"682";2015;"TXN";3,2e+08
"683";2012;"BA";8,57e+08
"684";2015;"CA";1,36e+08
"685";2015;"MYL";168200000
"686";2013;"PFE";1,53e+09
"687";2012;"PFE";1,6e+09
"688";2012;"ISRG";40200000
"689";2013;"MCHP";73080000
"690";2016;"EMN";5,5e+07
"691";2015;"BIIB";490700000
"692";2015;"FB";1,17e+09
"693";2014;"BIIB";447270000
"694";2014;"FB";4,92e+08
"695";2013;"BIIB";327460000
"696";2016;"AMZN";3,88e+09
"697";2013;"FB";3,44e+08
"698";2015;"JNPR";251600000
"699";2015;"AMZN";3,02e+09
"700";2012;"TRIP";21570000
"701";2016;"LLY";1,336e+09
"702";2015;"BDX";1,78e+08
"703";2014;"BDX";1,37e+08
"704";2016;"ITT";21100000
"705";2013;"BDX";1,21e+08
"706";2014;"MCHP";84370000
"707";2012;"BDX";114990000
"708";2016;"CELG";9,49e+08
"709";2016;"BSX";2,22e+08
"710";2016;"GILD";1,484e+09
"711";2015;"CELG";1,11e+09
"712";2015;"BSX";2,2e+08
"713";2014;"CELG";456900000
"714";2016;"CTXS";100650000
"715";2013;"CELG";458100000
"716";2012;"MMM";4,08e+08
"717";2013;"GILD";523900000
"718";2014;"EXPE";169080000
"719";2012;"GILD";396240000
"720";2016;"REGN";559930000
"721";2015;"REGN";390330000
"722";2016;"AAPL";2,56e+09
"723";2016;"ACIW";46420000
"724";2014;"AAPL";1,603e+09
"725";2012;"PCAR";73800000
"726";2015;"ACIW";39420000
"727";2014;"EBAY";4,68e+08
"728";2014;"ACIW";38880000
"729";2013;"EBAY";4,51e+08
"730";2016;"CERN";135160000
"731";2016;"CA";1,48e+08
"732";2014;"GLW";2,08e+08
"733";2013;"CERN";82280000
"734";2012;"CERN";73510000
"735";2014;"PFE";1,759e+09
"736";2013;"SIRI";15050000
"737";2016;"MCHP";147880000
"738";2012;"SIRI";6272000
"739";2016;"BMY";1,266e+09
"740";2015;"EBAY";2,32e+08
"741";2015;"BMY";1,856e+09
"742";2014;"BMY";1,416e+09
"743";2016;"FB";1,471e+09
"744";2013;"BMY";9,51e+08
"745";2015;"EMN";5,7e+07
"746";2012;"BMY";9,62e+08
"747";2016;"AKAM";37690000
"748";2016;"JNPR";247900000
"749";2014;"EMN";5,6e+07
"750";2015;"AKAM";36690000
"751";2013;"INTC";2,516e+09
"752";2012;"BIIB";329560000
"753";2016;"MRK";2,151e+09
"754";2016;"BDX";2,07e+08
"755";2015;"MRK";1,67e+09
"756";2013;"AMZN";1,586e+09
"757";2016;"DHR";239900000
"758";2012;"AMZN";1,082e+09
"759";2016;"XRX";1,19e+08
"760";2015;"DHR";304600000
"761";2015;"TSLA";181710000
"762";2015;"XRX";1,42e+08
"763";2014;"DHR";336400000
"764";2013;"MYL";111400000
"765";2013;"DHR";312200000
"766";2016;"CLX";4,2e+07
"767";2012;"MYL";94360000
"768";2012;"DHR";283600000
"769";2015;"CLX";3,9e+07
"770";2015;"RTN";1,86e+08
"771";2014;"CLX";3,5e+07
"772";2014;"BSX";2,06e+08
"773";2015;"CTXS";140200000
"774";2013;"BA";7,63e+08
"775";2013;"BSX";2,23e+08
"776";2012;"CELG";447200000
"777";2014;"CTXS";140380000
"778";2012;"CLX";3,4e+07
"779";2012;"BSX";2,13e+08
"780";2016;"APD";18700000
"781";2014;"REGN";294500000
"782";2015;"AAPL";2,034e+09
"783";2013;"REGN";187460000
"784";2016;"SYK";1,83e+08
"785";2016;"ILMN";1,25e+08
"786";2015;"LYB";2,5e+07
"787";2014;"LYB";3,4e+07
"788";2016;"AGN";636500000
"789";2016;"PX";2,4e+07
"790";2014;"NEM";4,2e+07
"791";2015;"JNJ";2,129e+09
"792";2014;"ZBH";4,8e+07
"793";2014;"JNJ";2,009e+09
"794";2016;"BAX";1,95e+08
"795";2016;"TXN";3,41e+08
"796";2015;"GLW";1,91e+08
"797";2014;"CERN";97330000
"798";2015;"PFE";1,734e+09
"799";2014;"CA";1,5e+08
"800";2012;"CMI";1,87e+08
"801";2012;"BAX";3,06e+08
"802";2013;"CA";1,32e+08
"803";2012;"LRCX";124530000
"804";2012;"CA";1,25e+08
"805";2016;"VRTX";271010000
"806";2016;"BIIB";473100000
"807";2015;"WDC";3,81e+08
"808";2016;"NFLX";207300000
"809";2014;"WDC";4,26e+08
"810";2013;"MSI";1,95e+08
"811";2015;"NFLX";155060000
"812";2013;"WDC";4,02e+08
"813";2013;"SYMC";2,62e+08
"814";2012;"FB";7,05e+08
"815";2012;"SYMC";2,49e+08
"816";2012;"NFLX";81550000
"817";2013;"QCOM";1,298e+09
"818";2012;"JNPR";268700000
"819";2014;"MRK";1,664e+09
"820";2012;"QCOM";9,74e+08
"821";2013;"MRK";2,101e+09
"822";2012;"MRK";2,165e+09
"823";2016;"AMGN";9e+08
"824";2015;"AMGN";9,64e+08
"825";2013;"ITT";16400000
"826";2016;"WAT";32580000
"827";2014;"RTN";1,24e+08
"828";2015;"EXPE";186520000
"829";2016;"ALXN";1,8e+08
"830";2015;"ALXN";131690000
"831";2015;"BMRN";157900000
"832";2015;"APD";33400000
"833";2014;"BMRN";107700000
"834";2014;"APD";33800000
"835";2012;"ALXN";59640000
"836";2015;"SYK";1,54e+08
"837";2014;"SYK";1,58e+08
"838";2012;"MSFT";2,594e+09
"839";2013;"VMW";2,61e+08
"840";2013;"NEM";4,6e+07
"841";2013;"ZBH";54900000
"842";2012;"NEM";8,2e+07
"843";2015;"BAX";1,51e+08
"844";2012;"ZBH";57200000
"845";2014;"CMI";1,79e+08
"846";2014;"BAX";3,22e+08
"847";2013;"CMI";1,77e+08
"848";2013;"BAX";2,73e+08
"849";2016;"ISRG";54700000
"850";2013;"LRCX";180220000
"851";2015;"ISRG";49400000
"852";2014;"ISRG";40200000
"853";2013;"ISRG";41200000
"854";2015;"ATVI";1,49e+08
"855";2015;"MSI";1,56e+08
"856";2014;"ATVI";1,12e+08
"857";2014;"MSI";1,76e+08
"858";2013;"ATVI";1,23e+08
"859";2012;"ATVI";1,45e+08
"860";2012;"MSI";2,69e+08
"861";2014;"NFLX";115180000
"862";2015;"QCOM";1,407e+09
"863";2014;"JNPR";255500000
"864";2014;"QCOM";1,429e+09
"865";2013;"JNPR";257700000
"866";2016;"UTX";5,88e+08
"867";2015;"UTX";5,58e+08
"868";2014;"UTX";6,66e+08
"869";2013;"LVS";6002000
"870";2013;"UTX";6,31e+08
"871";2013;"ABT";3,63e+08
"872";2012;"LVS";6797000
"873";2012;"UTX";5,25e+08
"874";2012;"SLB";2,87e+08
"875";2012;"TSLA";74850000
"876";2016;"EXPE";317920000
"877";2013;"RTN";1,25e+08
"878";2012;"RTN";1,94e+08
"879";2016;"PCAR";60800000
"880";2016;"VMW";2,89e+08
"881";2013;"BMRN";85660000
"882";2013;"APD";33500000
"883";2015;"VMW";3,22e+08
"884";2012;"BMRN";77810000
"885";2012;"APD";32500000
"886";2014;"VMW";3,17e+08
"887";2013;"LYB";3,5e+07
"888";2015;"AGN";349700000
"889";2012;"LYB";3,7e+07
"890";2016;"CMI";1,55e+08
"891";2014;"AGN";1,58e+08
"892";2016;"GLW";1,92e+08
"893";2015;"CMI";1,66e+08
"894";2013;"JNJ";1,946e+09
"895";2016;"SIRI";18890000
"896";2016;"MXIM";113490000
"897";2016;"PFE";1,748e+09
"898";2015;"SIRI";16090000
"899";2015;"MXIM";121550000
"900";2014;"SIRI";15630000
"901";2013;"GLW";1,79e+08
"902";2014;"MXIM";143800000
"903";2012;"TXN";4,8e+08
"904";2016;"MSI";1,38e+08
"905";2016;"WDC";4,94e+08
"906";2012;"MCHP";48830000
"907";2014;"ABBV";8,5e+08
"908";2013;"ABBV";7,79e+08
"909";2012;"WDC";4,06e+08
"910";2014;"AKAM";32050000
"911";2012;"INTC";2,513e+09
"912";2012;"EMN";4,3e+07
"913";2016;"ABT";3,48e+08
"914";2015;"ABT";3,45e+08
"915";2014;"ABT";3,1e+08
"916";2014;"IBM";1,361e+09
"917";2015;"ITT";18900000
"918";2014;"XRX";1,43e+08
"919";2014;"ITT";18600000
"920";2013;"XRX";1,49e+08
"921";2012;"XRX";1,61e+08
"922";2013;"CLX";3,5e+07
"923";2012;"WAT";23940000
"924";2015;"PCAR";59300000
"925";2015;"MSFT";3,094e+09
"926";2016;"NEM";4,4e+07
"927";2012;"REGN";147370000
"928";2015;"ILMN";96180000
"929";2016;"ZBH";88600000
"930";2015;"NEM";3,3e+07
"931";2014;"ILMN";82980000
"932";2015;"ZBH";51300000
"933";2015;"ABBV";1,004e+09
"934";2013;"ILMN";67610000
"935";2012;"ILMN";71220000
"936";2015;"CERN";138450000
"937";2015;"LRCX";221680000
"938";2016;"CE";1,9e+07
"939";2016;"ATVI";2,49e+08
"940";2016;"ABBV";1,194e+09
"941";2014;"CE";2,4e+07
"942";2012;"CAT";6,32e+08
"943";2014;"PPG";1,26e+08
"944";2012;"BEN";44100000
"945";2014;"AMGN";1,018e+09
"946";2015;"WAT";30560000
"947";2016;"WY";4e+06
"948";2014;"WAT";26980000
"949";2013;"EMN";5,1e+07
"950";2013;"NFLX";93130000
"951";2016;"IBM";1,465e+09
"952";2016;"MSFT";3,146e+09
"953";2015;"SLB";2,79e+08
"954";2015;"IBM";1,3e+09
"955";2013;"PCAR";61800000
"956";2014;"SLB";3,09e+08
"957";2016;"PPG";1,15e+08
"958";2013;"SLB";2,93e+08
"959";2013;"MSFT";2,783e+09
"960";2016;"RTN";1,81e+08
"962";2015;"PX";2,3e+07
"963";2016;"KLAC";127450000
"964";2014;"PX";2,4e+07
"965";2015;"WY";5e+06
"966";2013;"WAT";24650000
"967";2014;"WY";7e+06
"968";2015;"BEN";58300000
"969";2014;"LRCX";185450000
"970";2015;"KLAC";128840000
"971";2014;"ALXN";92550000
"972";2014;"KLAC";138450000
"973";2016;"BEN";50500000
"974";2013;"ALXN";68560000
"975";2013;"KLAC";127690000
"976";2013;"PPG";1,18e+08
"977";2014;"MSFT";3,123e+09
"978";2012;"KLAC";118710000
"979";2014;"BEN";54300000
"980";2015;"PPG";1,23e+08
"981";2012;"IBM";1,587e+09
"982";2014;"TMO";183700000
"983";2013;"TMO";96700000
"984";2016;"XLNX";136120000
"985";2012;"PPG";1,13e+08
"986";2013;"AMGN";9,67e+08
"987";2013;"PX";2,4e+07
"988";2012;"GLW";1,85e+08
"989";2013;"NOW";17950000
"990";2012;"PX";2,5e+07
"991";2012;"MXIM";134010000
"992";2015;"XLNX";126650000
"993";2014;"XLNX";122010000
"994";2012;"EXPE";116030000
"995";2012;"AMGN";8,26e+08
"996";2013;"XLNX";111540000
"997";2015;"CE";5,9e+07
"998";2015;"TMO";174600000
"999";2016;"TMO";182400000
"1000";2012;"TMO";94200000
"1001";2016;"SLB";2,57e+08
"1002";2014;"NOW";35440000
"1003";2012;"ABBV";7,52e+08
"1004";2012;"AGN";79700000
"1005";2012;"NOW";9272000
"1006";2013;"IBM";1,548e+09
"1007";2014;"PCAR";49900000
"1008";2013;"AGN";136300000
"1009";2012;"XLNX";121450000
"1010";2012;"JNJ";2,195e+09
"1011";2012;"WY";8e+06
"1012";2015;"NOW";53280000
"1013";2013;"WY";8e+06
"1014";2016;"LRCX";237260000
"1015";2013;"EXPE";140680000
"1016";2013;"MXIM";132010000
"1017";2016;"NOW";70360000
"1018";2014;"MRK";1,574e+09
"1019";2016;"SYMC";1,77e+08
"1020";2016;"GILD";1,265e+09
"1021";2016;"CTXS";102230000
"1022";2016;"MCHP";95640000
"1023";2014;"SYMC";-4e+07
"1024";2013;"MCHP";70440000
"1025";2015;"SYMC";2,08e+08
"1026";2013;"MSI";2,62e+08
"1027";2014;"INTC";2,846e+09
"1028";2012;"MSI";2,54e+08
"1029";2015;"MRK";1,737e+09
"1030";2016;"EMN";5,4e+07
"1031";2016;"INTC";3,246e+09
"1032";2013;"ITT";16400000
"1033";2015;"INTC";2,995e+09
"1034";2012;"ITT";16100000
"1035";2016;"LVS";2e+06
"1036";2014;"GILD";5,95e+08
"1037";2016;"AAPL";2,511e+09
"1038";2015;"LVS";1533000
"1039";2013;"TSLA";54860000
"1040";2014;"MSI";1,74e+08
"1041";2015;"GILD";6,96e+08
"1042";2012;"MRK";1,862e+09
"1043";2014;"MCHP";77360000
"1044";2014;"ITT";17700000
"1045";2013;"MRK";1,907e+09
"1046";2015;"EMN";5,6e+07
"1047";2014;"AMZN";1,991e+09
"1048";2013;"VRTX";218100000
"1049";2014;"EMN";5,3e+07
"1050";2016;"AMZN";3,526e+09
"1051";2016;"JNPR";2,51e+08
"1052";2012;"VRTX";196370000
"1053";2013;"CTXS";130490000
"1054";2016;"BAX";1,36e+08
"1055";2012;"AKAM";17480000
"1056";2013;"AMZN";1,383e+09
"1057";2014;"LVS";1692000
"1058";2016;"MRK";1,659e+09
"1059";2016;"BMY";1,136e+09
"1060";2016;"CELG";7,33e+08
"1061";2013;"DHR";296400000
"1062";2016;"BA";9,17e+08
"1063";2012;"TSLA";68390000
"1064";2016;"AKAM";40840000
"1065";2016;"WY";5e+06
"1066";2013;"BIIB";284340000
"1067";2015;"AMZN";2,754e+09
"1068";2012;"DHR";270100000
"1069";2014;"BAX";3,09e+08
"1070";2012;"AMZN";9,45e+08
"1071";2015;"MCHP";87660000
"1072";2014;"AAPL";1,422e+09
"1073";2015;"ITT";18300000
"1074";2013;"AAPL";1,119e+09
"1075";2014;"LYB";3,2e+07
"1076";2012;"BMRN";73830000
"1077";2012;"AAPL";8,41e+08
"1078";2013;"EBAY";4,34e+08
"1079";2013;"SYK";1,29e+08
"1080";2012;"EBAY";3,74e+08
"1081";2016;"CERN";133530000
"1082";2015;"CTXS";144640000
"1083";2015;"BAX";1,43e+08
"1084";2012;"BIIB";355960000
"1085";2014;"GLW";1,98e+08
"1086";2016;"ITT";19200000
"1087";2012;"CA";1,25e+08
"1088";2016;"ACIW";43600000
"1089";2015;"LYB";2,6e+07
"1090";2015;"BMY";1,016e+09
"1091";2016;"MSI";1,35e+08
"1092";2014;"BMY";9,46e+08
"1093";2015;"MSI";1,59e+08
"1094";2015;"BIIB";460500000
"1095";2012;"MCHP";47710000
"1096";2016;"NFLX";203510000
"1097";2014;"BIIB";528880000
"1098";2015;"NFLX";143110000
"1099";2013;"INTC";2,527e+09
"1100";2012;"INTC";2,401e+09
"1101";2013;"AKAM";21900000
"1102";2016;"BDX";1,82e+08
"1103";2013;"QCOM";1,214e+09
"1104";2015;"BDX";1,29e+08
"1105";2013;"CA";1,15e+08
"1106";2012;"QCOM";9,54e+08
"1107";2014;"CAT";5,08e+08
"1108";2012;"AVB";239000
"1109";2012;"BDX";116750000
"1110";2016;"AMGN";8,72e+08
"1111";2015;"AMGN";8,94e+08
"1112";2015;"BA";7,69e+08
"1113";2014;"BA";8,09e+08
"1114";2015;"AKAM";35830000
"1115";2013;"GILD";497630000
"1116";2014;"AKAM";28230000
"1117";2012;"GILD";458210000
"1118";2012;"CTXS";103620000
"1119";2016;"BMRN";158790000
"1120";2015;"REGN";343110000
"1121";2015;"AAPL";1,918e+09
"1122";2014;"BDX";1,47e+08
"1123";2016;"LYB";2,4e+07
"1124";2016;"BEN";49600000
"1125";2016;"EBAY";2,39e+08
"1126";2013;"REGN";180300000
"1127";2013;"BMRN";83740000
"1128";2015;"EBAY";2,21e+08
"1129";2012;"REGN";138860000
"1130";2014;"EBAY";4,8e+08
"1131";2013;"BEN";44800000
"1132";2012;"SYK";1,12e+08
"1133";2016;"EXPE";291550000
"1134";2014;"CTXS";133620000
"1135";2015;"CA";1,6e+08
"1136";2013;"BAX";2,46e+08
"1137";2014;"CA";1,56e+08
"1138";2012;"BAX";2,69e+08
"1139";2014;"REGN";287380000
"1140";2016;"FB";1,343e+09
"1141";2016;"TRIP";6,1e+07
"1142";2014;"VRTX";238620000
"1143";2015;"FB";1,062e+09
"1144";2015;"TRIP";4,9e+07
"1145";2014;"FB";4,55e+08
"1146";2014;"TRIP";3,8e+07
"1147";2016;"QCOM";1,301e+09
"1148";2013;"FB";2,93e+08
"1149";2013;"TRIP";2,9e+07
"1150";2015;"QCOM";1,375e+09
"1151";2012;"FB";1,53e+08
"1152";2012;"TRIP";17840000
"1153";2014;"QCOM";1,356e+09
"1154";2016;"CAT";5,08e+08
"1155";2015;"CAT";5,24e+08
"1156";2016;"TSLA";182480000
"1157";2013;"BDX";1,22e+08
"1158";2013;"LVS";5351000
"1159";2013;"CAT";5,62e+08
"1160";2012;"LVS";1198000
"1161";2012;"CAT";5,87e+08
"1162";2016;"RTN";1,99e+08
"1163";2015;"RTN";1,42e+08
"1164";2014;"RTN";1,11e+08
"1165";2013;"RTN";1,07e+08
"1166";2012;"RTN";1,68e+08
"1167";2016;"APD";18200000
"1168";2015;"BMRN";142070000
"1169";2014;"BMRN";86170000
"1170";2012;"ALXN";45410000
"1171";2015;"BEN";49900000
"1172";2014;"BEN";5,1e+07
"1173";2016;"JNJ";2,013e+09
"1174";2015;"JNJ";1,899e+09
"1175";2014;"JNJ";1,849e+09
"1176";2016;"GLW";1,9e+08
"1177";2015;"CERN";127270000
"1178";2016;"CA";1,4e+08
"1179";2015;"GLW";1,89e+08
"1180";2014;"CERN";91540000
"1181";2015;"LRCX";217860000
"1182";2013;"CERN";81060000
"1183";2014;"LRCX";185980000
"1184";2013;"GLW";1,78e+08
"1185";2012;"CERN";71140000
"1186";2013;"SIRI";14840000
"1187";2012;"SIRI";12690000
"1188";2016;"ATVI";1,75e+08
"1189";2016;"VRTX";255860000
"1190";2015;"VRTX";215600000
"1191";2016;"BIIB";437300000
"1192";2014;"ATVI";1,43e+08
"1193";2013;"CE";2,6e+07
"1194";2015;"WDC";4,02e+08
"1195";2013;"BMY";9,3e+08
"1196";2012;"CE";2,5e+07
"1197";2014;"WDC";4,18e+08
"1198";2012;"BMY";9,09e+08
"1199";2013;"WDC";3,96e+08
"1200";2015;"JNPR";248700000
"1201";2012;"WDC";2,65e+08
"1202";2014;"JNPR";2,64e+08
"1203";2016;"DHR";226100000
"1204";2015;"DHR";299400000
"1205";2016;"PPG";1,16e+08
"1206";2014;"DHR";313400000
"1207";2015;"PPG";1,19e+08
"1208";2014;"PPG";1,2e+08
"1209";2016;"CLX";3,5e+07
"1210";2016;"BSX";2,1e+08
"1211";2015;"CELG";5,06e+08
"1212";2013;"PPG";1,09e+08
"1213";2015;"CLX";3,4e+07
"1214";2015;"BSX";1,92e+08
"1215";2014;"CELG";713700000
"1216";2012;"PPG";1,1e+08
"1217";2014;"BSX";1,91e+08
"1218";2013;"BSX";2,04e+08
"1219";2012;"MMM";4,11e+08
"1220";2012;"BA";8,35e+08
"1221";2012;"BSX";2,15e+08
"1222";2016;"ALXN";1,76e+08
"1223";2015;"ALXN";221080000
"1224";2014;"APD";33200000
"1225";2016;"SYK";1,59e+08
"1226";2013;"APD";32300000
"1227";2015;"ACIW";37090000
"1228";2012;"APD";29800000
"1229";2014;"ACIW";37460000
"1230";2014;"NEM";4,2e+07
"1231";2013;"ACIW";37150000
"1232";2015;"PX";2,4e+07
"1233";2013;"NEM";5,2e+07
"1234";2012;"ACIW";30930000
"1235";2016;"CMI";1,66e+08
"1236";2012;"NEM";1,02e+08
"1237";2016;"SIRI";19440000
"1238";2015;"CMI";1,95e+08
"1239";2015;"SIRI";14960000
"1240";2014;"CMI";1,9e+08
"1241";2014;"SIRI";15910000
"1242";2013;"CMI";1,82e+08
"1243";2012;"CMI";1,81e+08
"1244";2015;"ATVI";1,45e+08
"1245";2016;"WDC";3,59e+08
"1246";2014;"ABBV";7,72e+08
"1247";2013;"ATVI";1,25e+08
"1248";2013;"ABBV";6,34e+08
"1249";2012;"ATVI";1,14e+08
"1250";2014;"NFLX";110310000
"1251";2013;"EMN";4,9e+07
"1252";2013;"NFLX";91980000
"1253";2012;"EMN";4,1e+07
"1254";2016;"LLY";1,221e+09
"1255";2012;"NFLX";82800000
"1256";2015;"LLY";1,295e+09
"1257";2014;"LLY";1,109e+09
"1258";2013;"LLY";1,348e+09
"1259";2012;"LLY";1,152e+09
"1260";2014;"AMGN";1,027e+09
"1261";2014;"CLX";2,8e+07
"1262";2013;"AMGN";8,78e+08
"1263";2013;"BA";7,05e+08
"1264";2012;"AMGN";7,36e+08
"1265";2015;"EXPE";190460000
"1266";2014;"EXPE";162980000
"1267";2016;"REGN";470110000
"1268";2013;"EXPE";138280000
"1269";2015;"APD";35800000
"1270";2016;"MSFT";2,98e+09
"1271";2013;"ALXN";74540000
"1272";2016;"TMO";176500000
"1273";2015;"MSFT";2,984e+09
"1274";2014;"MSFT";2,743e+09
"1275";2013;"MSFT";2,64e+09
"1276";2016;"PX";2,3e+07
"1277";2012;"MSFT";2,517e+09
"1278";2012;"BEN";43300000
"1279";2014;"PX";2,3e+07
"1280";2013;"PX";2,4e+07
"1281";2016;"LRCX";221490000
"1282";2012;"PX";2,4e+07
"1283";2016;"ISRG";53200000
"1284";2013;"LRCX";174210000
"1285";2012;"LRCX";113450000
"1286";2016;"CE";1,9e+07
"1287";2015;"CE";2e+07
"1288";2014;"CE";2,2e+07
"1289";2012;"ABBV";7,92e+08
"1290";2013;"SYMC";2,81e+08
"1291";2012;"SYMC";2,41e+08
"1292";2016;"SLB";2,4e+08
"1293";2016;"IBM";1,458e+09
"1294";2016;"MYL";253600000
"1295";2015;"SLB";2,67e+08
"1296";2015;"IBM";1,298e+09
"1297";2015;"MYL";169900000
"1298";2014;"SLB";2,84e+08
"1299";2015;"TSLA";167150000
"1300";2014;"TSLA";81540000
"1301";2016;"MMM";4,5e+08
"1302";2012;"IBM";1,601e+09
"1303";2012;"MYL";80960000
"1304";2015;"MMM";4,63e+08
"1305";2014;"MMM";4,52e+08
"1306";2013;"CELG";452400000
"1307";2015;"WY";5e+06
"1308";2012;"CELG";3,62e+08
"1309";2014;"WY";7e+06
"1310";2016;"PCAR";59600000
"1311";2013;"WY";7e+06
"1312";2015;"PCAR";56200000
"1313";2014;"ALXN";191460000
"1314";2014;"PCAR";52700000
"1315";2013;"PCAR";72100000
"1316";2012;"PCAR";72300000
"1317";2016;"AGN";403100000
"1318";2013;"LYB";3,6e+07
"1319";2015;"AGN";317700000
"1320";2012;"LYB";3,9e+07
"1321";2014;"AGN";171500000
"1322";2016;"TXN";3,22e+08
"1323";2016;"MXIM";119180000
"1324";2015;"TXN";3,38e+08
"1325";2015;"MXIM";123910000
"1326";2014;"TXN";3,66e+08
"1327";2014;"MXIM";141490000
"1328";2013;"TXN";4,19e+08
"1329";2015;"ISRG";44400000
"1330";2012;"GLW";1,84e+08
"1331";2013;"MXIM";134140000
"1332";2012;"TXN";5,09e+08
"1333";2014;"ISRG";4,3e+07
"1334";2012;"MXIM";136080000
"1335";2013;"ISRG";41600000
"1336";2016;"ABBV";9,56e+08
"1337";2012;"ISRG";38400000
"1338";2015;"ABBV";9,38e+08
"1339";2013;"XRX";1,54e+08
"1340";2016;"WAT";29440000
"1341";2015;"WAT";28950000
"1342";2013;"JNPR";262200000
"1343";2016;"UTX";5,41e+08
"1344";2016;"ABT";3,79e+08
"1345";2012;"JNPR";269600000
"1346";2015;"UTX";5,64e+08
"1347";2015;"ABT";3,13e+08
"1348";2016;"XRX";1,26e+08
"1349";2014;"IBM";1,402e+09
"1350";2014;"MYL";1,18e+08
"1351";2013;"SLB";2,92e+08
"1352";2013;"IBM";1,644e+09
"1353";2013;"MYL";126500000
"1354";2012;"SLB";2,75e+08
"1355";2012;"UTX";5,44e+08
"1356";2012;"ABT";363710000
"1357";2014;"ILMN";77040000
"1358";2015;"ZBH";48300000
"1359";2013;"VMW";2,71e+08
"1360";2013;"ILMN";61450000
"1361";2014;"ZBH";47400000
"1362";2012;"VMW";222390000
"1363";2012;"ILMN";48840000
"1364";2013;"MMM";4,3e+08
"1365";2012;"WY";7e+06
"1366";2016;"VMW";3,56e+08
"1367";2016;"ILMN";1,24e+08
"1368";2016;"NEM";2,7e+07
"1369";2015;"SYK";1,52e+08
"1370";2015;"ILMN";91770000
"1371";2015;"NEM";2,8e+07
"1372";2014;"SYK";1,5e+08
"1373";2013;"TMO";98200000
"1374";2012;"XRX";1,73e+08
"1375";2013;"ZBH";53500000
"1376";2012;"ZBH";59600000
"1377";2012;"XLNX";115240000
"1378";2014;"TMO";149700000
"1379";2016;"ZBH";85700000
"1380";2014;"VMW";2,93e+08
"1381";2013;"WAT";25310000
"1382";2012;"TMO";91700000
"1383";2014;"WAT";24750000
"1384";2016;"NOW";65920000
"1385";2015;"NOW";49850000
"1386";2012;"WAT";23350000
"1387";2014;"NOW";31110000
"1388";2012;"EXPE";108910000
"1389";2013;"NOW";16040000
"1390";2014;"UTX";6,24e+08
"1391";2014;"ABT";3,69e+08
"1392";2015;"XRX";1,41e+08
"1393";2013;"UTX";6,1e+08
"1394";2013;"ABT";3,46e+08
"1395";2014;"XRX";1,45e+08
"1396";2012;"EXR";609000
"1397";2014;"PFE";1,623e+09
"1398";2014;"XLNX";127810000
"1399";2013;"CLX";3,4e+07
"1400";2012;"NOW";6043000
"1401";2015;"PFE";1,885e+09
"1402";2015;"XLNX";131940000
"1403";2012;"CLX";3e+07
"1404";2015;"TMO";165800000
"1405";2015;"KLAC";124580000
"1406";2013;"AGN";132100000
"1407";2014;"KLAC";134160000
"1408";2013;"PFE";1,71e+09
"1409";2013;"XLNX";111130000
"1410";2016;"KLAC";115590000
"1411";2015;"VMW";3,05e+08
"1412";2012;"AGN";88500000
"1413";2013;"JNJ";1,848e+09
"1414";2012;"JNJ";1,645e+09
"1415";2012;"PFE";2,062e+09
"1416";2016;"XLNX";135640000
"1417";2016;"PFE";1,731e+09
"1418";2013;"KLAC";118790000
"1419";2012;"KLAC";110100000
"1420";2012;"RHT";59880000
"1421";2016;"ORCL";1,534e+09
"1422";2013;"RHT";73800000
"1423";2016;"ADBE";232480000
"1424";2012;"ADBE";180900000
"1425";2015;"ADBE";208050000
"1426";2016;"RHT";115020000
"1427";2014;"ADBE";209090000
"1428";2016;"MU";3,82e+08
"1429";2013;"ADBE";203100000
"1430";2015;"RHT";97430000
"1431";2014;"RHT";89940000
"1432";2015;"MU";4,06e+08
"1433";2015;"ORCL";1,436e+09
"1434";2015;"MON";3,74e+08
"1435";2014;"MU";3,49e+08
"1436";2014;"ORCL";1,348e+09
"1437";2014;"MON";4,27e+08
"1438";2013;"ORCL";1,264e+09
"1439";2013;"MON";3,92e+08
"1440";2016;"MON";3,87e+08
"1441";2012;"ORCL";1,226e+09
"1442";2012;"MON";3,75e+08
"1443";2013;"MU";2,26e+08
"1444";2012;"MU";2,31e+08
"1445";2016;"ORCL";1,51e+09
"1446";2015;"ADBE";220510000
"1447";2014;"ADBE";213690000
"1448";2016;"MU";4,7e+08
"1449";2012;"RHT";68660000
"1450";2012;"ADBE";195050000
"1451";2013;"ORCL";1,273e+09
"1452";2013;"ADBE";205200000
"1453";2014;"ORCL";1,389e+09
"1454";2015;"MU";4,21e+08
"1455";2015;"ORCL";1,444e+09
"1456";2016;"ADBE";257850000
"1457";2013;"RHT";82520000
"1458";2016;"RHT";122470000
"1459";2013;"MU";3,2e+08
"1460";2016;"MON";3,7e+08
"1461";2012;"ORCL";1,199e+09
"1462";2012;"MON";3,46e+08
"1463";2014;"MU";3,76e+08
"1464";2015;"RHT";104910000
"1465";2015;"MON";3,64e+08
"1466";2012;"MU";2,24e+08
"1467";2014;"RHT";90610000
"1468";2014;"MON";4,12e+08
"1469";2013;"MON";4,09e+08
"1470";2016;"A";8,4e+07
"1471";2015;"WDAY";124020000
"1472";2014;"A";9,7e+07
"1473";2012;"CPB";2,7e+07
"1474";2012;"A";1,78e+08
"1475";2015;"A";8,2e+07
"1476";2015;"DE";4,04e+08
"1477";2014;"WDAY";85270000
"1478";2013;"A";-1,94e+08
"1479";2012;"WDAY";28080000
"1480";2015;"CRM";239210000
"1481";2014;"CRM";195460000
"1482";2016;"CSCO";1,545e+09
"1483";2013;"AMAT";3,38e+08
"1484";2016;"CRM";311460000
"1485";2015;"CSCO";1,56e+09
"1486";2012;"AMAT";3,04e+08
"1487";2012;"CRM";114070000
"1488";2014;"CSCO";1,583e+09
"1489";2016;"INTU";2,46e+08
"1490";2016;"ADI";172930000
"1491";2013;"CRM";170690000
"1492";2015;"INTU";2,13e+08
"1493";2016;"ADSK";192600000
"1494";2014;"INTU";1,89e+08
"1495";2016;"CPB";2,7e+07
"1496";2015;"CPB";3,2e+07
"1497";2014;"DE";412100000
"1498";2013;"WDAY";49350000
"1499";2014;"CPB";2,8e+07
"1500";2013;"DE";405200000
"1501";2012;"INTU";1,68e+08
"1502";2013;"CPB";3,1e+07
"1503";2012;"DE";401300000
"1504";2015;"ADSK";197900000
"1505";2014;"ADSK";183900000
"1506";2012;"CSCO";1,431e+09
"1507";2013;"ADSK";1,49e+08
"1508";2016;"DE";3,86e+08
"1509";2012;"ADSK";1,53e+08
"1510";2013;"CSCO";1,724e+09
"1511";2012;"ADI";130230000
"1512";2015;"ADI";170740000
"1513";2016;"WDAY";185310000
"1514";2014;"ADI";154800000
"1515";2013;"INTU";1,76e+08
"1516";2016;"AMAT";3,94e+08
"1517";2016;"NVDA";3,73e+08
"1518";2015;"AMAT";3,63e+08
"1519";2014;"AMAT";3,6e+08
"1520";2015;"NVDA";3,29e+08
"1521";2013;"ADI";130980000
"1522";2013;"NVDA";340290000
"1523";2014;"NVDA";3,4e+08
"1524";2012;"NVDA";284180000
"1525";2014;"WDC";4,37e+08
"1526";2013;"WDC";4,01e+08
"1527";2012;"VRTX";200160000
"1528";2012;"IBM";1,534e+09
"1529";2012;"CE";2,3e+07
"1530";2016;"JNPR";251800000
"1531";2014;"VRTX";190940000
"1532";2016;"GILD";1,141e+09
"1533";2012;"BMY";9,51e+08
"1534";2015;"WDC";3,85e+08
"1535";2016;"NEM";3,4e+07
"1536";2014;"JNJ";2,023e+09
"1537";2016;"MMM";4,27e+08
"1538";2014;"NEM";3,6e+07
"1539";2013;"VRTX";219440000
"1540";2012;"ACIW";34210000
"1541";2012;"AKAM";19350000
"1542";2015;"PFE";1,722e+09
"1543";2016;"MYL";199100000
"1544";2015;"MYL";174800000
"1545";2015;"MMM";4,29e+08
"1546";2015;"CLX";3e+07
"1547";2012;"BMRN";66210000
"1548";2015;"NEM";3,1e+07
"1549";2013;"BMRN";88060000
"1550";2015;"SYMC";1,99e+08
"1551";2014;"SYMC";2,76e+08
"1552";2016;"CA";1,36e+08
"1553";2012;"WDC";3,96e+08
"1554";2013;"CE";2,4e+07
"1555";2016;"SYMC";2e+08
"1556";2014;"MYL";158200000
"1557";2012;"NFLX";82520000
"1558";2016;"BDX";2,53e+08
"1559";2013;"TXN";3,68e+08
"1560";2013;"UTX";6,3e+08
"1561";2013;"CAT";4,69e+08
"1562";2013;"DHR";309100000
"1563";2016;"CLX";3,1e+07
"1564";2016;"BSX";2,32e+08
"1565";2012;"DHR";289500000
"1566";2015;"BSX";2,21e+08
"1567";2014;"MMM";4,34e+08
"1568";2014;"CLX";3e+07
"1569";2012;"CTXS";114710000
"1570";2016;"AAPL";2,57e+09
"1571";2015;"UTX";5,46e+08
"1572";2014;"UTX";6,4e+08
"1573";2012;"ALXN";54280000
"1574";2012;"AAPL";9,06e+08
"1575";2012;"SYK";1,14e+08
"1576";2016;"QCOM";1,229e+09
"1577";2012;"CLX";3e+07
"1578";2013;"CTXS";127050000
"1579";2014;"TXN";3,32e+08
"1580";2015;"BMRN";158710000
"1581";2014;"XLNX";138340000
"1582";2014;"BMRN";125690000
"1583";2013;"XLNX";1,25e+08
"1584";2016;"ACIW";42210000
"1585";2012;"PFE";1,887e+09
"1586";2012;"XLNX";113890000
"1587";2013;"AAPL";1,168e+09
"1588";2014;"CE";2,2e+07
"1589";2013;"BMY";8,93e+08
"1590";2015;"BIIB";519900000
"1591";2013;"ABBV";9,34e+08
"1592";2014;"BIIB";417170000
"1593";2012;"ABBV";8,13e+08
"1594";2013;"BIIB";410020000
"1595";2012;"BIIB";304220000
"1596";2016;"LVS";3e+06
"1597";2015;"BDX";1,96e+08
"1598";2013;"PFE";1,627e+09
"1599";2014;"BDX";1,4e+08
"1600";2013;"BDX";1,32e+08
"1601";2012;"BDX";128030000
"1602";2012;"LVS";4201000
"1603";2012;"TSLA";61900000
"1604";2014;"CELG";675100000
"1605";2016;"CTXS";101740000
"1606";2014;"BSX";2,12e+08
"1607";2013;"MMM";4,2e+08
"1608";2014;"CTXS";137880000
"1609";2016;"ALXN";1,95e+08
"1610";2016;"BMRN";160830000
"1611";2016;"EBAY";2,88e+08
"1612";2014;"AAPL";1,686e+09
"1613";2012;"LLY";1,343e+09
"1614";2014;"EBAY";2,46e+08
"1615";2016;"JNJ";2,178e+09
"1616";2013;"EBAY";4,33e+08
"1617";2016;"CERN";136760000
"1618";2016;"CMI";1,57e+08
"1619";2015;"CMI";1,97e+08
"1620";2015;"CA";1,51e+08
"1621";2014;"CMI";1,98e+08
"1622";2013;"CERN";8,3e+07
"1623";2014;"CA";1,5e+08
"1624";2013;"BAX";2,77e+08
"1625";2012;"CERN";78090000
"1626";2013;"CA";1,42e+08
"1627";2012;"BAX";2,9e+08
"1628";2012;"CA";1,23e+08
"1629";2016;"BMY";1,138e+09
"1630";2015;"EBAY";2,41e+08
"1631";2015;"BMY";1,132e+09
"1632";2015;"VRTX";246280000
"1633";2012;"ISRG";49700000
"1634";2014;"BMY";9,83e+08
"1635";2016;"INTC";3,069e+09
"1636";2015;"INTC";2,927e+09
"1637";2016;"AKAM";42340000
"1638";2014;"INTC";2,842e+09
"1639";2015;"AKAM";38400000
"1640";2013;"INTC";2,742e+09
"1641";2013;"AKAM";24860000
"1642";2016;"UTX";5,82e+08
"1643";2016;"IBM";1,397e+09
"1644";2012;"JNPR";288200000
"1645";2016;"DHR";241100000
"1646";2015;"IBM";1,287e+09
"1647";2015;"DHR";212200000
"1648";2014;"IBM";1,354e+09
"1649";2013;"ABT";3,39e+08
"1650";2013;"IBM";1,356e+09
"1651";2013;"MYL";1,14e+08
"1652";2012;"ABT";350650000
"1653";2012;"SLB";2,91e+08
"1654";2012;"MYL";108250000
"1655";2015;"CTXS";139130000
"1656";2012;"MMM";3,97e+08
"1657";2012;"CELG";441500000
"1658";2012;"BSX";2,2e+08
"1659";2016;"KLAC";129230000
"1660";2015;"KLAC";119940000
"1661";2015;"AAPL";2,22e+09
"1662";2016;"SYK";1,84e+08
"1663";2016;"ILMN";1,26e+08
"1664";2015;"ACIW";36120000
"1665";2014;"ACIW";36320000
"1666";2016;"AGN";622800000
"1667";2013;"SYK";1,36e+08
"1668";2012;"ILMN";54060000
"1669";2012;"EBAY";3,89e+08
"1670";2014;"AGN";276600000
"1671";2016;"BAX";1,59e+08
"1672";2016;"TXN";3,53e+08
"1673";2013;"JNJ";2,22e+09
"1674";2015;"BAX";1,48e+08
"1675";2015;"TXN";3,16e+08
"1676";2016;"PFE";1,881e+09
"1677";2012;"JNJ";2,602e+09
"1678";2014;"BAX";1,49e+08
"1679";2015;"XLNX";130220000
"1680";2016;"MAT";54680000
"1681";2014;"PFE";1,802e+09
"1682";2016;"MCHP";137800000
"1683";2012;"SIRI";13510000
"1684";2015;"MCHP";95260000
"1685";2014;"MCHP";88810000
"1686";2013;"MCHP";78250000
"1687";2016;"EMN";5,4e+07
"1688";2014;"ABBV";1,12e+09
"1689";2015;"EMN";5,9e+07
"1690";2015;"TRIP";5,4e+07
"1691";2014;"EMN";5,6e+07
"1692";2014;"TRIP";4,6e+07
"1693";2013;"TRIP";3,4e+07
"1694";2013;"SYMC";2,48e+08
"1695";2015;"AMZN";3,197e+09
"1696";2016;"LLY";1,236e+09
"1697";2014;"AMZN";2,423e+09
"1698";2016;"CAT";4,53e+08
"1699";2015;"LLY";1,143e+09
"1700";2015;"CAT";5,13e+08
"1701";2014;"LLY";1,338e+09
"1702";2014;"CAT";5,33e+08
"1703";2013;"LLY";1,377e+09
"1704";2012;"MRK";1,918e+09
"1705";2016;"CELG";1,653e+09
"1706";2012;"CAT";6,34e+08
"1707";2015;"AMGN";1,119e+09
"1708";2015;"CELG";1,304e+09
"1709";2016;"WAT";30420000
"1710";2015;"GILD";7,43e+08
"1711";2013;"CELG";584500000
"1712";2013;"CLX";3,1e+07
"1713";2013;"BSX";2,17e+08
"1714";2015;"ALXN";165660000
"1715";2016;"APD";17800000
"1716";2016;"MSFT";3,106e+09
"1717";2016;"LYB";2,5e+07
"1718";2015;"MSFT";2,962e+09
"1719";2015;"LYB";2,5e+07
"1720";2015;"SYK";1,55e+08
"1721";2015;"ILMN";99230000
"1722";2014;"LYB";3,1e+07
"1723";2014;"SYK";1,53e+08
"1724";2014;"ILMN";85080000
"1725";2013;"ACIW";33640000
"1726";2013;"ILMN";70960000
"1727";2015;"CERN";132810000
"1728";2015;"GLW";1,81e+08
"1729";2016;"XLNX";141810000
"1730";2014;"GLW";1,99e+08
"1731";2013;"CMI";1,73e+08
"1732";2012;"CMI";1,86e+08
"1733";2016;"CE";2e+07
"1734";2015;"CE";1,9e+07
"1735";2015;"ABBV";1,418e+09
"1736";2016;"BIIB";5,29e+08
"1737";2014;"ATVI";1,31e+08
"1738";2016;"AMZN";4,135e+09
"1739";2015;"JNPR";2,47e+08
"1740";2014;"JNPR";253200000
"1741";2013;"JNPR";264600000
"1742";2015;"LVS";3147000
"1743";2014;"LVS";3043000
"1744";2016;"XRX";1,18e+08
"1745";2016;"ITT";18600000
"1746";2014;"DHR";288100000
"1747";2014;"TSLA";135870000
"1748";2013;"TSLA";56350000
"1749";2016;"BA";8,57e+08
"1750";2015;"BA";8,57e+08
"1751";2014;"RTN";1,21e+08
"1752";2014;"GILD";6,3e+08
"1753";2013;"RTN";1,14e+08
"1754";2013;"GILD";546240000
"1755";2012;"RTN";1,81e+08
"1756";2012;"GILD";465830000
"1757";2014;"PCAR";50500000
"1758";2015;"APD";-27800000
"1759";2013;"PCAR";56600000
"1760";2014;"APD";39300000
"1761";2012;"PCAR";66800000
"1762";2016;"ZBH";95600000
"1763";2014;"BEN";60800000
"1764";2015;"ZBH";83300000
"1765";2013;"LYB";3,5e+07
"1766";2015;"JNJ";2,164e+09
"1767";2013;"NEM";6,7e+07
"1768";2012;"LYB";3,9e+07
"1769";2012;"VMW";2,6e+08
"1770";2016;"SE";5591000
"1771";2012;"NEM";7,4e+07
"1772";2014;"CERN";97030000
"1773";2016;"MXIM";112750000
"1774";2015;"MXIM";121390000
"1775";2014;"SIRI";16140000
"1776";2013;"GLW";1,84e+08
"1777";2012;"TXN";4,63e+08
"1778";2016;"ATVI";2,49e+08
"1779";2016;"ABBV";1,186e+09
"1780";2015;"ATVI";1,59e+08
"1781";2016;"TRIP";6,2e+07
"1782";2012;"MCHP";64080000
"1783";2016;"NFLX";216100000
"1784";2015;"FB";1,271e+09
"1785";2012;"ITT";15100000
"1786";2015;"NFLX";171760000
"1787";2014;"FB";6,08e+08
"1788";2014;"NFLX";120950000
"1789";2014;"AKAM";32580000
"1790";2013;"NFLX";95540000
"1791";2016;"MRK";1,664e+09
"1792";2015;"MRK";1,5e+09
"1793";2016;"ABT";3,52e+08
"1794";2013;"QCOM";1,349e+09
"1795";2014;"MRK";1,659e+09
"1796";2015;"ABT";3,78e+08
"1797";2012;"QCOM";1,114e+09
"1798";2013;"MRK";1,66e+09
"1799";2014;"ABT";3,05e+08
"1800";2016;"PPG";1,15e+08
"1801";2015;"XRX";1,35e+08
"1802";2013;"SLB";2,86e+08
"1803";2016;"AMGN";9,9e+08
"1804";2014;"ITT";20100000
"1805";2013;"ITT";16100000
"1806";2016;"WY";5e+06
"1807";2014;"BA";7,5e+08
"1808";2013;"BA";7,55e+08
"1809";2012;"BA";8,53e+08
"1810";2012;"WAT";23760000
"1811";2013;"WY";8e+06
"1812";2013;"EXPE";143820000
"1813";2015;"REGN";425920000
"1814";2012;"WY";8e+06
"1815";2013;"ALXN";88210000
"1816";2016;"VMW";3,89e+08
"1817";2013;"REGN";224040000
"1818";2012;"KLAC";119740000
"1819";2015;"VMW";3,31e+08
"1820";2014;"VMW";3,27e+08
"1821";2016;"PX";2,2e+07
"1823";2013;"VMW";2,66e+08
"1824";2015;"AGN";1,26e+09
"1825";2013;"ATVI";1,4e+08
"1826";2014;"ZBH";45900000
"1827";2012;"TMO";9,2e+07
"1828";2012;"ATVI";1,25e+08
"1829";2016;"GLW";1,87e+08
"1830";2012;"AGN";112500000
"1831";2016;"WDC";6,39e+08
"1832";2015;"MSI";1,53e+08
"1833";2016;"FB";1,542e+09
"1834";2014;"MSI";1,66e+08
"1835";2013;"PPG";1,17e+08
"1836";2013;"MSI";1,83e+08
"1837";2016;"EXPE";301450000
"1838";2012;"MSI";2,62e+08
"1839";2013;"FB";3,69e+08
"1840";2013;"EMN";4,8e+07
"1841";2012;"TRIP";23540000
"1842";2012;"SYMC";2,47e+08
"1843";2014;"QCOM";1,364e+09
"1844";2016;"SLB";2,53e+08
"1845";2015;"SLB";2,73e+08
"1846";2014;"REGN";337730000
"1847";2016;"TSLA";214300000
"1848";2014;"SLB";3,01e+08
"1849";2013;"LVS";3487000
"1850";2015;"ITT";1,8e+07
"1851";2012;"UTX";5,9e+08
"1852";2016;"RTN";1,79e+08
"1853";2014;"PPG";1,2e+08
"1854";2015;"RTN";1,83e+08
"1855";2013;"TMO";95900000
"1857";2015;"PX";2,3e+07
"1858";2014;"WAT";27280000
"1859";2015;"EXPE";202700000
"1860";2013;"WAT";23600000
"1861";2014;"EXPE";172750000
"1862";2016;"PCAR";59200000
"1863";2015;"NOW";55820000
"1864";2015;"PCAR";57600000
"1865";2016;"BEN";5,6e+07
"1866";2015;"BEN";64900000
"1867";2014;"MSFT";3,065e+09
"1868";2013;"APD";34600000
"1869";2012;"REGN";158300000
"1870";2015;"TMO";171600000
"1871";2013;"MSFT";2,767e+09
"1872";2012;"APD";36100000
"1873";2012;"MSFT";2,46e+09
"1874";2014;"AMGN";1,018e+09
"1875";2012;"PPG";1,12e+08
"1876";2013;"AMGN";9,89e+08
"1877";2013;"ZBH";49400000
"1878";2016;"SIRI";19250000
"1879";2012;"ZBH";53500000
"1880";2014;"MXIM";140360000
"1881";2013;"LRCX";170570000
"1882";2012;"LRCX";163310000
"1883";2012;"MXIM";132930000
"1884";2013;"ISRG";43200000
"1885";2016;"MSI";1,37e+08
"1886";2013;"XRX";1,45e+08
"1887";2012;"XRX";1,61e+08
"1888";2012;"INTC";2,605e+09
"1889";2013;"AMZN";1,734e+09
"1890";2014;"ALXN";100660000
"1891";2012;"AMZN";1,192e+09
"1892";2015;"TSLA";178790000
"1893";2015;"PPG";1,17e+08
"1894";2014;"XRX";1,39e+08
"1895";2014;"TMO";175200000
"1896";2014;"WY";5e+06
"1897";2014;"PX";2,5e+07
"1898";2013;"AGN";163700000
"1899";2016;"NOW";75020000
"1900";2012;"EMN";5,2e+07
"1901";2016;"ISRG";62600000
"1902";2013;"SIRI";13010000
"1903";2015;"ISRG";5,1e+07
"1904";2012;"EXPE";125620000
"1905";2016;"TMO";183300000
"1906";2015;"SIRI";16130000
"1907";2013;"PX";2,4e+07
"1908";2012;"PX";2,4e+07
"1909";2015;"LRCX";234210000
"1910";2013;"KLAC";132270000
"1911";2013;"MXIM";129900000
"1912";2015;"QCOM";1,357e+09
"1913";2014;"ISRG";47500000
"1914";2012;"AMGN";8,8e+08
"1915";2015;"WY";4e+06
"1916";2012;"FB";2,44e+08
"1917";2016;"REGN";543050000
"1918";2014;"NOW";39680000
"1919";2014;"KLAC";143640000
"1920";2012;"NOW";10780000
"1921";2015;"WAT";30700000
"1922";2012;"GLW";1,82e+08
"1923";2016;"LRCX";235240000
"1924";2014;"LRCX";188930000
"1925";2016;"VRTX";272370000
"1926";2013;"NOW";20820000
