"";"Companies";"YearFinancialIndicator";"ROA";"TobinsQ";"ROE";"YearNewsWeekGR";"EnergyProductivity";"CarbonProductivity";"WaterProductivity";"WasteProductivity";"Green.Revenue";"SustainabilityPayLink";"SustainableThemedCommitment";"AuditScore";"FirmSize";"Leverage";"NetMargin";"Industry"
"1";1;2012;0,12;0,79;0,24;2014;0,79;0,72;0,54;0,57;0,84;1;0;1;10,02;0,41;0,17;5
"2";2;2012;0,09;0,09;0,35;2014;0,05;0,14;0,16;0,23;0,28;1;1;0;10,37;0,5;0,06;6
"3";3;2012;0,24;1,15;0,36;2014;0;0;0;0;0;0;0;0;9,66;0,5;0,25;1
"4";4;2012;0,29;2,42;0,43;2014;0,92;0,96;0,96;0,94;0,01;0;0;0;11,29;3,18;0,22;7
"5";5;2012;0,02;NA;0,13;2014;0,22;0,13;0,07;0,16;0,2;1;0;1;10,43;0,62;0;5
"6";6;2012;0,09;0,76;0,23;2014;0;0;0;0;0,64;0;0;0;10,19;0,68;0,15;5
"7";7;2012;0,04;0,77;0,1;2014;0,12;0,08;0,15;0,35;0,19;1;0;1;10,83;0,69;0,3;5
"8";8;2012;0,09;1,59;0,13;2014;0,2;0,43;0,4;0,02;0,67;0;1;1;9,1;0,22;0,19;6
"9";9;2012;0,12;1,54;0,16;2014;0,83;0,87;0,99;0,92;0,51;1;1;1;10;0,19;0,24;7
"10";10;2012;0,03;1,48;0,07;2014;0,55;0,48;0,59;0,3;0,86;0;1;1;9,75;0,34;0,02;7
"11";11;2012;0,04;0,27;0,22;2014;0,06;0,09;0,55;0;0,19;0;1;0;10,65;0,36;0,13;2
"12";12;2012;0,04;0,77;0,23;2014;0,47;0,38;0,61;0;1;0;1;0;10,52;3,88;0,12;7
"13";13;2012;0,07;0,65;0,12;2014;0;0;0;0;0;0;0;0;10,08;8,91;0,11;7
"14";14;2012;-0,04;1,89;-0,14;2014;0,63;0,94;0,3;0,62;1;0;0;1;9,54;1,05;0,13;7
"15";15;2012;0,02;0,56;0,08;2014;0,52;0,03;0;0;0,29;1;1;0;10,34;1,02;0,08;11
"16";16;2012;0,04;0,71;0,16;2014;0,02;0,02;0,03;0;0,07;1;1;0;10,74;1,02;0,05;11
"17";17;2012;0,02;0,52;0,19;2014;0,65;0,74;0;0;0,74;0;1;0;10,62;0,62;0,11;5
"18";18;2012;0,02;0,28;0,19;2014;0,85;0,63;0;0;0,82;0;1;1;11,12;0,27;0,11;4
"19";19;2012;0,01;0,7;0,03;2014;0,72;0,85;0,61;0,82;1;1;1;1;9,96;1,63;0,05;5
"20";20;2012;0,08;NA;0,09;2014;0;0;0;0;0,65;0;1;0;11,74;0,49;0,15;4
"21";21;2012;0,02;2,6;0,12;2014;0,03;0,12;0;0,68;0,82;0;1;1;9,42;0;0,07;7
"22";22;2012;0,11;0,14;0,15;2014;0,19;0,21;0,31;0,72;0,87;0;1;1;11,1;0,05;0,22;4
"23";23;2012;0,01;6,59;0,01;2014;0;0;0;0;0,63;0;0;0;9,42;0,27;0,01;5
"24";24;2012;0,09;0,97;0,19;2014;0,61;0,65;0,72;0,32;0,89;1;1;0;10,08;0,45;0,14;7
"25";25;2012;0,03;1,93;0,09;2014;0;0;0;0;0;0;0;0;9,72;0,78;0,1;6
"26";26;2012;0,08;1,29;0,23;2014;0;0;0;0;0,89;0;0;0;9,79;1,26;0,25;4
"27";27;2012;0,01;1,22;0,11;2014;0,64;0,51;0,52;0,43;0,6;0;1;1;10,73;1,26;0,1;5
"28";28;2012;0,01;0,11;0,11;2014;0;0;0;0;0,86;0;0;0;11,13;0,81;0,1;4
"29";29;2012;0,05;2,15;0,18;2014;0;0;0;0;0;0;0;0;10,15;2,43;0,22;4
"30";30;2012;0;3,52;-0,01;2014;0;0;0;0;0,07;0;0;0;10,51;0,47;0;1
"31";31;2012;0,07;0,55;0,19;2014;0;0;0;0;0,34;0;1;0;10,03;0,37;0,02;3
"32";32;2012;0,03;0,72;0,07;2014;0,49;0,18;0,06;0;0,3;0;0;1;10,78;0,38;0,11;3
"33";33;2012;0,04;0,91;0,12;2014;0,58;0,1;0,61;0;0,14;0;1;1;10,72;0,64;0,18;3
"34";34;2012;0,07;1,12;0,19;2014;0,07;0,17;0,23;0,92;0,69;1;1;1;10,24;0,81;0,12;8
"35";35;2012;0,11;NA;0,24;2014;0;0;0;0;0,59;0;0;0;9,72;0,66;0,13;7
"36";36;2012;0,09;0,58;0,1;2014;0;0;0;0;0;0;0;0;10,15;0,2;0,23;7
"37";37;2012;0,05;1,53;0,08;2014;0;0;0;0;0;0;0;0;10,05;0,56;0,41;4
"38";38;2012;0,02;0,83;0,08;2014;0,62;0,62;0;0;0,55;1;1;0;10,17;1,17;0,12;11
"39";39;2012;0,03;0,44;0,23;2014;0,58;0,63;0,3;0,07;0,57;0;0;0;11,19;3,12;0,14;4
"40";40;2012;0,15;2,89;-0,65;2014;0;0;0;0;0;0;0;0;9,81;-2,39;0,11;1
"41";41;2012;0,05;0,6;0,64;2014;0,69;0,78;0,84;0;0,05;0;1;1;10,95;1,53;0,05;6
"42";42;2012;0;0,11;0,01;2014;0,12;0,2;0,05;0,04;0,02;1;1;1;12,34;1,26;0,03;4
"43";43;2012;0,12;NA;0,34;2014;0,1;0,18;0,05;0,16;0,32;1;1;1;10,31;0,8;0,16;5
"44";44;2012;0,17;1,75;0,26;2014;0;0;0;0;0,59;0;0;0;9,81;0;0,1;1
"45";45;2012;0,01;0,27;0,1;2014;0;0;0;0;0,72;0;0;0;11,26;1;0,2;4
"46";46;2012;-0,09;0,32;-0,43;2014;0,68;0,6;0;0,72;0,49;0;1;1;10,24;0,33;0,03;1
"47";47;2012;0,13;NA;0,27;2014;0;0;0;0;0,29;0;0;0;9,62;0,73;0,18;5
"48";48;2012;0,14;1,33;0,35;2014;0,1;0,14;0,06;0,31;0,38;0;0;0;10,07;0,84;0,2;5
"49";49;2012;0,14;1,39;0,22;2014;0,65;0,48;0;0;0,78;0;0;0;10,16;0,31;0,27;4
"50";50;2012;0,15;3,16;0,26;2014;0,31;0,6;0,44;0;0,91;1;1;1;9,58;0,22;0,15;2
"51";51;2012;0;0,34;0;2014;0,21;0,36;0,41;0,47;0,22;0;0;0;10,45;0,35;0;2
"52";52;2012;0,05;NA;0,08;2014;0,75;0,75;0,61;0,14;0,85;1;1;1;10,43;0,22;0,06;3
"53";53;2012;0,15;3,06;0,21;2014;0,69;0,83;0,85;0,97;0,53;1;0;1;10,01;0,1;0,25;5
"54";54;2012;0,01;-0,18;0,07;2014;0,15;0,26;0,41;0,4;0,72;1;1;1;11,56;0,56;0,17;4
"55";55;2012;0,33;NA;0,5;2014;0;0;0;0;0;0;0;0;8,79;0;0,14;3
"56";56;2012;0,01;0,19;0,1;2014;0,75;0,71;0;0;0,29;1;0;0;11,3;0,22;0,26;4
"57";57;2012;0,06;1,22;0,34;2014;0,7;0,75;0,76;0,83;0,89;1;1;1;9,88;2,77;0,05;8
"58";58;2012;-0,08;3,79;-0,13;2014;0;0;0;0;0;0;0;0;9,2;0,32;-0,23;5
"59";59;2012;0,06;1,63;0,13;2014;0,18;0,34;0,49;0,28;0,46;1;1;1;10,56;0,48;0,11;5
"60";60;2012;0,04;0,58;0,08;2014;0;0;0;0;0,1;0;0;0;11,63;0,02;0,09;4
"61";61;2012;-0,22;0,63;-0,5;2014;0;0,27;0,44;0,49;0,31;0;1;0;10,23;0,62;-0,56;5
"62";62;2012;0,08;1,29;0,17;2014;0;0;0;0;0;0;0;0;9,81;0,27;0,07;1
"63";63;2012;0,01;0,31;0,03;2014;0;0;0;0;0,6;0;0;0;10,46;1,59;0,05;4
"64";64;2012;0,02;1,5;0,06;2014;0;0;0;0;0;0;0;0;10,19;1,75;0,15;4
"65";65;2012;0;0,17;0,04;2014;0,23;0,26;0,14;0,1;0,04;1;1;1;12,27;1,28;0,1;4
"66";66;2012;0,08;0,93;0,17;2014;0,34;0,49;0,58;0,34;0,74;1;1;1;10,06;0,24;0,2;7
"67";67;2012;0,06;0,9;0,14;2014;0,16;0,24;0,22;0,39;0,24;1;1;1;10,1;0,78;0,05;2
"68";68;2012;0,05;0,52;0,18;2014;0,76;0,7;0,82;0,65;0,61;1;0;1;10,39;0,37;0,01;5
"69";69;2012;0,07;NA;0,14;2014;0;0;0;0;0,76;0;0;0;10,05;0,37;0,09;3
"70";70;2012;0,06;0,83;0,34;2014;0,37;0,35;0,44;0,7;0,14;0;1;0;10,95;1,58;0,09;6
"71";71;2012;0,05;NA;0,24;2014;0,76;0,72;0;0;0,74;0;1;1;9,89;1,53;0,05;4
"72";72;2012;0,06;1,06;0,16;2014;0;0;0;0;0,2;1;0;0;10,42;0,58;0,11;1
"73";73;2012;0,09;1,22;0,25;2014;0,59;0,84;0,6;0,91;0,04;1;1;1;10,21;1,03;0,09;2
"74";74;2012;0,01;1,97;0,06;2014;0;0;0;0;0,4;0;0;0;10,21;3,72;0,08;4
"75";75;2012;0,03;1,09;0,05;2014;0,05;0,05;0,48;0,07;0,2;0;1;1;10,59;0,3;0,08;1
"76";76;2012;0,07;0,95;0,39;2014;0;0;0;0;0,59;0;1;0;9,95;1,69;0,09;8
"77";77;2012;0,13;2,72;0,25;2014;0,74;0,76;0,75;0;0,91;0;0;1;10,07;0,49;0,26;5
"78";78;2012;0,12;3,27;0,15;2014;0;0;0;0;0;0;0;0;9,57;0,05;0,15;5
"79";79;2012;0,2;1,23;0,35;2014;0;0,1;0;0;0,79;0;0;0;10,01;0,27;0,3;8
"80";80;2012;0,1;1,92;0,17;2014;0,3;0,17;0,23;0,11;1;0;0;0;9,61;0,32;0,12;2
"81";81;2012;0,24;3,48;0,43;2014;0;0;0;0;0;0;0;0;9,45;0,21;0,05;6
"82";82;2012;-0,02;1,33;-1,09;2014;0;0;0;0;0;0;0;0;10,19;85,96;-0,04;1
"83";83;2012;0,03;0,41;0,18;2014;0;0,86;0;0;0,9;0;0;0;10,73;0,51;0,06;5
"84";84;2012;-0,01;NA;-0,07;2014;0;0;0;0;0,31;0;0;0;10,64;2,64;-0,53;4
"85";85;2012;0,17;3,96;1,08;2014;0,34;0,38;0,35;0,37;0,33;1;1;1;10,13;2,06;0,13;2
"86";86;2012;0,1;1,9;0,27;2014;0;0;0;0;0,51;0;0;0;9,96;1,12;0,29;3
"87";87;2012;0,13;2,57;-6,96;2014;0,32;0,33;0,34;0,49;0,8;1;1;1;9,65;38,73;0,1;2
"88";88;2012;0,04;0,75;0,13;2014;0;0;0;0;0,33;0;0;0;11,22;0,77;0,1;1
"89";89;2012;0,02;0,46;0,04;2014;0;0;0;0;0,76;0;0;0;10,59;0,1;0,31;4
"90";90;2012;0,17;NA;0,22;2014;0;0;0;0;0,68;0;0;0;9,22;0;0,1;1
"91";91;2012;0,14;1,37;0,26;2014;0,24;0,45;0,53;0,57;0,46;1;1;1;10,1;0,11;0,09;6
"92";92;2012;0,01;0,14;0,1;2014;0;0;0;0;0,8;0;0;0;10,53;0,68;0,11;4
"93";93;2012;0,01;0,76;0,07;2014;0,76;0,61;0;0;1;0;0;0;10,36;1,81;0,04;11
"94";94;2012;0,03;0,79;0,1;2014;0,47;0,53;0,55;0,77;0,65;1;1;1;10,1;0,8;0,07;11
"95";95;2012;0,01;0,22;0,09;2014;0,43;0,32;0;0;0,24;1;0;0;11,5;1,2;0,16;4
"96";96;2012;0,34;NA;0,52;2014;0;0;0;0;0;0;0;0;9,52;0,05;0,21;1
"97";97;2012;0,12;1,44;0,5;2014;0,71;0,36;0;0;0;1;0;0;9,73;1,07;0,12;6
"98";98;2012;0,07;0,73;0,16;2014;0,18;0,36;0,67;0,29;0,15;1;1;1;11,07;0,43;0,14;3
"99";99;2012;0,06;1,54;0,14;2014;0,66;0,72;0;0;0,26;0;1;0;10,47;0,11;0,02;2
"100";100;2012;0,11;1,94;0,68;2014;0,16;0,25;0,17;0,36;0,28;1;1;1;9,94;2,68;0,1;2
"101";101;2012;-0,06;4,7;-0,14;2014;0,53;0,45;0;0;1;0;0;0;9,67;0,03;-0,01;7
"102";102;2012;0,09;0,72;0,16;2014;0,5;0,61;0,6;0,82;0,21;1;0;1;10,97;0,31;0,18;7
"103";103;2012;0,06;0,94;0,21;2014;0,3;0,43;0,31;0,13;0,22;1;1;1;10,49;1,01;0,16;6
"104";104;2012;0,01;0,83;0,04;2014;0,15;0,09;0,23;0;1;0;0;0;10,73;1,01;0,04;10
"105";105;2012;0,18;NA;0,24;2014;0,55;0,3;0,14;0,37;1;0;1;0;9,81;0;0,14;7
"106";106;2012;0,08;1,95;0,12;2014;0;0;0;0;0,5;0;0;0;9,68;0;0,14;7
"107";107;2012;0,06;0,95;0,1;2014;0,88;0,89;0,79;0;0,59;0;1;1;10,82;0,26;0,03;2
"108";108;2012;0,12;0,86;0,2;2014;0,35;0,57;0,36;0,32;0,47;1;1;1;11,37;0,09;0,11;3
"109";109;2012;0,05;1,38;0,13;2014;0;0;0;0;0,87;0;0;0;9,93;0,89;0,24;3
"110";110;2012;0,01;1,05;0,03;2014;0;0,29;0,12;0;0,42;1;0;0;10,67;1,63;0,02;11
"111";111;2012;0,02;NA;-0,88;2014;0,12;0,3;0,89;0,77;0,42;1;1;1;10,65;-5,96;0,03;6
"112";112;2012;0,06;NA;0,28;2014;0,48;0,5;0,7;0;0,17;1;1;1;10,7;1,06;0,08;8
"113";113;2012;0,06;0,57;0,43;2014;0,62;0,42;0,14;0;0,55;0;1;1;10,75;3,8;0,08;6
"114";114;2012;0,03;0,54;0,26;2014;0;0;0;0;0,6;0;0;0;10,88;2,14;0,31;4
"115";115;2012;0,09;NA;0,2;2014;0;0;0;0;0,84;0;0;0;10,01;0,64;0,06;1
"116";116;2012;0,06;1,3;0,14;2014;0,18;0,25;0,48;0,14;0,78;1;1;0;9,97;0,81;0,08;5
"117";117;2012;0,08;0,94;0,13;2014;0;0;0;0;0,62;0;0;0;10,52;0,28;0,13;6
"118";118;2012;0,07;1,27;0,14;2014;0,28;0,09;0;0,01;0,04;0;0;0;10,91;0,31;0,13;1
"119";119;2012;0,07;1,1;0,15;2014;0;0;0;0;0,7;0;0;0;10,11;0,83;0,21;1
"120";120;2012;0,04;NA;-1,99;2014;0;0;0;0;0,76;0;0;0;10,24;307,87;0,04;1
"121";121;2012;0,23;3,26;0,39;2014;0;0;0;0;0,59;0;0;0;9,42;0,16;0,08;1
"122";122;2012;0,08;1,21;0,16;2014;0,54;0,29;0;0;0,65;0;1;0;10,02;0,45;0,1;6
"123";123;2012;0,02;NA;0,05;2014;0,25;0,38;0,11;0,37;0,12;1;1;1;10,84;1,18;0,01;8
"124";124;2012;0,07;1,04;0,27;2014;0,28;0,39;0,27;0,47;0,73;0;1;1;9,95;1,12;0,1;2
"125";125;2012;0,02;0,65;0,08;2014;0,6;0,26;0,6;0,12;0,24;0;1;0;10,42;0,95;0,07;11
"126";126;2012;0,02;0,71;0,06;2014;0,03;0,12;0,6;0,79;0,07;1;0;1;11,06;0,89;0,09;11
"127";127;2012;0,05;1,19;0,2;2014;0,29;0,11;0,24;0,03;0,4;1;0;0;10,2;2,21;0,07;5
"128";128;2012;0;0,61;-0,01;2014;0,58;0,12;0,39;0;0,37;0;1;1;10,64;0,4;-0,02;3
"129";129;2012;0,08;0,58;0,13;2014;0,3;0,45;0;0;0,19;0;0;1;10,57;0,2;0,19;7
"130";130;2012;0,04;1,43;0,12;2014;0,73;0,8;0,84;0,6;0,9;1;1;1;10,24;0,94;0,06;8
"131";131;2012;0,07;1,79;0,15;2014;0;0;0;0;0,74;0;0;0;9,65;0,75;0,13;6
"132";132;2012;0;0,56;-0,02;2014;0;0;0;0;0,38;0;0;0;10,65;0,98;-0,02;11
"133";133;2012;0,08;NA;0,13;2014;0,45;0,57;0,82;0,15;0,84;1;1;1;10,58;0;0,13;7
"134";134;2012;0,05;1,19;0,17;2014;0;0,19;0;0;0,53;1;1;0;10,07;1,62;0,05;8
"135";135;2012;0,09;1,64;0,2;2014;0;0;0;0;0,34;0;0;0;10,38;0,34;0,08;6
"136";136;2012;0,02;1,39;0,04;2014;0;0;0;0;0,56;0;0;0;10,44;0,45;0,05;3
"137";137;2012;0,07;1,72;0,19;2014;0;0;0;0;0,63;0;0;0;10,56;1,11;0,06;3
"138";138;2012;0,02;2,02;0,07;2014;0;0;0;0;0;0;0;0;9,79;1,28;0,08;7
"139";139;2012;0,05;1,54;0,14;2014;0;0;0;0;0,48;0;0;0;10,24;1,18;0,39;4
"140";140;2012;0,02;1,25;0,05;2014;0,03;0;0,3;0;0,75;0;1;0;9,95;0,69;0,11;3
"141";141;2012;0,03;1,06;0,07;2014;0;0;0;0;0,38;0;0;0;10,76;0,64;0,01;5
"142";142;2012;0,04;0,62;0,15;2014;0;0;0;0;0,71;0;0;0;10,64;1,68;0,07;3
"143";143;2012;0,02;0,55;0,09;2014;0,55;0,21;0,03;0;0,6;0;1;1;10,64;1,3;0,08;11
"144";144;2012;0,02;0,53;0,05;2014;0,12;0,41;0,05;0,72;0,67;1;1;1;10,9;0,9;0,05;11
"145";145;2012;0,04;1,39;0,13;2014;0,97;0,79;0;0;1;0;0;0;9,85;0,55;0,07;1
"146";146;2012;0,04;1,74;0,09;2014;0;0;0;0;0,48;0;0;0;9,51;1,06;0,29;4
"147";147;2012;0,03;0,35;0,33;2014;0,57;0,35;0,7;0,65;0,06;1;1;0;11,28;6,59;0,04;1
"148";148;2012;0,23;7,02;0,26;2014;0;0;0;0;0;0;0;0;9,26;0;0,13;6
"149";149;2012;0;3,6;0;2014;0,03;0,13;0;0;0,15;0;0;0;10,18;0,17;0,01;7
"150";150;2012;0,07;0,83;0,13;2014;0,25;0,39;0;0,51;0,38;0;0;1;10,5;0,14;0,05;6
"151";151;2012;0,02;0,42;0,06;2014;0;0;0;0;0,31;0;0;1;10,7;1,16;0,05;11
"152";152;2012;0,05;1,02;0,1;2014;0;0;0;0;0;0;0;0;10,13;0,77;0,11;7
"153";153;2012;0,07;1,55;0,19;2014;0;0;0;0;0,32;0;0;0;9,93;0,94;0,14;7
"154";154;2012;0,01;0,2;0,12;2014;0,08;0,15;0;0;0,61;0;0;1;11,09;0;0,23;4
"155";155;2012;0,09;1,76;0,25;2014;0;0;0;0;0;0;0;0;9,43;0,53;0,31;7
"156";156;2012;0,01;1,03;-0,13;2014;0;0;0;0;0,82;0;0;0;12,51;444,04;0,07;4
"157";157;2012;0,03;0,97;0,12;2014;0,14;0,17;0;0;0,3;1;1;1;10,8;1,44;0,13;1
"158";158;2012;-0,01;0,7;-0,03;2014;0;0;0;0;0;0;0;0;10,54;0,34;0,34;6
"159";159;2012;0,02;0,34;0,11;2014;0,36;0,45;0,21;0,37;0,03;1;1;0;11,84;1,92;0,09;6
"160";160;2012;-0,02;1,28;-0,06;2014;0,65;0;0;0;1;0;0;0;10,44;2,12;-0,19;4
"161";161;2012;0,13;2,87;0,31;2014;0,88;0,83;0;0;0,53;0;0;0;10,33;0,76;0,27;5
"162";162;2012;0,08;1,45;0,27;2014;0,55;0,51;0,68;0,64;0,21;1;1;1;10,36;0,8;0,11;2
"163";163;2012;0,06;0,48;0,08;2014;0,12;0;0;0;1;1;1;0;10,47;0,16;0,22;7
"164";164;2012;0,04;0,3;0,17;2014;0,35;0,35;0,22;0,4;0;0;1;1;11,17;0,41;0,03;1
"165";165;2012;0,1;1,14;0,22;2014;0;0;0;0;0;0;0;0;9,83;0,25;0,05;1
"166";166;2012;0,13;2,02;0,34;2014;0,36;0,45;0,53;0;0,03;0;1;0;9,9;0,39;0,07;1
"167";167;2012;0,01;0,34;0,11;2014;0,5;0,53;0,36;0,41;0,06;1;1;1;11,97;2,41;0,21;4
"168";168;2012;0,14;2,53;0,24;2014;0,55;0,7;0;0;0,91;0;1;1;9,7;0,15;0,08;6
"169";169;2012;0,1;1,05;0,18;2014;0;0,29;0,31;0;0,17;1;1;0;10,44;0,31;0,09;3
"170";170;2012;0,06;1,4;-0,19;2014;0;0;0;0;0,82;0;0;0;10,45;-3;0,04;5
"171";171;2012;0,05;1,35;0,08;2014;0,32;0,18;0,31;0,44;1;0;1;1;10,3;0,82;0,43;4
"172";172;2012;0,1;2,34;0,24;2014;0,31;0,36;0,86;0,18;0,27;1;1;1;10,62;0,61;0,06;1
"173";173;2012;0,05;0,58;0,1;2014;0,44;0,48;0,55;0,34;0,32;1;1;1;10,64;0,35;0,05;3
"174";174;2012;0;0,02;0;2014;0,12;0,29;0,04;0;0,5;1;1;1;11,47;0,32;0;4
"175";175;2012;0,01;NA;0,17;2014;0,07;0,06;0,04;0,03;0,5;1;0;0;10,43;6,77;0,04;1
"176";176;2012;0,07;1,4;0,24;2014;0,84;0,56;0,91;0,68;1;0;1;0;9,96;1,71;0,11;1
"177";177;2012;0,07;1,22;0,23;2014;0,12;0,05;0;0;0,22;1;1;1;10,62;0,49;0,08;6
"178";178;2012;0,06;NA;0,17;2014;0,21;0,23;0;0;1;0;0;1;9,95;0,41;0,09;1
"179";179;2012;0,11;1,42;0,18;2014;0,16;0,09;0,36;0,24;0,36;0;0;0;9,66;0,09;0,06;2
"180";180;2012;0,08;1,19;0,15;2014;0;0;0;0;0;0;0;0;9,73;0,19;0,04;5
"181";181;2012;0;1,26;0,01;2014;0,5;0,27;0;0;1;0;1;1;10,11;0,79;0,01;4
"182";182;2012;0,14;3,59;0,67;2014;0,86;0,61;0,68;0,67;0,27;0;1;1;9,68;1,48;0,1;2
"183";183;2012;0,06;0,48;0,14;2014;0,87;0,66;0;0,61;0,72;0;1;0;10,3;0,3;0,03;5
"184";184;2012;0,14;1,95;0,81;2014;0,17;0,25;0,19;0,42;0,04;1;1;1;11,08;1,28;0,16;7
"185";185;2012;0,01;0,23;0,04;2014;0;0;0;0;0,9;0;0;0;10,57;0,31;0,14;4
"186";186;2012;0,02;0,13;0,09;2014;0;0;0;0;0;0;0;0;10,41;1,83;0,02;6
"187";187;2012;0,06;2,42;0,12;2014;0;0;0;0;0;0;0;0;9,41;0,61;0,13;5
"188";188;2012;-0,14;7,19;0,2;2014;0;0;0;0;0,89;0;0;0;8,52;-1,89;-0,15;9
"189";189;2012;0,15;1,15;0,22;2014;0,56;0,59;0,57;0,26;0,06;1;1;1;10,93;0,26;0,21;7
"190";190;2012;0,17;3,97;0,32;2014;0,43;0,6;0,3;0,33;0,55;0;0;0;9,65;0,18;0,2;7
"191";191;2012;0,02;0,73;0,12;2014;0,86;0,36;0;0;0,29;0;1;1;10,51;1,54;0,03;8
"192";192;2012;0,04;0,43;0,2;2014;0;0;0;0;0,85;0;1;0;10,13;0,94;0,06;1
"193";193;2012;0,18;NA;0,2;2014;0;0;0;0;0,51;0;0;0;9,61;0;0,3;5
"194";194;2012;0,04;0,42;0,17;2014;0;0;0;0;0,08;0;0;0;9,53;0,01;0,06;7
"195";195;2012;0,15;1,4;0,28;2014;0,39;0,3;0,47;0,39;0,51;1;0;0;10,29;0,43;0,16;6
"196";196;2012;0,04;0,95;0,08;2014;0,69;0,49;0,69;0,39;0,76;0;1;1;10,24;0,61;0,16;4
"197";197;2012;0,13;3,06;0,43;2014;0,26;0,49;0;0;1;1;0;1;9,39;0,74;0,06;6
"198";198;2012;0,04;0,7;0,11;2014;0,38;0,3;0,57;0,28;0,89;0;1;1;10,49;0,58;0,03;1
"199";199;2012;0,09;1,52;0,18;2014;0,72;0,69;0,74;0,46;0,05;1;1;1;11,08;0,25;0,15;5
"200";200;2012;0,02;0,9;0,03;2014;0,36;0,29;0,65;0,87;0,84;1;1;1;9,99;0,14;0,04;7
"201";201;2012;0,01;0,2;0,11;2014;0,2;0,23;0,22;0,11;0,06;0;1;1;12,37;1,41;0,2;4
"202";202;2012;0,08;1,42;0,35;2014;0,66;0,48;0;0,71;0,44;1;0;0;9,92;1,66;0,06;1
"203";203;2012;0,07;1,81;0,42;2014;0,33;0,24;0,63;0;0,18;1;1;1;10,18;2,51;0,07;2
"204";204;2012;0,01;0,12;0,09;2014;0,04;0,15;0;0;0,89;0;1;1;10,95;0,69;0,22;4
"205";205;2012;0,03;1,2;0,09;2014;0,43;0,32;0,04;0,08;0,48;1;0;0;9,99;0,48;0,06;4
"206";206;2012;0,03;1,06;0,03;2014;0,66;0,67;0;0;1;0;0;0;9,7;0,88;0,19;7
"207";207;2012;0,14;1,82;0,21;2014;0,11;0,14;0,06;0,05;0,5;1;0;1;10,3;0,22;0,22;2
"208";208;2012;0,09;1,03;0,33;2014;0;0;0;0;0,38;0;0;0;10,83;1,02;0,08;3
"209";209;2012;0,01;1,29;0,03;2014;0;0;0;0;0;0;0;0;9,97;2,31;0,03;1
"210";210;2012;0,05;2,02;0,15;2014;0,79;0,42;0,11;0;0,04;1;1;1;10,94;1,84;0,04;2
"211";211;2012;0,1;NA;0,26;2014;0,53;0,17;0;0;0,78;0;1;0;10,39;0,58;0,18;2
"212";212;2012;0,03;0,84;0,19;2014;0,28;0,25;0,25;0,43;0,37;1;1;1;10,18;1,8;0,01;1
"213";213;2012;0,07;1,66;0,17;2014;0;0;0;0;0;0;0;0;9,81;0,33;0,06;6
"214";214;2012;0,06;0,2;0,13;2014;0;0;0;0;0,38;1;0;0;10,9;0,5;0,17;4
"215";215;2012;0,13;2,69;1,05;2014;0,15;0,16;0;0;0,2;1;0;1;9,81;-8,81;0,08;1
"216";216;2012;0,09;1,46;0,22;2014;0;0;0;0;0,89;0;0;0;9,83;0,8;0,1;5
"217";217;2012;0,05;0,63;0,13;2014;0;0;0;0;0;0;0;0;10,14;0,67;0,06;6
"218";218;2012;0,21;NA;0,53;2014;0,39;0,33;0;0;1;0;0;0;9,28;1,03;0,31;7
"219";219;2012;0,12;1,67;0,27;2014;0,27;0,18;0,3;0,35;0,19;0;1;1;10,54;0,37;0,18;5
"220";220;2012;0,07;0,88;5,28;2014;0,49;0,56;0,63;0,87;0;1;1;1;10,59;157,9;0,06;6
"221";221;2012;0,01;0,05;0,09;2014;0;0;0;0;0,82;0;0;0;11,34;0,36;0,11;4
"222";222;2012;-0,09;1,25;-5,18;2014;0;0;0;0;0,76;0;0;0;9,67;4,25;-1,25;3
"223";223;2012;0,06;1,29;0,13;2014;0,12;0,13;0;0;0,33;0;0;0;10,53;0,63;0,04;1
"224";224;2012;0,05;NA;0,07;2014;0;0;0;0;0;0;0;0;9,87;0,17;0,09;7
"225";225;2012;0,14;NA;0,77;2014;0;0;0;0;0;0;0;1;9,86;0,27;5,96;1
"226";226;2012;0,01;0,58;0,03;2014;0,1;0,19;0,91;0,75;0,46;0;1;1;10,27;0,47;0,04;6
"227";227;2012;0,07;2,09;0,2;2014;0,36;0,61;0,69;0,49;0,72;1;1;1;10,35;1,43;0,14;1
"228";228;2012;0,02;1,23;0,06;2014;0,17;0,2;0,34;0,34;0,6;1;1;0;10,38;0,42;0,02;8
"229";229;2012;0,12;0,88;0,25;2014;0;0;0;0;0,17;0;0;0;10,35;0,39;0,06;1
"230";230;2012;0,06;6,22;0,23;2014;0,69;0,54;0;0;0,65;0;1;0;10,1;1,23;0,05;7
"231";231;2012;0,24;1,41;0,42;2014;0,13;0,05;0;0;1;0;0;0;9,97;1,8;0,37;4
"232";232;2012;0,04;2,43;0,12;2014;0,16;0,2;0,15;0;0,31;0;1;1;9,8;1,71;0,38;1
"233";233;2012;0,09;1,05;-0,27;2014;0,63;0,37;0,8;0,35;0,85;1;0;1;9,84;10,63;0,05;6
"234";234;2012;-0,02;1,81;-0,26;2014;0,36;0,26;0;0;0,29;0;1;0;9,81;10,63;0,12;1
"235";235;2012;0,13;2,84;0,28;2014;0,39;0,22;0,4;0;0,01;1;1;1;10,55;0,36;0,12;1
"236";236;2012;0,16;1,39;0,36;2014;0,26;0,23;0;0;1;1;0;0;9,58;0,88;0,2;7
"237";237;2012;0,09;0,7;0,17;2014;0;0;0;0;0,52;0;0;0;10,52;0,48;0,18;5
"238";238;2012;0,05;2,9;0,22;2014;0;0;0;0;0,78;0;0;0;9,6;0,52;0,01;4
"239";239;2012;0,2;0,8;0,09;2014;0,81;0,47;0,57;0;0,17;0;1;1;10,88;4,34;0,25;2
"240";240;2012;0;0,06;0,02;2014;0,59;0,92;0,96;0,82;0,15;0;1;1;11,92;0,35;0,02;4
"241";241;2012;0,11;NA;0,16;2014;0;0;0;0;0;0;0;0;9,18;0;0,05;3
"242";242;2012;-0,07;0,71;-0,33;2014;0,61;0,44;0,44;0,43;0,8;0;1;0;10,42;3,11;-0,19;1
"243";243;2012;0,04;0,93;0,07;2014;0,09;0,05;0,07;0,09;1;0;0;1;9,8;0,36;0,04;1
"244";244;2012;0,2;NA;4,87;2014;0,69;0,39;0,59;0;0,68;0;1;1;9,51;81,45;0,15;2
"245";245;2012;0,1;2,22;0,24;2014;0,86;0,77;0,79;0,41;1;1;1;0;9,62;0,46;0,1;2
"246";246;2012;0,02;0,31;0,07;2014;0;0,1;0;0;1;0;0;1;10,1;0,38;0,08;4
"247";247;2012;0,08;1,17;0,18;2014;0,08;0,17;0;0;1;0;1;1;10,21;0,41;0,1;4
"248";248;2012;0,13;1,81;0,26;2014;0,15;0,16;0,1;0,95;0,11;0;1;1;10,53;0,28;0,15;6
"249";249;2012;0,25;NA;0,36;2014;0;0;0;0;0,51;0;0;0;9,02;0;0,17;2
"250";250;2012;0,12;2,2;1,22;2014;0,63;0,72;0,73;0,61;0;0;1;1;10,55;3,92;0,17;2
"251";251;2012;0,11;2;0,19;2014;0,61;0,59;0,39;0,8;0,04;1;1;0;10,35;0,17;0,16;8
"252";252;2012;0,11;1,1;0,15;2014;0,85;0,5;0,33;0,18;0,89;1;1;1;10,24;0,08;0,18;8
"253";253;2012;0,07;0,72;0,23;2014;0,33;0,24;0;0,15;0,4;1;0;0;10,43;0,57;0,1;3
"254";254;2012;0,07;1,17;0,19;2014;0,24;0,28;0,2;0,2;0,15;0;1;1;11,03;0,31;0,02;5
"255";255;2012;0,06;0,84;0,11;2014;0,24;0,43;0;0;0,5;1;1;0;10,55;0,39;0,13;3
"256";256;2012;0,05;0,29;0,09;2014;0,17;0,35;0;0,84;0,05;0;1;1;11,89;0,36;0,1;4
"257";257;2012;0;0,14;0,04;2014;0,35;0,42;0,57;0,82;0,02;1;1;1;11,11;2,45;0,08;7
"258";258;2012;0,16;1,04;0,28;2014;0,59;0,54;0,66;0,67;0,45;0;0;1;10,1;0,24;0,27;7
"259";259;2012;0,01;0,16;0,11;2014;0,15;0,12;0;0;0,74;1;1;0;10,92;0,49;0,22;4
"260";260;2012;-0,08;0,43;-0,14;2014;0,17;0,13;0;0;0,7;0;0;1;10,15;0,42;-0,13;7
"261";261;2012;0,11;2,01;0,15;2014;0,39;0,42;0,45;0,53;1;0;0;0;9,57;0,12;0,16;7
"262";262;2012;0,05;1,21;0,18;2014;0;0;0;0;0,82;0;0;0;10,08;1,6;0,09;5
"263";263;2012;0,06;1,24;0,13;2014;0,65;0,3;0,5;0;0,49;0;1;0;10,24;0,45;0,24;3
"264";264;2012;0,06;0,87;0,14;2014;0,1;0,18;0,14;0;0,85;1;0;0;10,81;0,46;0,18;11
"265";265;2012;0;0,89;0,02;2014;0,12;0,13;0,05;0,03;0,07;1;1;1;10,47;0,27;0;8
"266";266;2012;0,14;1,21;0,2;2014;0;0;0;0;0,43;0;0;0;9,6;0,02;0,08;1
"267";267;2012;0,02;2,39;0,06;2014;0,89;0,62;0,92;0,8;0,06;1;1;1;10,18;1,26;0,05;1
"268";268;2012;0,08;NA;0,19;2014;0;0;0;0;0;0;0;0;10,16;0,41;0,08;6
"269";269;2012;0,01;-0,79;0,11;2014;0;0;0;0;0,89;0;0;0;11,13;0,06;0,82;4
"270";270;2012;0,09;0,67;0,13;2014;0,35;0,36;0;0,51;0;1;1;1;10,42;0,16;0,12;6
"271";271;2012;0,06;0,71;0,18;2014;0;0;0;0;0,08;1;0;0;10,5;0,86;0,16;3
"272";272;2012;-0,08;NA;-0,15;2014;0;0;0;0;0;0;0;0;11,68;0;-0,15;7
"273";273;2012;0,01;0,91;0,09;2014;0,29;0,46;0;0;0,52;0;1;1;10,48;0,86;0,18;6
"274";274;2012;0,03;-0,18;0,07;2014;0,21;0,37;0,28;0;0,84;0;0;1;10,99;0,44;0,03;4
"275";275;2012;0,09;0,95;0,11;2014;0;0;0;0;0,73;0;0;0;10,15;0,44;0,12;8
"276";276;2012;0,06;0,66;0,2;2014;0,81;0,74;0,94;0,48;0,65;0;0;1;9,78;0,85;0,07;7
"277";277;2012;0,07;1,19;0,15;2014;0,2;0,13;0;0,28;0,59;0;1;0;9,79;0,57;0,12;1
"278";278;2012;0,03;1,64;0,06;2014;0;0;0;0;0;0;0;0;9,74;1,6;0,24;4
"279";279;2012;0,02;0,9;0,17;2014;0;0,52;0;0;1;0;0;0;10,2;3,67;0,03;3
"280";280;2012;0,05;0,8;0,29;2014;0,55;0,44;0;0;0,84;0;0;0;10,35;1,29;0,07;1
"281";281;2012;0,14;1,79;0,24;2014;0,51;0,55;0;0;0,68;1;1;0;10,9;0,43;0,28;7
"282";282;2012;0,1;1,87;0,24;2014;0;0;0;0;0;0;0;0;9,76;0,52;0,09;1
"283";283;2012;0,07;1;0,12;2014;0,1;0,15;0,74;0,48;0,17;1;1;1;10,81;0,18;0,19;3
"284";284;2012;0,05;1,12;0,13;2014;0;0;0;0;0,55;0;0;0;10,28;0,95;0,02;3
"285";285;2012;0,09;NA;0,34;2014;0;0;0;0;0;0;0;0;9,76;0;0,25;7
"286";286;2012;0,06;0,72;0,19;2014;0;0;0;0;0;0;0;0;10,27;0,05;0,07;6
"287";287;2012;0,02;0,59;0,06;2014;0,68;0,44;0,04;0,26;0,26;1;1;1;10,72;0,96;0,05;11
"288";288;2012;0,24;NA;0,44;2014;0;0;0;0;0,91;0;0;0;9,82;0,23;0,27;1
"289";289;2012;0,04;0,7;0,12;2014;0;0,36;0;0;0,73;1;0;1;10,5;0,62;0,13;11
"290";290;2012;0,08;1,71;0,28;2014;0,29;0,32;0,36;0,13;0,12;1;1;1;10,87;1,48;0,09;2
"291";291;2012;0,08;0,96;0,18;2014;0,4;0,34;0,28;0,25;0,1;1;1;1;11,27;0,38;0,25;5
"292";292;2012;0,01;0,04;0,08;2014;0,08;0,18;0;0;0,82;1;1;1;11,21;0,27;0,08;4
"293";293;2012;0,1;1,51;0,2;2014;0,11;0,24;0,09;0,45;0,04;1;1;0;11,15;0,36;0,16;2
"294";294;2012;0,05;0,44;0,18;2014;0,32;0;0;0;0,85;0;0;0;10,36;0,34;0,06;4
"295";295;2012;0,08;1,1;0,17;2014;0,55;0,27;0;0;0,88;0;1;0;10,06;0,24;0,08;6
"296";296;2012;0;1,08;-0,01;2014;0,94;0,97;0;0;1;1;1;1;10,17;0,94;-0,04;4
"297";297;2012;0,24;4,15;-7,36;2014;0,76;0,81;0,93;0,64;0;1;0;1;10,58;-6,57;0,11;2
"298";298;2012;0,01;0,19;0,08;2014;0,07;0,14;0,08;0;0,22;1;0;1;11,48;0,75;0,18;4
"299";299;2012;0,06;1,32;0,26;2014;0,32;0,33;0,19;0,35;0,5;0;1;0;10,2;0,98;0,06;8
"300";300;2012;0,03;0,8;0,1;2014;0;0;0;0;0,6;0;0;0;10,64;1,65;0,1;11
"301";301;2012;0;0,06;0,01;2014;0,83;0,64;0,67;0;0,68;0;1;0;11,85;0,68;0,01;4
"302";302;2012;0,09;0,72;0,19;2014;0;0;0;0;0,25;0;0;1;10,68;0,34;0,02;3
"303";303;2012;0,1;2,14;0,29;2014;0,27;0,21;0,55;0,87;0,68;1;1;1;10,26;1,1;0,15;8
"304";304;2012;0,02;1,29;0,03;2014;0;0;0;0;0,59;0;0;0;10,12;0,65;0,07;3
"305";305;2012;0,15;2,1;0,2;2014;0,65;0,74;0,91;0,86;0,29;0;1;1;10,65;0,01;0,32;7
"306";306;2012;0,08;NA;0,22;2014;0,4;0,39;0,61;0,39;0;1;0;1;10,22;0,96;0,15;2
"307";307;2012;0,02;0,89;0,06;2014;0,18;0,06;0,62;0,72;0,3;1;1;1;10,3;0,74;0,06;1
"308";308;2012;0,46;7,64;0,95;2014;0;0;0;0;0;0;0;0;9,32;0,37;0,54;5
"309";309;2012;0,01;0,09;0,08;2014;0;0;0;0;0,65;0;0;0;11,08;0,39;0,18;4
"310";310;2012;0,06;3,44;0,1;2014;0;0;0;0;0;0;0;0;9,43;0;0,11;7
"311";311;2012;0,13;2,15;0,2;2014;0;0;0;0;0,5;0;0;0;9,74;0,08;0,1;1
"312";312;2012;0,13;1,88;0,37;2014;0,7;0,48;0,89;0,84;0,5;1;1;1;9,76;0,59;0,11;6
"313";313;2012;0,08;1,75;0,14;2014;0;0;0;0;0,72;0;0;0;9,85;0,46;0,18;6
"314";314;2012;0,21;3,6;0,46;2014;0;0;0;0;0,6;0;0;0;9,56;0,09;0,08;1
"315";315;2012;0,03;0,92;0,07;2014;0;0;0;0;0,09;0;0;0;10,29;0,92;0,07;6
"316";316;2012;0,07;0,76;0,22;2014;0,51;0,58;0,65;0,83;0;0;1;1;10,43;0,59;0,08;6
"317";317;2012;-0,09;0,69;-0,49;2014;0,4;0,35;0,63;0,49;0,68;1;1;1;10,71;3,38;-0,09;10
"318";318;2012;-0,03;2,17;-0,4;2014;0;0;0;0;0;0;0;0;9,82;7,48;-0,19;10
"319";319;2012;0,17;4,46;0,28;2014;0,51;0,52;0;0;0,16;0;0;1;9,93;0,11;0,1;1
"320";320;2012;0,01;0,28;0,11;2014;0,24;0,15;0;0;0,56;0;0;0;11,13;0,19;0,18;4
"321";321;2012;0,03;NA;0,11;2014;0,64;0,06;0,12;0,5;0,44;1;1;1;10,49;1,19;0,19;3
"322";322;2012;0,11;2,62;0,41;2014;0,68;0,78;0,75;0;0,29;1;1;0;9,79;0,97;0,07;8
"323";323;2012;0,42;1,98;1,46;2014;0;0;0;0;0;0;0;0;9,96;0,6;1,02;1
"324";324;2012;0,05;1,12;0,09;2014;0,44;0,38;0,51;0;0,35;1;0;1;9,96;0,39;0,08;2
"325";325;2012;0,09;1,46;0,16;2014;0,62;0,76;0,88;0,21;0,55;0;0;0;10,79;0,27;0,13;3
"326";326;2012;0,01;0,93;0,03;2014;0,17;0,38;0,67;0,6;0,48;0;0;0;10,16;1,07;0,11;4
"327";327;2012;0,04;NA;0,06;2014;0,59;0,45;0;0;0,87;0;0;1;10,01;0,11;0,08;7
"328";328;2012;0,04;0,92;0,13;2014;0;0,09;0,11;0;0,11;1;0;0;10,8;1,05;0,14;11
"329";329;2012;0,05;2,18;0,25;2014;0,54;0,44;0;0;0,74;0;0;1;10,51;3,91;0,44;4
"330";330;2012;0,08;2,59;0,19;2014;0;0;0;0;0,31;0;0;0;9,55;0,82;0,14;6
"331";331;2012;0,02;0,8;0,09;2014;0,31;0,59;0,48;0;0,89;0;1;1;10,56;1,13;0,09;11
"332";332;2012;0,01;0,12;0,1;2014;0;0;0;0;0,65;0;0;0;11,24;0,46;0,18;4
"333";333;2012;0,08;0,12;0,17;2014;0,33;0,35;0,5;0;0,55;0;0;0;9,97;0,62;0,14;5
"334";334;2012;0,01;-0,1;0,1;2014;0,13;0,41;0,17;0,27;0,34;0;1;1;11,35;0,36;0,21;4
"335";335;2012;0,05;1,06;0,16;2014;0,39;0,59;0,04;0,5;0,9;1;0;1;9,92;1,42;0,13;2
"336";336;2012;0,05;0,9;0,13;2014;0,43;0,47;0,47;0,7;0,41;0;0;1;10,2;0,53;0,09;6
"337";337;2012;0,1;1,24;0,16;2014;0,54;0,47;0;0;0,3;0;0;0;10,12;0,2;0,15;5
"338";338;2012;0,08;1,06;0,22;2014;0,12;0,34;0,29;0,54;0,76;0;0;1;10,14;0,41;0,17;7
"339";339;2012;0,09;1,5;0,22;2014;0,78;0,49;0,69;0;0,72;0;1;0;10,09;0,57;0,02;2
"340";340;2012;0,03;0,97;0,07;2014;0,27;0,26;0,28;0,16;0,12;1;1;1;11,44;0,72;0,06;10
"341";341;2012;0,03;0,74;0,06;2014;0,43;0,6;0,35;0,1;0,84;1;1;1;10,21;0,43;0,08;2
"342";342;2012;0,06;1,89;0,3;2014;0;0;0;0;0;0;0;0;9,74;7,18;0,17;6
"343";343;2012;0,06;1,08;0,19;2014;0,33;0,27;0,3;0;0,06;1;1;1;10,7;0,89;0,04;1
"344";344;2012;0,1;1,41;0,17;2014;0,79;0,71;0;0;0,37;0;1;1;9,65;0,32;0,11;1
"345";345;2012;0,21;3,17;0,53;2014;0,19;0,14;0;0;0,36;1;0;0;9,96;0,22;0,07;1
"346";346;2012;0,04;0,99;0,08;2014;0,7;0,26;0,73;0;0,91;0;0;1;10,44;0,45;0,09;5
"347";347;2012;0,04;0,11;0,13;2014;0;0;0;0;0,37;0;0;0;10,53;1,41;0,08;10
"348";348;2012;-0,04;0,96;-0,08;2014;0,21;0,19;0;0;0,68;0;1;1;10,51;0,44;-0,1;1
"349";349;2012;0,18;4,54;0,32;2014;0;0;0;0;0;0;0;0;9,11;0,47;0,25;1
"350";350;2012;0,21;NA;0,23;2014;0,37;0,38;0;0;0,52;0;0;1;9,62;0;0,29;4
"351";351;2012;0,02;0,23;0,1;2014;0,46;0,22;0;0;0,45;1;1;0;11,02;0,23;0,1;4
"352";352;2012;0,16;3,26;0,26;2014;0;0;0;0;0;0;0;0;9,23;0;0,06;1
"353";353;2012;-0,46;3,85;-2,27;2014;0;0;0;0;0,39;0;0;0;9,05;3,3;-0,96;1
"354";354;2012;0,05;0,53;0,1;2014;0;0,12;0,28;0;0,35;0;0;0;10,07;0,32;0,02;2
"355";355;2012;0,04;NA;0,29;2014;0;0;0;0;0,41;0;0;0;10,7;3,46;0,1;1
"356";356;2012;0,05;0,88;0,1;2014;0,73;0,59;0;0;0,72;0;1;0;10,83;0,64;0,11;1
"357";357;2012;0,09;1,68;0,16;2014;0,27;0,17;0,27;0,58;0,86;0;1;0;10,3;0,38;0,13;7
"358";358;2012;0,04;0,64;0,19;2014;0,36;0,27;0,35;0,7;0,4;1;1;0;10,12;1,15;0,05;6
"359";359;2012;0,12;NA;0,18;2014;0;0;0;0;0;0;0;0;9,06;0,06;0,07;1
"360";360;2012;-0,02;0,56;-0,53;2014;0,11;0,28;0;0,51;0,74;0;1;1;10,58;23,35;-0,02;6
"361";361;2012;0,06;0,97;0,17;2014;0;0;0;0;0;0;0;0;9,91;0,99;0,07;5
"362";362;2012;0,07;0,93;0,18;2014;0,77;0,91;0;0;0,76;0;1;1;10,91;0,45;0,05;5
"363";363;2012;0,01;0,09;0,11;2014;0,29;0,23;0,15;0,17;0,87;1;0;1;10,79;0,32;0,09;4
"364";364;2012;0,02;1,91;0,12;2014;0,34;0,57;0,55;0,61;0,34;1;0;1;10,59;2,77;0,01;6
"365";365;2012;0,02;0,31;0,16;2014;0,14;0,16;0;0;0,35;1;1;0;11,55;0,75;0,27;4
"366";366;2012;0,06;1,02;0,2;2014;0,72;0,38;0,74;0,43;0,31;1;1;1;10,95;0,62;0,09;6
"367";367;2012;0,06;2,69;0,09;2014;0,13;0,73;0;0;0,18;0;0;0;10,55;0;0,22;7
"368";368;2012;0,11;1,7;0,23;2014;0,57;0,36;0;0;0,31;1;1;1;9,98;0,28;0,1;1
"369";369;2012;0,1;1,29;0,3;2014;0,37;0,39;0,34;0,09;0,7;1;0;0;10,34;1,17;0,17;1
"370";370;2012;0,05;NA;0,12;2014;0;0;0;0;0,47;0;1;0;10,65;0,36;0,02;3
"371";371;2012;0,09;3,55;0,17;2014;0;0;0;0;0;0;0;0;10,03;0,09;0,19;7
"372";372;2012;0,03;0,97;0,1;2014;0;0;0;0;0;0;0;0;10,34;0,45;0,2;4
"373";373;2012;0,16;4,24;4,19;2014;0;0;0;0;0;0;0;0;9,37;4,95;0,21;6
"374";374;2012;-0,04;3,03;-0,11;2014;0;0;0;0;0,91;0;0;0;9,44;0,68;-0,07;5
"375";375;2012;0,02;1,37;0,04;2014;0;0,17;0;0;0,89;0;0;0;10,28;0,93;0,15;4
"376";376;2012;0;0,79;0,02;2014;0,58;0,41;0;0;0,28;0;1;1;11,35;1,44;0,01;10
"377";377;2012;0,06;2,15;0,12;2014;0,92;0,52;0;0;1;0;0;0;9,5;0,28;0,03;5
"378";378;2012;0,13;0,97;0,28;2014;0,58;0,53;0,67;0;0,6;1;0;0;10,55;0,67;0,24;2
"380";380;2012;0,15;0,59;0,27;2014;0,64;0,31;0,2;0;1;0;1;0;10,14;0,22;0,13;7
"381";381;2012;0,01;0,23;0,13;2014;0,1;0,21;0;0;0,28;1;1;1;12,15;0,88;0,23;4
"382";382;2012;0,09;NA;0,13;2014;0,55;0,18;0;0;0,43;0;1;0;9,72;0,01;0,04;2
"383";383;2012;0,03;0,63;0,09;2014;0,14;0,25;0,3;0,38;0,24;0;0;0;10,19;0,46;0,02;1
"384";384;2012;0;1,1;0,02;2014;0,42;0,07;0,6;0;0,51;1;1;1;10,36;1,66;0,01;6
"385";385;2012;0,04;1,34;0,26;2014;0;0;0;0;0,52;0;0;0;10,39;2,25;0,11;3
"386";386;2012;0,08;1,48;0,23;2014;0,31;0,46;0,49;0;0,01;0;1;1;11,31;0,57;0,04;2
"387";387;2012;0,11;1,17;1;2014;0;0;0;0;0,62;0;1;0;9,98;4,28;0,18;7
"388";388;2012;0,03;1,48;0,09;2014;0,08;0,19;0,17;0,35;0,22;1;1;1;10,1;1,14;0,05;4
"389";389;2012;0,04;1,2;0,2;2014;0,39;0,62;0,36;0,2;0,91;1;1;1;9,98;2,08;0,09;1
"390";390;2012;0,06;0,94;0,11;2014;0;0;0;0;0,87;0;0;0;9,8;0,22;0,22;3
"391";391;2012;0,03;0,75;0,1;2014;0,11;0,16;0;0,15;0,57;1;1;1;10,49;1,14;0,09;11
"392";392;2012;0,11;1,81;0,17;2014;0,7;0,61;0;0;1;0;1;0;9,66;0,33;0,22;7
"393";393;2012;0,13;1,19;0,28;2014;0,29;0,5;0,56;0,41;0,04;1;1;1;11,52;0,05;0,1;3
"394";394;2012;0,04;0,36;0,1;2014;0,31;0,37;0,34;0,04;0,84;1;1;0;10,48;0,56;0,05;7
"395";395;2012;0,24;NA;0,28;2014;0;0,02;0;0;0,8;0;0;1;10,23;0,06;0,79;7
"396";396;2012;0,18;2,75;0,74;2014;0,29;0,32;0;0;0,25;0;0;1;9,95;1,36;0,12;1
"397";397;2012;0,09;1,15;0,13;2014;0,94;0,51;0;0;0,64;0;0;0;9,95;0,32;0,17;5
"398";1;2013;0,07;1,07;0,14;2015;0,04;0,11;0;0,08;0,14;1;0;1;10,03;0,51;0,11;5
"399";2;2013;0,08;0,36;0,28;2015;0,01;0,03;0;0;0,1;1;1;0;10,63;0,69;0,06;6
"400";3;2013;0,18;1,42;0,29;2015;0;0;0;0;0,1;0;0;0;9,75;0,13;0,21;1
"401";4;2013;0,06;2,18;0,44;2015;0,11;0,13;0,11;0,14;0,11;1;0;1;11,35;6,06;0,09;7
"402";5;2013;0;NA;0,02;2015;0,04;0,03;0,02;0,03;0,14;1;0;1;10,47;1,13;0;5
"403";6;2013;0,06;0,92;0,11;2015;0;0;0;0;0,14;0;0;0;10,3;0,13;0,12;5
"404";7;2013;0,04;1,23;0,12;2015;0,02;0,01;0,02;0,03;0,14;1;0;1;10,63;1,3;0,07;5
"405";8;2013;0,03;1,69;0,04;2015;0,01;0,03;0,07;0,03;0,18;1;1;1;9,23;0,22;0,07;6
"406";9;2013;0,11;2,62;0,15;2015;0,13;0,09;0,12;0,09;0,19;1;1;1;10,02;0,18;0,26;7
"407";10;2013;0,03;1,77;0,07;2015;0,08;0,08;0,07;0,04;0,13;0;1;1;9,8;0,27;0,01;7
"408";11;2013;0,04;0,48;0,22;2015;0,02;0,01;0,07;0;0,09;1;1;0;10,64;0,27;0,12;2
"409";12;2013;0,04;0,97;0,72;2015;0;0,07;0;0;0,16;0;1;0;10,58;2,85;0,11;7
"410";13;2013;0,06;1,03;0,12;2015;0;0,08;0;0;0,16;0;0;0;10,12;0,35;0,11;7
"411";14;2013;0,01;1,88;0,05;2015;0,1;0,14;0;0,03;0,19;1;1;1;9,64;0,86;0,05;7
"412";15;2013;0,03;0,7;0,09;2015;0,09;0,01;0;0;0,12;1;1;0;10,32;1,05;0,1;11
"413";16;2013;0,04;0,73;0,15;2015;0;0,01;0,03;0;0,12;1;1;0;10,75;0,56;0,04;11
"414";17;2013;0,03;0,71;0,22;2015;0;0,08;0;0;0,14;0;1;1;10,7;0,56;0,13;5
"415";18;2013;0,03;0,34;0,21;2015;0,09;0,09;0,09;0,12;0,16;1;1;1;11,08;0,34;0,13;4
"416";19;2013;0,02;1,21;0,09;2015;0,12;0,13;0,12;0,13;0,14;1;1;1;10,02;0,89;0,13;5
"417";20;2013;0,1;NA;0,12;2015;0;0;0;0;0,14;1;1;0;11,73;0,41;0,19;4
"418";21;2013;0,02;2,59;0,11;2015;0,01;0,07;0;0,15;0,18;1;1;1;9,47;0;0,07;7
"419";22;2013;0,09;0,19;0,11;2015;0,01;0,03;0,05;0,12;0,16;1;1;1;11,09;0,03;0,16;4
"420";23;2013;0,02;7,43;0,04;2015;0;0;0;0;0,17;0;0;0;9,52;0,27;0,03;5
"421";24;2013;0,1;1,68;0,18;2015;0,08;0,08;0,09;0,02;0,13;1;1;0;10,08;0,36;0,14;7
"422";25;2013;0,06;2,31;0,17;2015;0;0;0;0;0,13;0;0;0;9,77;0,65;0,16;6
"423";26;2013;0,09;1,96;0,24;2015;0;0;0;0;0,1;0;0;0;9,8;1,34;0,27;4
"424";27;2013;0,01;1,46;0,16;2015;0,08;0,09;0,08;0,08;0,17;1;1;1;10,82;1,34;0,12;5
"425";28;2013;0,01;0,17;0,15;2015;0;0;0;0;0,09;0;0;0;11,16;1,03;0,12;4
"426";29;2013;0,03;1,55;0,15;2015;0;0;0;0;0,15;0;0;0;10,31;4,08;0,16;4
"427";30;2013;0,01;4,6;0,03;2015;0;0;0;0;0,12;0;0;0;10,6;0,47;0;1
"428";31;2013;0,03;0,64;0,1;2015;0;0;0;0;0,01;0;1;0;10,13;0,66;0,01;3
"429";32;2013;0,04;0,68;0,07;2015;0,09;0,04;0,01;0;0,01;1;0;1;10,79;0,3;0,14;3
"430";33;2013;0,01;0,93;0,04;2015;0,1;0,03;0,05;0;0,02;1;1;1;10,75;0,6;0,05;3
"431";34;2013;0,06;1,49;0,15;2015;0,01;0,02;0,07;0,13;0,08;1;1;1;10,25;0,69;0,1;8
"432";35;2013;0,11;NA;0,24;2015;0;0;0;0;0,13;0;0;0;9,79;0,5;0,14;7
"433";36;2013;0,07;0,95;0,09;2015;0;0;0;0;0,1;0;0;0;10,15;0,7;0,22;7
"434";37;2013;0,02;1,41;0,04;2015;0,09;0,05;0,02;0;0,14;1;0;0;10,19;0,71;0,24;4
"435";38;2013;0,02;0,89;0,08;2015;0,08;0,06;0,15;0,11;0,18;1;0;0;10,18;1,1;0,13;11
"436";39;2013;0,04;0,66;0,28;2015;0,07;0,1;0,06;0,08;0,1;1;1;0;11,19;2,84;0,16;4
"437";40;2013;0,15;2,92;-0,64;2015;0;0;0;0;0,1;0;0;0;9,85;-2,43;0,11;1
"438";41;2013;0,05;1,04;0,47;2015;0,07;0,11;0,12;0,1;0,09;1;1;1;10,97;0,54;0,05;6
"439";42;2013;0,01;0,19;0,05;2015;0,02;0,03;0,02;0,01;0,1;1;1;1;12,32;1,14;0,11;4
"440";43;2013;0,08;NA;0,26;2015;0,01;0,04;0,01;0,05;0,14;1;1;1;10,41;0,96;0,13;5
"441";44;2013;0,17;2,2;0,26;2015;0;0;0;0;0,1;0;0;0;9,82;0,55;0,09;1
"442";45;2013;0,01;0,33;0,08;2015;0;0;0;0;0,1;0;0;0;11,26;1,07;0,16;4
"443";46;2013;-0,02;0,8;-0,11;2015;0,13;0,07;0,08;0,08;0,1;1;1;1;10,18;0,43;-0,02;1
"444";47;2013;0,16;NA;0,38;2015;0;0;0;0;0,12;0;0;0;9,7;0,67;0,22;5
"445";48;2013;0,08;1,77;0,19;2015;0,02;0,04;0,03;0,01;0,14;1;1;0;10,08;0,74;0,11;5
"446";49;2013;0,15;1,83;0,22;2015;0;0,08;0;0;0,1;1;0;0;10,2;0,23;0,27;4
"447";50;2013;0,16;3,83;0,37;2015;0,06;0,09;0,13;0;0,1;1;1;1;9,59;0,54;0,16;2
"448";51;2013;0,01;0,4;0,02;2015;0,05;0,07;0,05;0,06;0,1;0;1;0;10,43;0,93;0;2
"449";52;2013;0,04;NA;0,06;2015;0,07;0,1;0;0;0,02;1;1;1;10,45;0,22;0,05;3
"450";53;2013;0,17;5,06;0,23;2015;0,14;0,14;0,13;0,11;0,17;1;1;1;10,07;0,13;0,27;5
"451";54;2013;0,01;-0,17;0,06;2015;0,01;0,02;0,05;0,06;0,1;1;1;1;11,57;0,57;0,14;4
"452";55;2013;0,28;NA;0,4;2015;0;0;0;0;0,05;0;0;0;8,74;0;0,14;3
"453";56;2013;0,01;0,26;0,11;2015;0;0,09;0;0;0,1;1;0;0;11,34;0,19;0,29;4
"454";57;2013;0,06;1,28;0,37;2015;0,07;0,05;0,08;0,09;0,09;1;1;1;9,89;2,65;0,05;8
"455";58;2013;-0,09;4,36;-0,15;2015;0;0;0;0;0,17;0;0;1;9,35;0,49;-0,32;5
"456";59;2013;0,07;2,3;0,18;2015;0,02;0,06;0,08;0,06;0,14;1;1;1;10,59;0,63;0,16;5
"457";60;2013;0,04;0,69;0,09;2015;0;0;0;0;0,12;0;0;0;11,69;0,02;0,11;4
"458";61;2013;-0,01;1,14;-0,02;2015;0,06;0,07;0,09;0,1;0,15;1;1;1;10,22;0,65;-0,02;5
"459";62;2013;0,09;1,82;0,19;2015;0;0;0;0;0,07;0;0;0;9,84;0,29;0,08;1
"460";63;2013;0,04;0,84;0,13;2015;0;0;0;0;0,1;0;0;0;10,47;1,05;0,18;4
"461";64;2013;0,04;1,23;0,14;2015;0;0;0;0;0,14;0;0;0;10,3;2,05;0,35;4
"462";65;2013;0,01;0,15;0,07;2015;0,05;0,04;0,03;0,01;0,1;1;1;1;12,27;1,11;0,17;4
"463";66;2013;0,09;1,32;0,19;2015;0,05;0,03;0,08;0,13;0,19;1;0;1;10,07;0,22;0,23;7
"464";67;2013;0,03;0,89;0,13;2015;0,02;0,04;0,02;0;0,1;1;1;1;10,32;1,6;0,04;2
"465";68;2013;0,01;0,91;0,06;2015;0,1;0,06;0;0,1;0,14;1;0;1;10,4;0,56;0;5
"466";69;2013;0,05;NA;0,11;2015;0;0;0;0;0,02;0;0;0;10,15;0,44;0,07;3
"467";70;2013;0,04;0,87;0,2;2015;0,04;0,05;0,07;0,11;0,09;0;1;0;10,93;1,29;0,07;6
"468";71;2013;0,05;NA;0,18;2015;0,13;0,12;0;0;0,08;1;0;1;9,84;1,29;0,04;4
"469";72;2013;0,07;1,62;0,19;2015;0;0;0;0;0,16;1;0;0;10,42;0,6;0,12;1
"470";73;2013;0,07;1,55;0,24;2015;0,12;0,14;0,12;0,11;0,07;1;1;1;10,21;1,05;0,08;2
"471";74;2013;0,01;1,74;0,02;2015;0;0;0;0;0,15;0;0;0;10,31;1,66;0,03;4
"472";75;2013;0,03;1,2;0,05;2015;0,01;0,01;0,06;0,01;0,12;1;1;1;10,6;0,33;0,07;1
"473";76;2013;0,12;1,1;0,5;2015;0;0;0;0;0,1;0;1;0;9,96;1,07;0,17;8
"474";77;2013;0,12;5,07;0,26;2015;0;0,02;0,11;0;0,17;1;0;1;10,13;0,75;0,22;5
"475";78;2013;0,1;4,03;0,13;2015;0;0;0;0;0,19;0;0;0;9,61;0,04;0,14;5
"476";79;2013;0,15;1,34;0,28;2015;0;0;0;0;0,1;0;0;0;10,03;0,61;0,27;8
"477";80;2013;0,1;2,21;0,18;2015;0,05;0;0,07;0,03;0,12;0;0;0;9,63;0,28;0,12;2
"478";81;2013;0,15;3,16;0,34;2015;0;0,1;0;0;0,08;0;1;0;9,45;0,53;0,03;6
"479";82;2013;-0,01;1,65;-1,13;2015;0;0;0;0;0,16;0;0;0;10,24;93,91;-0,02;1
"480";83;2013;0,03;0,58;0,15;2015;0,06;0,1;0;0;0,14;1;0;0;10,74;0,47;0,05;5
"481";84;2013;0,01;NA;0,08;2015;0;0;0;0;0,1;0;0;0;10,67;2,46;0,29;4
"482";85;2013;0,16;4,6;1;2015;0,08;0,09;0,07;0,09;0,11;1;1;1;10,14;4,93;0,13;2
"483";86;2013;0,07;2,17;0,21;2015;0;0;0;0;0,01;0;0;0;10,08;1,19;0,22;3
"484";87;2013;0,13;3,17;4,8;2015;0,07;0,08;0,06;0,13;0,12;1;1;1;9,64;13,91;0,1;2
"485";88;2013;0,04;1,09;0,14;2015;0;0;0;0;0,16;0;0;0;11,2;0,88;0,11;1
"486";89;2013;0,02;0,5;0,05;2015;0;0;0;0;0,1;0;0;0;10,73;0,1;0,33;4
"487";90;2013;0,18;NA;0,23;2015;0;0;0;0;0,1;0;0;0;9,3;0;0,1;1
"488";91;2013;0,12;1,54;0,21;2015;0,03;0,07;0,08;0,09;0,07;1;1;1;10,17;0,22;0,09;6
"489";92;2013;0;0,21;0,01;2015;0;0;0;0;0,16;0;0;0;10,54;0,76;0,01;4
"490";93;2013;0,03;0,83;0,14;2015;0;0,08;0;0;0,08;0;0;0;10,34;1,76;0,07;11
"491";94;2013;0,05;1,01;0,16;2015;0,04;0,11;0,09;0,12;0,11;1;1;1;10,06;0,63;0,15;11
"492";95;2013;0,01;0,26;0,1;2015;0,02;0,04;0;0;0,1;1;0;1;11,47;0,95;0,18;4
"493";96;2013;0,28;NA;0,41;2015;0;0;0;0;0,12;0;0;0;9,55;0,47;0,2;1
"494";97;2013;0,11;1,51;0,47;2015;0;0,04;0;0;0,13;1;0;0;9,85;1,49;0,13;6
"495";98;2013;0,08;0,88;0,18;2015;0,04;0,06;0,1;0,05;0,01;1;1;1;11,07;0,4;0,16;3
"496";99;2013;0,07;1,78;0,19;2015;0;0,08;0;0;0,12;0;1;0;10,51;0,44;0,02;2
"497";100;2013;0,04;2,19;0,31;2015;0,04;0,06;0,01;0,06;0,1;1;1;1;9,96;1,67;0,05;2
"498";101;2013;-0,02;4,29;-0,05;2015;0,07;0,04;0;0;0,19;1;0;0;9,91;0,09;-0,09;7
"499";102;2013;0,1;0,92;0,17;2015;0,06;0,08;0,06;0,1;0,14;1;1;1;11;0,22;0,2;7
"500";103;2013;0,06;1,19;0,19;2015;0,06;0,07;0,04;0;0,18;1;1;1;10,5;0,86;0,16;6
"501";104;2013;0;0,76;-0,01;2015;0,02;0;0,02;0;0,16;1;1;1;10,71;1,17;-0,01;10
"502";105;2013;0,17;3,23;0,22;2015;0,09;0,04;0,04;0,1;0,15;1;1;1;9,91;0;0,14;7
"503";106;2013;0,07;1,75;0,1;2015;0;0;0;0;0,19;0;0;0;9,72;0;0,12;7
"504";107;2013;0,07;1,22;0,12;2015;0,13;0,14;0,12;0;0,14;1;1;1;10,85;0,35;0,04;2
"505";108;2013;0,09;0,95;0,15;2015;0,06;0,09;0,09;0,06;0,01;1;1;1;11,4;0,13;0,09;3
"506";109;2013;0,03;1,59;0,07;2015;0;0;0;0;0,01;0;0;0;9,98;0,97;0,11;3
"507";110;2013;0,04;1,16;0,15;2015;0,11;0,04;0,01;0;0,12;1;0;0;10,7;1,66;0,13;11
"508";111;2013;0,22;NA;2,22;2015;0,04;0,06;0,08;0,09;0,1;1;1;1;10,72;0,84;0,28;6
"509";112;2013;0,09;NA;0,35;2015;0,08;0,06;0,14;0;0,09;1;1;1;10,71;0,67;0,14;8
"510";113;2013;0,06;0,49;0,41;2015;0;0,09;0;0;0,07;1;1;1;10,77;2,5;0,09;6
"511";114;2013;0,03;0,55;0,24;2015;0;0;0;0;0,1;0;0;0;10,9;2;0,3;4
"512";115;2013;0,1;NA;0,2;2015;0;0;0;0;0,1;0;0;0;10,03;0,54;0,06;1
"513";116;2013;0,09;1,18;0,21;2015;0,01;0,04;0,04;0,02;0,14;1;1;0;9,95;0,79;0,12;5
"514";117;2013;0,08;1,15;0,13;2015;0;0;0;0;0,14;0;0;0;10,54;0,15;0,14;6
"515";118;2013;0,08;1,7;0,15;2015;0,01;0,01;0;0,01;0,14;1;1;0;10,92;0,26;0,14;1
"516";119;2013;0,07;1,31;0,17;2015;0;0;0;0;0,16;0;0;0;10,18;1,05;0,19;1
"517";120;2013;0,04;NA;1,59;2015;0;0;0;0;0,16;0;0;0;10,31;12,91;0,06;1
"518";121;2013;0,22;4,62;0,4;2015;0;0;0;0;0,1;0;0;0;9,46;1,05;0,08;1
"519";122;2013;0,1;1,62;0,2;2015;0,08;0,06;0;0;0,1;0;1;0;10,03;0,48;0,11;6
"520";123;2013;0,07;NA;0,22;2015;0,06;0,05;0,06;0,03;0,1;1;1;1;10,84;0,73;0,08;8
"521";124;2013;0,07;1,17;0,27;2015;0,13;0,08;0,09;0;0,07;1;1;1;9,91;1,1;0,1;2
"522";125;2013;0,03;0,75;0,09;2015;0,08;0,03;0,12;0,03;0,11;1;1;1;10,41;0,91;0,07;11
"523";126;2013;0,02;0,74;0,07;2015;0,05;0,02;0,09;0,11;0,06;1;1;1;11,06;0,92;0,11;11
"524";127;2013;0,04;1,21;0,15;2015;0,06;0,04;0;0;0,14;0;1;0;10,23;1,84;0,05;5
"525";128;2013;0;0,74;0;2015;0;0,02;0,06;0;0,01;1;1;1;10,63;0,39;0;3
"526";129;2013;0,07;0,56;0,13;2015;0,1;0,11;0;0;0,14;0;0;1;10,62;0,17;0,18;7
"527";130;2013;0,05;1,85;0,14;2015;0,13;0,14;0,14;0,06;0,1;1;1;1;10,29;0,82;0,07;8
"528";131;2013;0,08;2,11;0,16;2015;0;0;0;0;0,1;0;0;0;9,66;0,5;0,15;6
"529";132;2013;0,02;0,61;0,09;2015;0;0;0;0;0,12;0;0;0;10,67;0,99;0,07;11
"530";133;2013;0,07;NA;0,13;2015;0,06;0,07;0,1;0;0,13;1;1;1;10,66;0,25;0,12;7
"531";134;2013;0,1;1,28;0,34;2015;0,04;0,03;0;0;0,09;1;1;0;10,07;1,12;0,12;8
"532";135;2013;0,08;2,09;0,19;2015;0;0,04;0;0;0,13;0;1;0;10,38;0,36;0,08;6
"533";136;2013;0,07;1,65;0,15;2015;0;0,04;0;0;0,01;0;0;0;10,49;0,38;0,15;3
"534";137;2013;0,07;1,98;0,18;2015;0;0;0;0;0,05;0;0;0;10,6;1,07;0,05;3
"535";138;2013;0,01;1,55;0,04;2015;0;0;0;0;0,15;0;0;0;9,87;1,7;0,04;7
"536";139;2013;0,08;1,08;0,18;2015;0;0;0;0;0,14;0;0;0;10,36;1,03;0,76;4
"537";140;2013;0,05;1,59;0,1;2015;0;0,02;0,03;0;0,02;0;1;0;9,99;0,62;0,21;3
"538";141;2013;0,03;1,33;0,08;2015;0;0;0;0;0,14;1;0;0;10,73;0,57;0,02;5
"539";142;2013;0;0,85;-0,01;2015;0;0;0;0;0,05;0;0;0;10,64;1,43;0;3
"540";143;2013;0,02;0,54;0,08;2015;0;0,04;0;0;0,12;1;1;1;10,64;1,26;0,06;11
"541";144;2013;0,02;0,49;0,08;2015;0,06;0,07;0,02;0,13;0,12;1;1;1;10,9;0,8;0,07;11
"542";145;2013;0,03;1,47;0,11;2015;0;0,14;0;0;0,13;0;0;0;9,89;0,58;0,05;1
"543";146;2013;0,05;1,68;0,11;2015;0;0;0;0;0,15;0;0;0;9,6;1,11;0,33;4
"544";147;2013;0,04;0,4;0,34;2015;0,06;0,05;0,08;0,07;0,07;1;1;1;11,31;4,35;0,05;1
"545";148;2013;0,22;6,23;0,26;2015;0;0;0;0;0,1;0;0;0;9,32;0;0,13;6
"547";150;2013;0,05;0,91;0,1;2015;0,01;0,03;0;0,08;0,13;1;1;1;10,53;0,16;0,04;6
"548";151;2013;0,01;0,35;0,03;2015;0;0;0;0;0,12;0;0;1;10,7;1,25;0,03;11
"549";152;2013;0,04;1,38;0,09;2015;0;0;0;0;0,16;0;0;0;10,14;1,23;0,1;7
"550";153;2013;0,07;1,96;0,19;2015;0;0;0;0;0,16;0;0;0;9,98;1,05;0,13;7
"551";154;2013;0,01;0,18;0,13;2015;0;0,03;0;0;0,1;1;0;1;11,12;0;0,27;4
"552";155;2013;0,09;2,72;0,26;2015;0;0;0;0;0,16;0;0;0;9,59;0,38;0,32;7
"553";156;2013;0,03;1,03;-0,73;2015;0;0;0;0;0,1;0;0;0;12,51;339,01;-0,05;4
"554";157;2013;0,03;1,65;0,11;2015;0;0,11;0;0;0,16;1;1;1;10,73;1,33;0,13;1
"555";158;2013;0,07;0,9;0,19;2015;0;0;0;0;0,05;0;0;0;10,55;0,27;0,08;6
"556";159;2013;0,02;0,41;0,1;2015;0,08;0,07;0,07;0,07;0,11;1;1;1;11,82;1,7;0,09;6
"557";160;2013;0,01;1,34;0,04;2015;0,02;0,03;0;0,03;0,13;0;0;0;10,41;2,02;0,11;4
"558";161;2013;0,14;5,25;0,28;2015;0;0;0;0;0,17;0;0;0;10,35;0,35;0,27;5
"559";162;2013;0,08;1,67;0,26;2015;0,08;0,09;0,08;0,08;0,1;1;1;1;10,36;1,02;0,1;2
"560";163;2013;0,07;0,74;0,09;2015;0;0,02;0;0;0,13;1;1;1;10,45;0,15;0,25;7
"561";164;2013;0,03;0,4;0,12;2015;0,03;0,02;0,05;0,03;0,07;1;1;1;11,22;0,18;0,02;1
"562";165;2013;0,09;1,47;0,22;2015;0;0;0;0;0,09;0;0;0;9,89;0,15;0,05;1
"563";166;2013;0,17;2,16;0,42;2015;0;0,06;0;0;0,11;1;1;0;9,89;0,42;0,08;1
"564";167;2013;0,01;0,41;0,11;2015;0,11;0,07;0,08;0,11;0,1;1;1;1;11,96;2,26;0,23;4
"565";168;2013;0,16;3,07;0,25;2015;0,08;0,09;0;0;0,1;0;1;1;9,72;0,14;0,08;6
"566";169;2013;0,08;1,45;0,15;2015;0;0,04;0;0;0,02;1;1;0;10,47;0,58;0,07;3
"567";170;2013;0,06;1,6;-0,18;2015;0;0;0;0;0,14;0;0;1;10,46;-3,43;0,05;5
"568";171;2013;0,05;1,18;0,09;2015;0,06;0,04;0,09;0,09;0,15;1;1;1;10,3;0,81;0,46;4
"569";172;2013;0,13;2,74;0,34;2015;0,03;0,04;0,12;0,03;0,1;1;1;1;10,64;1,03;0,07;1
"570";173;2013;0,12;0,71;0,21;2015;0,1;0,1;0,12;0,04;0,03;1;1;1;10,63;0,22;0,21;3
"571";174;2013;0;0,05;0,01;2015;0,03;0,05;0,02;0,03;0,16;1;1;1;11,44;0,33;0,01;4
"572";175;2013;0,02;1,05;0,14;2015;0,04;0;0;0;0,12;1;0;0;10,42;2,9;0,05;1
"573";176;2013;0,08;1,83;0,26;2015;0,1;0,08;0,12;0,09;0,07;0;1;0;9,97;1,14;0,12;1
"574";177;2013;0,09;1,54;0,26;2015;0,04;0,01;0;0;0,12;1;1;1;10,66;0,39;0,1;6
"575";178;2013;0,07;NA;0,19;2015;0,01;0,03;0;0;0,12;1;0;1;9,94;0,45;0,1;1
"576";179;2013;0,11;2,13;0,17;2015;0,03;0,01;0,03;0,03;0,1;1;1;0;9,69;0,08;0,06;2
"577";180;2013;0,08;1,59;0,16;2015;0;0;0;0;0,12;0;0;0;9,75;0,16;0,05;5
"578";181;2013;0,02;1,46;0,04;2015;0;0,05;0;0;0,14;1;1;1;10,11;0,66;0,06;4
"579";182;2013;0,16;4,2;0,64;2015;0,14;0,1;0,12;0,12;0,1;1;1;1;9,73;1,12;0,11;2
"580";183;2013;0,06;0,7;0,13;2015;0,07;0,07;0,09;0,11;0,14;1;1;1;10,32;0,28;0,03;5
"581";184;2013;0,14;1,74;0,83;2015;0,02;0,02;0,04;0,06;0,17;1;1;1;11,1;1,44;0,17;7
"582";185;2013;0,01;0,46;0,08;2015;0;0;0;0;0,1;0;0;0;10,81;0,18;0,23;4
"583";186;2013;0,04;0,25;0,19;2015;0;0;0;0;0,04;0;0;0;10,5;1,53;0,05;6
"584";187;2013;0,04;4,53;0,09;2015;0;0,04;0,11;0,06;0,17;0;1;0;9,48;0,55;0,09;5
"586";189;2013;0,11;1,34;0,18;2015;0,08;0,07;0,06;0,03;0,13;1;1;1;10,97;0,23;0,18;7
"587";190;2013;0,17;4,92;0,29;2015;0;0,11;0;0;0,19;0;0;0;9,61;0,22;0,21;7
"588";191;2013;0,04;0,83;0,19;2015;0;0,04;0,03;0;0,08;1;1;1;10,5;1,09;0,05;8
"589";192;2013;0,02;0,68;0,12;2015;0;0;0;0;0,1;0;1;0;10,11;0,51;0,04;1
"590";193;2013;0,17;NA;0,19;2015;0;0;0;0;0,15;0;0;0;9,6;0;0,3;5
"591";194;2013;0,14;0,84;0,54;2015;0;0;0;0;0,18;0;0;0;9,57;0,01;0,2;7
"592";195;2013;0,09;1,76;0,17;2015;0,06;0,06;0,08;0,05;0,1;1;1;0;10,3;0,29;0,12;6
"593";196;2013;0,05;1,02;0,11;2015;0,11;0,06;0,1;0,07;0,1;1;1;1;10,28;0,69;0,2;4
"594";197;2013;0,13;3,39;0,36;2015;0;0,1;0;0;0,08;1;0;1;9,45;0,45;0,06;6
"595";198;2013;0,05;0,96;0,14;2015;0,09;0,09;0,1;0,02;0,09;1;1;1;10,49;0,5;0,04;1
"596";199;2013;0,11;1,82;0,2;2015;0,11;0,12;0,11;0,06;0,13;1;1;1;11,12;0,25;0,19;5
"597";200;2013;0,04;0,96;0,06;2015;0,03;0,05;0,09;0,14;0,15;1;1;1;10,01;0,14;0,09;7
"598";201;2013;0,01;0,15;0,08;2015;0,04;0,04;0,04;0,02;0,1;1;1;1;12,38;1,48;0,17;4
"599";202;2013;0,09;1,43;0,38;2015;0,12;0,1;0;0,12;0,11;1;0;0;9,93;1,36;0,06;1
"600";203;2013;0,12;1,88;0,62;2015;0,05;0,06;0,09;0,09;0,1;1;1;1;10,19;1,79;0,12;2
"601";204;2013;0,01;0,16;0,09;2015;0,01;0,03;0;0,01;0,1;1;1;1;10,97;0,76;0,21;4
"602";205;2013;0,05;1,24;0,12;2015;0,12;0,08;0,01;0;0,13;1;0;1;9,99;0,45;0,11;4
"603";206;2013;0,02;1,45;0,04;2015;0;0,13;0;0;0,13;0;0;0;9,74;0,91;0,19;7
"604";207;2013;0,1;2,26;0,16;2015;0,02;0,03;0,03;0,01;0,11;1;0;1;10,28;0,21;0,2;2
"605";208;2013;0,11;0,97;0,46;2015;0;0;0;0;0,05;0;0;0;10,88;1,11;0,1;3
"606";209;2013;0,02;1,43;0,09;2015;0;0;0;0;0,1;0;0;0;10,05;2,59;0,08;1
"607";210;2013;0,05;2,19;0,16;2015;0,09;0,11;0,09;0,1;0,07;1;1;1;10,95;2,15;0,04;2
"608";211;2013;0,08;NA;0,22;2015;0,08;0;0;0;0,13;1;1;0;10,41;0,63;0,15;2
"609";212;2013;0,06;0,84;0,33;2015;0,08;0,04;0,02;0,06;0,11;1;1;1;10,18;1,43;0,02;1
"610";213;2013;0,07;2,06;0,16;2015;0;0;0;0;0,18;0;0;0;9,87;0,33;0,05;6
"611";214;2013;0,05;0,24;0,11;2015;0;0;0;0;0,12;1;0;0;10,9;0,55;0,15;4
"612";215;2013;0,14;3,33;-0,98;2015;0;0,04;0;0;0,1;1;0;1;9,82;-6,07;0,09;1
"613";216;2013;0,09;1,44;0,22;2015;0;0;0;0;0,14;0;0;0;9,84;1,16;0,1;5
"614";217;2013;0,05;0,77;0,13;2015;0;0;0;0;0,02;0;0;1;10,15;0,61;0,06;6
"615";218;2013;0,2;NA;0,41;2015;0;0,04;0;0;0,13;0;0;0;9,36;0,93;0,32;7
"616";219;2013;0,14;1,62;0,29;2015;0,12;0,03;0;0;0,14;1;1;1;10,55;0,24;0,2;5
"617";220;2013;0,08;1,43;1,2;2015;0,08;0,09;0,06;0,13;0,05;1;1;1;10,56;1,25;0,07;6
"618";221;2013;0,01;0,08;0,09;2015;0,03;0,07;0;0;0,16;1;0;0;11,37;0,4;0,1;4
"619";222;2013;-0,07;1,6;-1,47;2015;0;0;0;0;0,01;0;0;0;9,99;36,6;-1,9;3
"620";223;2013;0,07;1,78;0,17;2015;0;0,01;0;0;0,1;0;0;0;10,53;0,8;0,04;1
"621";224;2013;0,09;NA;0,15;2015;0;0;0;0,09;0,13;0;0;0;9,88;0,17;0,15;7
"622";225;2013;0;NA;-0,01;2015;0;0;0;0;0,16;0;0;1;9,85;0,25;-0,01;1
"623";226;2013;0,01;0,86;0,03;2015;0,03;0,04;0,11;0;0,1;0;1;1;10,29;0,51;0,04;6
"624";227;2013;0,1;3,15;0,31;2015;0,09;0,1;0,08;0,07;0,07;1;1;1;10,36;1,22;0,17;1
"625";228;2013;0,04;1,49;0,11;2015;0,04;0,06;0,09;0,02;0,06;1;1;0;10,44;0,3;0,04;8
"626";229;2013;0,15;0,97;0,32;2015;0;0;0;0;0,12;1;0;0;10,35;0,46;0,09;1
"628";231;2013;0,24;1,45;0,43;2015;0,02;0,01;0;0,02;0,13;0;0;1;9,96;1,36;0,37;4
"629";232;2013;0,05;2,74;0,13;2015;0,04;0,04;0,02;0;0,12;1;0;1;9,83;1,36;0,41;1
"630";233;2013;0,1;1,25;0,63;2015;0,1;0,12;0,12;0,02;0,12;1;0;1;9,84;6,39;0,05;6
"631";234;2013;0,04;2,39;0,65;2015;0;0,01;0;0;0,1;1;1;0;9,81;6,39;0,03;1
"632";235;2013;0,14;2,96;0,3;2015;0,02;0,11;0;0;0,1;1;1;1;10,56;0,49;0,14;1
"633";236;2013;0,13;2,06;0,32;2015;0,06;0,04;0;0;0,13;1;0;0;9,6;1,17;0,17;7
"634";237;2013;0,09;1,05;0,17;2015;0;0,12;0;0;0,14;0;0;0;10,56;0,59;0,18;5
"635";238;2013;0,03;3,88;0,15;2015;0;0;0;0;0,1;0;0;0;9,64;0,56;0,01;4
"636";239;2013;0,2;1,05;0,12;2015;0,08;0,09;0,09;0;0,1;1;1;1;10,86;6,24;0,27;2
"637";240;2013;0;0,07;0,05;2015;0,09;0,12;0,09;0,09;0,16;1;1;1;11,95;0,35;0,05;4
"638";241;2013;0,08;NA;0,12;2015;0;0;0;0;0,05;0;0;0;9,25;0,02;0,04;3
"639";242;2013;-0,01;0,94;-0,04;2015;0,06;0,08;0,06;0,06;0,07;1;1;1;10,42;3,18;-0,02;1
"640";243;2013;0,04;1,32;0,08;2015;0;0,02;0,01;0,01;0,14;0;0;1;9,93;0,48;0,05;1
"641";244;2013;0,19;NA;0,61;2015;0,09;0,13;0,12;0,11;0,1;1;1;1;9,54;3,46;0,15;2
"642";245;2013;0,09;2,19;0,22;2015;0,12;0,11;0,13;0,06;0,1;1;1;0;9,65;0,53;0,09;2
"643";246;2013;0,02;0,28;0,05;2015;0;0,02;0;0;0,16;0;1;1;10,38;0,34;0,07;4
"644";247;2013;0,08;1,57;0,19;2015;0;0,02;0;0;0,14;1;1;1;10,23;0,33;0,11;4
"645";248;2013;0,14;2,75;0,26;2015;0,03;0,03;0,03;0,02;0,11;1;1;1;10,53;0,25;0,15;6
"646";249;2013;0,25;NA;0,39;2015;0;0;0;0;0,07;0;0;0;9,15;0;0,15;2
"647";250;2013;0,13;2,61;1,24;2015;0,08;0,12;0,05;0,12;0,01;0;1;1;10,54;3,4;0,19;2
"648";251;2013;0,11;2,36;0,19;2015;0,09;0,06;0,09;0,11;0,07;1;1;1;10,38;0,24;0,17;8
"649";252;2013;0,06;0,81;0,09;2015;0,02;0,05;0,02;0,01;0,1;1;1;1;10,29;0,27;0,12;8
"650";253;2013;0,09;0,98;0,36;2015;0,05;0,07;0;0,08;0,01;1;0;0;10,45;0,67;0,13;3
"651";254;2013;0,08;1,41;0,24;2015;0,02;0,04;0,06;0,1;0,14;1;1;1;11,02;0,61;0,03;5
"652";255;2013;0,04;0,91;0,09;2015;0,03;0,06;0;0;0,01;1;1;0;10,55;0,5;0,1;3
"653";256;2013;0,05;0,28;0,09;2015;0,04;0,04;0;0,12;0,1;1;1;1;11,92;0,33;0,12;4
"654";257;2013;0;1,68;0,05;2015;0,05;0,03;0,06;0,08;0,18;1;1;1;11,19;2,35;0,09;7
"655";258;2013;0,12;1,34;0,23;2015;0,01;0,02;0;0,01;0,14;1;1;1;10,07;0,2;0,22;7
"656";259;2013;0,01;0,16;0,11;2015;0;0,01;0;0;0,08;1;1;0;10,93;0,49;0,23;4
"657";260;2013;0,11;1,1;0,22;2015;0;0,02;0;0;0,13;0;0;1;10,3;0,46;0,16;7
"658";261;2013;0,12;1,71;0,18;2015;0,06;0,06;0,06;0,06;0,13;0;0;1;9,6;0,2;0,19;7
"659";262;2013;0,05;1,45;0,21;2015;0;0;0;0;0,14;0;0;0;10,18;2,58;0,09;5
"660";263;2013;0,05;1,47;0,11;2015;0,05;0,06;0,06;0;0,01;0;1;0;10,29;0,5;0,2;3
"661";264;2013;-0,09;0,93;-0,21;2015;0,01;0,05;0,03;0;0,14;1;1;0;10,84;0,61;0,13;11
"662";265;2013;0,02;0,62;0,1;2015;0,04;0,05;0,01;0,01;0,02;1;1;1;10,39;0,37;0,03;8
"663";266;2013;0,17;3,98;0,26;2015;0;0;0;0;0,16;0;0;1;9,73;0,11;0,11;1
"664";267;2013;0,05;3,46;0,13;2015;0,02;0,03;0,11;0,12;0,13;1;1;1;10,25;1,13;0,13;1
"665";268;2013;0,07;NA;0,2;2015;0;0;0;0;0,1;0;0;0;10,19;0,56;0,08;6
"666";269;2013;0,03;-0,78;0,28;2015;0;0;0;0;0,05;0;0;0;13,91;0,07;0,92;4
"667";270;2013;0,07;1,03;0,11;2015;0,1;0,06;0;0;0,07;1;1;1;10,42;0,14;0,1;6
"668";271;2013;0,06;0,79;0,18;2015;0;0;0;0;0,02;1;0;0;10,54;0,79;0,17;3
"669";272;2013;-0,09;NA;-0,23;2015;0;0;0;0;0,17;0;0;0;9,07;1,05;-0,17;7
"670";273;2013;0,01;1,13;0,09;2015;0,05;0,05;0;0,11;0,18;1;1;1;10,51;0,79;0,18;6
"671";274;2013;0,03;-0,13;0,06;2015;0,05;0,03;0;0;0,1;0;0;1;11,01;0,57;0,03;4
"672";275;2013;0,08;1,11;0,1;2015;0;0;0;0;0,08;0;0;0;10,18;0,57;0,11;8
"673";276;2013;0,08;1;0,23;2015;0,12;0,11;0,11;0,09;0,13;1;0;1;9,76;0,8;0,08;7
"674";277;2013;0,09;1,65;0,24;2015;0,05;0,03;0,13;0,1;0,15;0;1;1;9,78;0,94;0,2;1
"675";278;2013;0,03;1,27;0,04;2015;0;0;0;0;0,13;0;0;0;10;0,87;0,26;4
"676";279;2013;0,02;1,09;0,12;2015;0;0,12;0;0;0,06;1;0;0;10,25;3,85;0,02;3
"677";280;2013;0,05;1,08;0,3;2015;0,12;0,07;0;0;0,1;1;1;0;10,34;1,13;0,07;1
"678";281;2013;0,13;1,77;0,25;2015;0;0,07;0;0;0,18;1;1;0;10,93;0,52;0,29;7
"679";282;2013;0,11;2,41;0,33;2015;0;0;0;0;0,1;0;0;0;9,78;0,71;0,1;1
"680";283;2013;0,09;1,1;0,14;2015;0,02;0,03;0,01;0,07;0,02;1;1;1;10,84;0,16;0,24;3
"681";284;2013;0,05;1,27;0,14;2015;0;0;0;0;0,05;0;0;0;10,31;0,88;0,02;3
"682";285;2013;0,09;NA;0,34;2015;0;0;0;0;0,16;0;0;0;9,78;0;0,25;7
"683";286;2013;0,06;0,88;0,19;2015;0;0,08;0;0;0,07;1;0;1;10,32;0,02;0,07;6
"684";287;2013;0,02;0,59;0,06;2015;0,08;0,11;0,03;0,1;0,12;1;1;1;10,75;0,89;0,05;11
"685";288;2013;0,2;NA;0,33;2015;0;0;0;0;0,13;0;0;0;10,02;0,25;0,28;1
"686";289;2013;0,04;0,72;0,11;2015;0;0;0;0;0,12;1;0;1;10,51;0,68;0,12;11
"687";290;2013;0,09;1,9;0,29;2015;0,02;0,04;0,08;0,08;0,07;1;1;1;10,89;1;0,1;2
"688";291;2013;0,12;1,13;0,28;2015;0,04;0,06;0,03;0,04;0,14;1;1;1;11,24;0,4;0,43;5
"689";292;2013;0;0,07;0,09;2015;0,02;0,03;0,01;0,04;0,16;1;1;1;11,32;0,27;0,09;4
"690";293;2013;0,08;1,73;0,16;2015;0,04;0,07;0,04;0,11;0,12;1;1;0;11,16;0,32;0,13;2
"691";294;2013;0,05;0,6;0,19;2015;0;0;0;0;0,16;0;0;0;10,39;0,3;0,07;4
"692";295;2013;0,08;1,42;0,17;2015;0,08;0,06;0;0;0,12;0;1;0;10,11;0,47;0,08;6
"693";296;2013;0,01;1,12;0,02;2015;0,13;0,14;0,04;0,07;0,14;1;1;1;10,17;0,66;0,18;4
"694";297;2013;0,23;4,26;-1,51;2015;0,11;0,09;0,13;0,08;0;1;0;1;10,58;-3,56;0,11;2
"695";298;2013;0,01;0,22;0,1;2015;0,02;0,03;0,02;0,06;0,09;1;0;1;11,51;0,87;0,25;4
"696";299;2013;0,2;1,68;0,65;2015;0;0,11;0;0;0,1;1;1;0;10,2;0,68;0,21;8
"697";300;2013;0,04;0,82;0,13;2015;0;0;0;0,11;0,12;0;0;0;10,67;1,38;0,15;11
"698";301;2013;0;0,08;-0,02;2015;0,06;0,06;0,05;0,08;0,14;1;1;0;11,86;0,76;-0,02;4
"699";302;2013;0,07;0,91;0,17;2015;0;0;0;0;0,04;0;0;1;10,7;0,28;0,02;3
"700";303;2013;0,09;2,27;0,28;2015;0,04;0,02;0,07;0,11;0,06;1;1;1;10,31;1,21;0,15;8
"701";304;2013;-0,06;2,31;-0,12;2015;0;0;0;0;0,01;0;0;0;10,09;0,4;-0,24;3
"702";305;2013;0,15;2,38;0,18;2015;0,12;0,12;0,15;0,06;0,13;0;1;1;10,67;0;0,27;7
"703";306;2013;0,11;NA;0,34;2015;0,04;0,02;0,05;0,01;0;1;0;1;10,19;0,99;0,21;2
"704";307;2013;0,04;1,01;0,09;2015;0,02;0,01;0,1;0,08;0,12;1;1;1;10,3;0,92;0,09;1
"706";309;2013;0,01;0,11;0,07;2015;0;0;0;0;0,1;0;0;0;11,07;0,32;0,21;4
"707";310;2013;0,06;2,96;0,12;2015;0;0;0;0;0,19;0;0;0;9,46;0,03;0,12;7
"708";311;2013;0,13;2,27;0,19;2015;0;0,07;0;0;0,12;0;0;0;9,78;0,14;0,1;1
"709";312;2013;0,14;2,55;0,35;2015;0;0,08;0,12;0,09;0,12;1;1;1;9,77;0,43;0,12;6
"710";313;2013;0,07;1,82;0,14;2015;0;0;0;0;0,13;0;0;0;9,91;0,62;0,19;6
"711";314;2013;0,22;4,14;0,46;2015;0;0;0;0;0,11;0;0;0;9,6;0,08;0,08;1
"712";315;2013;0,03;0,97;0,08;2015;0;0,01;0;0;0,13;1;0;1;10,3;0,89;0,06;6
"713";316;2013;0,08;0,95;0,22;2015;0,09;0,09;0,08;0,07;0,05;1;1;1;10,41;0,43;0,08;6
"714";317;2013;-0,03;NA;-0,12;2015;0,09;0,11;0,07;0,05;0,16;1;1;1;10,93;1,25;-0,12;10
"715";318;2013;-0,01;2,56;-0,12;2015;0;0;0;0;0,16;0;0;0;9,83;15,12;-0,04;10
"716";319;2013;0,01;5,9;0,02;2015;0,1;0,08;0;0;0,1;1;1;1;10,01;0,42;0,01;1
"717";320;2013;0,01;0,36;0,11;2015;0,06;0,02;0,01;0;0,1;0;0;0;11,16;0,2;0,19;4
"718";321;2013;0,03;NA;0,12;2015;0,12;0,03;0,02;0,1;0,06;1;1;1;10,53;1,53;0,19;3
"719";322;2013;0,12;2,96;0,42;2015;0,11;0,12;0;0;0,12;1;1;0;9,8;0,65;0,07;8
"720";323;2013;0,04;2,9;0,11;2015;0;0;0;0;0,16;0;0;0;9,95;1,13;0,1;1
"721";324;2013;0,06;1,38;0,11;2015;0;0,06;0;0;0,1;1;0;1;9,97;0,36;0,1;2
"722";325;2013;0,1;1,72;0,18;2015;0,04;0,07;0,12;0,12;0,02;1;0;1;10,83;0,26;0,15;3
"723";326;2013;0,01;1,03;0,02;2015;0;0,02;0;0;0,14;0;0;0;10,17;1,11;0,07;4
"724";327;2013;0,11;NA;0,15;2015;0;0,05;0;0;0,13;1;0;1;10,02;0,28;0,17;7
"725";328;2013;0,03;0,89;0,09;2015;0;0,02;0,04;0;0,12;1;0;0;10,81;1,12;0,1;11
"726";329;2013;0,04;2,05;0,23;2015;0,03;0,07;0;0;0,13;1;1;1;10,52;3,88;0,31;4
"727";330;2013;0,08;2,85;0,19;2015;0;0;0;0;0,13;0;0;0;9,59;0,73;0,15;6
"728";331;2013;0,03;0,9;0,09;2015;0;0,09;0,09;0;0,11;1;1;1;10,57;1,02;0,09;11
"729";332;2013;0,01;0,19;0,06;2015;0;0;0;0;0,1;0;0;0;11,24;0,52;0,16;4
"730";333;2013;0,07;0,19;0,18;2015;0,12;0,07;0,08;0;0,15;0;0;0;10,01;0,83;0,13;5
"731";334;2013;0,01;-0,1;0,11;2015;0,01;0,03;0,01;0;0,1;0;1;1;11,39;0,49;0,21;4
"732";335;2013;0,16;1,34;0,49;2015;0,08;0,12;0,01;0,05;0,1;0;0;1;10,16;1,44;0,39;2
"733";336;2013;0,03;0,94;0,07;2015;0,09;0,09;0,13;0,12;0,15;1;0;1;10,22;0,56;0,04;6
"734";337;2013;0,07;1,62;0,12;2015;0;0,1;0;0;0,15;1;0;0;10,2;0,3;0,11;5
"735";338;2013;0,06;1,31;0,16;2015;0,01;0,02;0,03;0,01;0,19;1;0;1;10,12;0,36;0,13;7
"736";339;2013;0,08;1,63;0,19;2015;0;0,07;0;0;0,13;0;1;0;10,11;0,56;0,02;2
"737";340;2013;0,07;0,95;0,21;2015;0,06;0,03;0,04;0,04;0,16;1;1;1;11,44;0,76;0,14;10
"738";341;2013;0,04;0,91;0,07;2015;0,03;0,05;0,03;0,06;0,08;1;1;1;10,19;0,37;0,09;2
"739";342;2013;0,05;2,12;1,04;2015;0;0;0;0;0,13;0;0;0;9,8;-24,47;0,13;6
"740";343;2013;0,05;1,19;0,15;2015;0,04;0,06;0,05;0;0,12;1;1;1;10,67;0,78;0,03;1
"741";344;2013;0,1;1,68;0,17;2015;0,12;0,09;0;0;0,1;0;1;1;9,69;0,27;0,12;1
"742";345;2013;0,22;3,95;0,56;2015;0;0;0;0;0,11;1;0;0;10,03;0,31;0,08;1
"743";346;2013;0,04;1,35;0,08;2015;0,09;0,05;0;0;0,15;1;0;1;10,5;0,56;0,1;5
"744";347;2013;0;0,81;0;2015;0;0;0;0;0,16;0;0;0;10,7;1,18;0;10
"745";348;2013;0,06;1,21;0,12;2015;0;0,03;0;0;0,13;1;1;1;10,51;0,36;0,16;1
"746";349;2013;0,14;7,94;0,25;2015;0;0;0;0;0,13;0;0;0;9,17;0,35;0,22;1
"747";350;2013;0,21;NA;0,23;2015;0,06;0,04;0,06;0,09;0,1;0;0;1;9,7;0;0,3;4
"748";351;2013;0,04;0,27;0,15;2015;0;0,02;0;0;0,16;1;1;0;11,02;0,25;0,14;4
"749";352;2013;0,17;5,34;0,29;2015;0;0;0;0;0,1;0;0;0;9,28;0;0,06;1
"750";353;2013;-0,04;7,66;-0,15;2015;0;0;0;0;0,16;0;0;0;9,38;0,9;-0,04;1
"751";354;2013;0,07;0,9;0,14;2015;0;0,03;0,03;0;0,1;0;0;0;10,07;0,3;0,02;2
"752";355;2013;0,04;NA;0,29;2015;0;0;0;0;0,16;0;0;1;10,68;3,35;0,09;1
"753";356;2013;0,06;1,15;0,12;2015;0;0,09;0;0;0,16;0;1;0;10,83;0,67;0,12;1
"754";357;2013;0,11;2,45;0,19;2015;0,04;0,02;0,06;0,08;0,1;0;1;0;10,28;0,38;0,17;7
"755";358;2013;0,04;0,84;0,14;2015;0,02;0,02;0,02;0,11;0,07;1;1;0;10,11;0,73;0,04;6
"756";359;2013;0,12;NA;0,17;2015;0;0;0;0;0,12;0;0;0;9,2;0,05;0,08;1
"757";360;2013;0,02;0,74;0,38;2015;0,09;0,1;0,03;0,04;0,1;1;1;1;10,57;3,66;0,01;6
"758";361;2013;0,06;1,3;0,15;2015;0;0;0;0;0,14;0;0;0;9,92;0,86;0,07;5
"759";362;2013;0,07;1,18;0,18;2015;0,13;0,13;0,13;0,11;0,14;0;1;1;10,91;0,46;0,05;5
"760";363;2013;0,01;0,15;0,1;2015;0,02;0,03;0,03;0,08;0,16;1;0;1;10,77;0,3;0,08;4
"761";364;2013;0,12;2,81;0,98;2015;0,03;0,04;0,05;0,15;0,13;1;0;1;10,56;1,68;0,08;6
"762";365;2013;0,02;0,32;0,16;2015;0,03;0,03;0;0;0,1;1;1;0;11,56;0,55;0,29;4
"763";366;2013;0,07;1,3;0,19;2015;0;0,03;0,05;0,03;0,12;1;1;1;10,96;0,57;0,1;6
"764";367;2013;0,14;3,79;0,19;2015;0,03;0,13;0;0;0,1;1;0;0;10,56;0;0,42;7
"765";368;2013;0,12;2,58;0,22;2015;0,02;0,04;0,01;0,02;0,12;1;1;1;10,01;0,23;0,11;1
"766";369;2013;0,11;1,6;0,42;2015;0,11;0,12;0,04;0,02;0,16;1;0;0;10,36;2,47;0,18;1
"767";370;2013;0,06;NA;0,15;2015;0;0;0;0;0,02;0;1;0;10,67;0,32;0,02;3
"768";371;2013;0,08;2,81;0,14;2015;0;0;0;0;0,19;0;0;0;10,09;0,08;0,16;7
"769";372;2013;0,02;1,1;0,07;2015;0,03;0,02;0,04;0,1;0,14;0;0;1;10,3;1,82;0,14;4
"770";373;2013;0,14;4,88;0,8;2015;0;0;0;0;0,16;0;0;0;9,4;2,32;0,22;6
"771";374;2013;-0,18;6,98;-0,38;2015;0;0;0;0;0,17;0;0;0;9,37;0,36;-0,37;5
"772";375;2013;0,02;1,28;0,05;2015;0;0,06;0;0;0,15;1;1;1;10,3;1,06;0,16;4
"773";376;2013;0,05;0,68;0,33;2015;0,1;0,06;0;0;0,16;1;1;1;11,44;2,31;0,1;10
"774";377;2013;0,08;2,12;0,14;2015;0;0,06;0;0;0,15;0;0;0;9,55;0,22;0,04;5
"775";378;2013;0,12;1,59;0,23;2015;0;0,06;0;0;0,14;1;0;0;10,56;0,65;0,22;2
"777";380;2013;0,07;1,17;0,13;2015;0,01;0;0,03;0,13;0,11;0;1;0;10,18;0,19;0,07;7
"778";381;2013;0,01;0,27;0,14;2015;0,02;0,03;0,01;0,02;0,1;1;1;1;12,18;0,99;0,25;4
"779";382;2013;0,1;NA;0,15;2015;0,09;0,02;0,05;0,02;0,13;1;1;0;9,74;0,01;0,04;2
"780";383;2013;0,05;0,88;0,18;2015;0,05;0,05;0,07;0,06;0,15;1;1;0;10,19;0,37;0,04;1
"781";384;2013;0,06;1,35;0,23;2015;0;0,02;0;0;0,15;1;1;1;10,35;1,42;0,09;6
"782";385;2013;0,02;1,4;0,09;2015;0;0;0;0;0,01;0;0;1;10,43;2,33;0,06;3
"783";386;2013;0,08;1,43;0,24;2015;0;0,07;0;0;0,12;1;1;1;11,32;0,61;0,04;2
"784";387;2013;0,08;1,26;0,8;2015;0,12;0;0,13;0;0,1;1;1;0;10,01;3,81;0,14;7
"785";388;2013;0,04;1,55;0,1;2015;0,01;0,03;0,03;0,05;0,14;1;1;1;10,16;0,8;0,07;4
"786";389;2013;0,04;1,43;0,26;2015;0,06;0,08;0,04;0,02;0,12;1;1;1;9,99;2,84;0,09;1
"787";390;2013;0,08;1,42;0,15;2015;0;0;0;0;0,01;0;0;0;9,86;0,23;0,28;3
"788";391;2013;0,03;0,75;0,1;2015;0,02;0,04;0;0,02;0,11;1;1;1;10,53;1,14;0,09;11
"789";392;2013;0,12;2,14;0,21;2015;0;0,1;0;0;0,13;1;1;0;9,7;0,31;0,26;7
"790";393;2013;0,09;1,32;0,19;2015;0,05;0,08;0,1;0,14;0,02;1;1;1;11,54;0,04;0,08;3
"791";394;2013;0,03;0,49;0,08;2015;0,04;0,07;0,07;0,03;0,16;1;1;1;10,46;0,59;0,05;7
"792";395;2013;0,08;NA;0,1;2015;0;0,03;0;0;0,18;1;0;1;10,23;0,09;0,29;7
"793";396;2013;0,12;3,17;0,49;2015;0,05;0,05;0;0;0,1;1;0;1;9,94;1,35;0,08;1
"794";397;2013;0,08;1,5;0,13;2015;0;0,1;0;0;0,15;0;0;0;9,98;0,27;0,16;5
"795";1;2014;0,05;1,03;0,09;2016;0,06;0,11;0,01;0,09;0,14;1;0;1;10,03;0,52;0,07;5
"796";2;2014;0,06;NA;0,27;2016;0;0,05;0,03;0,06;0,1;1;1;0;10,64;0,9;0,05;6
"797";3;2014;0,19;1,53;0,37;2016;0;0,06;0;0;0,1;0;0;0;9,9;0,26;0,22;1
"798";4;2014;0,11;2,54;0,34;2016;0,1;0,15;0,12;0,11;0,11;1;0;1;11,42;7,41;0,23;7
"799";5;2014;0,01;NA;0,29;2016;0,07;0,04;0,02;0,05;0,14;1;0;1;10,44;3,38;0;5
"800";6;2014;0,05;0,9;0,1;2016;0;0,06;0;0;0,14;0;0;0;10,4;0,16;0,11;5
"801";7;2014;0,04;1,66;0,13;2016;0,01;0,01;0,01;0,05;0,14;1;0;1;10,62;1,38;0,07;5
"802";8;2014;0,03;1,7;0,04;2016;0,05;0,04;0,09;0,01;0,18;1;1;1;9,27;0,13;0,06;6
"803";9;2014;0,09;3,2;0,13;2016;0,06;0,08;0,08;0,03;0,19;1;1;1;10,03;0,18;0,22;7
"804";10;2014;0,05;1,95;0,11;2016;0,09;0,09;0,07;0,05;0,13;0;1;1;9,84;0,28;0,03;7
"805";11;2014;0,04;0,64;0,23;2016;0,01;0,02;0,06;0;0,09;1;1;0;10,64;0,28;0,12;2
"806";12;2014;0,03;0,86;0,38;2016;0;0,07;0;0;0,16;0;1;0;10,64;1,67;0,1;7
"807";13;2014;0,03;0,93;0,05;2016;0;0,05;0;0;0,16;0;0;0;10,31;0,33;0,05;7
"808";14;2014;0,03;2,65;0,09;2016;0,14;0,14;0;0,05;0,19;1;1;1;9,68;0,93;0,1;7
"809";15;2014;0,03;0,8;0,1;2016;0,07;0,01;0,01;0;0,12;1;1;0;10,36;0,96;0,1;11
"810";16;2014;0,04;0,83;0,14;2016;0;0,01;0,02;0;0,12;1;1;0;10,78;0,54;0,04;11
"811";17;2014;0,02;0,8;0,17;2016;0,13;0,12;0,11;0;0,14;0;1;1;10,73;0,54;0,13;5
"812";18;2014;0,02;0,29;0,18;2016;0,06;0,07;0,06;0,1;0,16;1;1;1;11,08;0,29;0,13;4
"813";19;2014;0,01;NA;0,07;2016;0,14;0,13;0,13;0;0,14;1;1;1;10,09;0,52;0,12;5
"814";20;2014;0,09;NA;0,12;2016;0;0,09;0;0;0,15;1;1;0;11,71;0,21;0,17;4
"815";21;2014;0,03;2,72;0,13;2016;0,05;0,04;0;0,15;0,18;1;1;1;9,6;0,21;0,08;7
"816";22;2014;0,17;0,26;0,22;2016;0,01;0,03;0,06;0,08;0,16;1;1;1;11,04;0,25;0,29;4
"818";24;2014;0,09;1,88;0,17;2016;0,1;0,1;0,09;0,03;0,13;1;1;0;10,12;0,44;0,15;7
"819";25;2014;0,06;2,1;0,18;2016;0;0,05;0;0;0,13;0;0;0;9,81;0,72;0,18;6
"820";26;2014;0,07;1,72;0,21;2016;0;0,06;0;0;0,1;0;0;0;9,89;1,34;0,26;4
"821";27;2014;0,01;1,79;0,2;2016;0,06;0,07;0,06;0,07;0,17;1;1;1;10,84;1,17;0,13;5
"822";28;2014;0,01;0,19;0,2;2016;0;0,07;0;0;0,1;0;0;0;11,17;1,22;0,13;4
"823";29;2014;0,04;2,53;0,2;2016;0;0,04;0;0;0,15;0;0;0;10,33;3,47;0,2;4
"824";30;2014;-0,01;2,74;-0,02;2016;0;0,06;0;0;0,12;0;0;0;10,74;1,05;0;1
"825";31;2014;0,06;0,72;0,19;2016;0,06;0,08;0,07;0,09;0,01;0;1;0;10,22;0,96;0,02;3
"826";32;2014;-0,08;0,57;-0,18;2016;0;0,04;0;0;0,01;1;0;1;10,75;0,45;-0,39;3
"827";33;2014;-0,03;0,93;-0,09;2016;0;0,04;0;0;0,01;1;1;1;10,79;0,77;-0,09;3
"828";34;2014;0,06;1,88;0,14;2016;0,01;0,02;0,08;0,12;0,08;1;1;1;10,25;0,65;0,1;8
"829";35;2014;0,11;NA;0,24;2016;0;0,06;0;0;0,13;0;0;0;9,85;0,92;0,13;7
"830";36;2014;0,06;1,03;0,12;2016;0;0,02;0;0;0,1;0;0;0;10,17;0,6;0,19;7
"831";37;2014;0,04;1,73;0,08;2016;0,06;0,06;0,01;0,04;0,14;1;0;0;10,21;0,72;0,41;4
"832";38;2014;0,03;0,98;0,09;2016;0;0,03;0;0;0,18;1;0;0;10,21;1,11;0,14;11
"833";39;2014;0,04;0,62;0,29;2016;0,11;0,13;0,1;0,01;0,1;1;1;0;11,2;2,8;0,17;4
"834";40;2014;0,15;3,06;-0,64;2016;0;0,07;0;0;0,1;0;0;0;9,89;-2,66;0,11;1
"835";41;2014;0,06;0,87;0,42;2016;0,08;0,08;0,12;0,1;0,09;1;1;1;11;0,94;0,06;6
"836";42;2014;0;0,11;0,02;2016;0,03;0,04;0,02;0,02;0,1;1;1;1;12,32;1,08;0,05;4
"837";43;2014;0,1;NA;0,3;2016;0;0,02;0;0,01;0,14;1;1;1;10,41;0,94;0,15;5
"838";44;2014;0,14;1,7;0,28;2016;0;0,07;0;0;0,1;0;0;0;9,87;0,47;0,08;1
"839";45;2014;0,01;0,33;0,09;2016;0;0,03;0;0;0,1;0;0;0;11,27;1,07;0,22;4
"840";46;2014;0,07;0,54;0,23;2016;0,13;0,11;0,09;0,06;0,1;1;1;1;10,2;0,35;0,02;1
"841";47;2014;0,06;NA;0,16;2016;0;0,07;0;0;0,12;0;0;0;9,71;0,78;0,09;5
"842";48;2014;0,08;1,45;0,22;2016;0,03;0,04;0,03;0,03;0,14;1;1;0;10,27;1,96;0,14;5
"843";49;2014;0,14;1,57;0,21;2016;0;0,09;0;0;0,1;1;0;0;10,21;0,19;0,28;4
"844";50;2014;0,16;4,43;0,33;2016;0,09;0,1;0,14;0;0,1;1;1;1;9,63;0,48;0,17;2
"845";51;2014;0,02;0,58;0,06;2016;0,03;0,07;0,07;0,05;0,1;0;1;0;10,33;0,37;0,01;2
"846";52;2014;0,06;NA;0,09;2016;0,1;0,09;0,06;0,02;0,03;1;1;1;10,46;0,21;0,07;3
"847";53;2014;0,22;5;0,29;2016;0,13;0,14;0,11;0,14;0,17;0;1;1;10,16;0,05;0,3;5
"848";54;2014;0,01;-0,07;0,07;2016;0,02;0,02;0,05;0,03;0,1;1;1;1;11,59;0,59;0,16;4
"849";55;2014;0,27;NA;0,4;2016;0;0;0;0;0,05;0;0;0;8,79;0;0,13;3
"850";56;2014;0,01;0,26;0,12;2016;0,11;0,09;0;0;0,1;1;0;1;11,38;0,18;0,3;4
"851";57;2014;0,06;1,59;0,41;2016;0,09;0,08;0,11;0,13;0,09;1;1;1;9,88;2,9;0,05;8
"852";58;2014;-0,06;5,24;-0,09;2016;0;0,02;0;0;0,17;0;0;1;9,39;0,43;-0,18;5
"853";59;2014;0,06;2,92;0,13;2016;0,02;0,07;0,09;0,08;0,14;1;1;1;10,53;0,49;0,13;5
"854";60;2014;0,04;0,75;0,08;2016;0;0,06;0;0;0,12;0;0;0;11,72;0,01;0,1;4
"855";61;2014;-0,01;1,21;-0,02;2016;0,08;0,07;0,09;0,12;0,15;1;1;1;10,23;0,6;-0,02;5
"856";62;2014;0,09;1,71;0,18;2016;0;0,09;0;0;0,07;0;0;0;9,86;0,2;0,08;1
"857";63;2014;0,05;0,79;0,15;2016;0;0;0;0;0,1;0;0;0;10,5;0,78;0,21;4
"858";64;2014;0,02;1,41;0,08;2016;0;0,08;0;0;0,14;0;0;0;10,3;1,83;0,18;4
"859";65;2014;0;0,17;0,03;2016;0,05;0,06;0,03;0,02;0,1;1;1;1;12,27;1,11;0,09;4
"860";66;2014;0,07;1,25;0,14;2016;0,06;0,03;0,09;0,07;0,19;1;0;1;10,04;0,22;0,19;7
"861";67;2014;0,02;0,98;0,07;2016;0,02;0,04;0,02;0;0,1;1;1;1;10,29;1,38;0,02;2
"862";68;2014;0,04;1;0,17;2016;0,05;0,07;0,06;0,1;0,14;1;0;1;10,44;0,61;0,01;5
"863";69;2014;0,06;NA;0,17;2016;0;0,07;0;0;0,02;0;0;0;10,11;0,62;0,08;3
"864";70;2014;0,04;0,85;0,19;2016;0,04;0,04;0,05;0,06;0,07;0;1;0;10,93;1,66;0,07;6
"865";71;2014;0,07;NA;0,23;2016;0,1;0,13;0;0;0,08;1;0;1;9,88;1,08;0,05;4
"866";72;2014;0,12;1,38;0,37;2016;0;0,03;0;0;0,16;1;0;0;10,38;0,93;0,21;1
"867";73;2014;0,07;1,64;0,26;2016;0,13;0,13;0,11;0,12;0,07;1;1;1;10,21;1,63;0,08;2
"868";74;2014;0,02;1,79;0,05;2016;0;0,07;0;0;0,15;0;0;0;10,33;1,76;0,09;4
"869";75;2014;0,03;1,19;0,05;2016;0;0,02;0;0;0,12;1;1;1;10,6;0,3;0,08;1
"870";76;2014;0,07;1,18;0,23;2016;0;0,04;0;0;0,07;0;1;0;9,94;0,93;0,09;8
"871";77;2014;0,13;5,09;0,37;2016;0,14;0,02;0,15;0;0,17;1;0;1;10,24;0,96;0,26;5
"872";78;2014;0,1;NA;0,13;2016;0;0;0;0;0,19;0;0;0;9,64;0,03;0,13;5
"873";79;2014;0,12;1,44;0,31;2016;0;0,03;0;0;0,08;0;0;0;10,05;1,09;0,29;8
"874";80;2014;0,1;2,54;0,2;2016;0;0,09;0;0;0,12;0;0;0;9,64;0,33;0,13;2
"875";81;2014;0,15;3,4;0,45;2016;0;0,01;0;0;0,08;0;1;0;9,51;0,48;0,03;6
"876";82;2014;-0,01;1,6;-1,23;2016;0;0,02;0;0;0,16;0;0;0;10,39;143,99;-0,02;1
"877";83;2014;0,04;0,64;0,19;2016;0,07;0,1;0,1;0;0,14;1;0;0;10,75;0,46;0,06;5
"878";84;2014;0,02;NA;0,13;2016;0;0,07;0;0;0,1;0;0;0;10,68;2,04;0,31;4
"879";85;2014;0,11;5,01;1,26;2016;0,09;0,07;0,07;0,08;0,11;1;1;1;10,13;4,93;0,09;2
"880";86;2014;0,07;1,37;0,22;2016;0;0,02;0;0;0,01;0;0;0;10,18;1,21;0,2;3
"881";87;2014;0,12;3,27;3,72;2016;0,07;0,06;0,07;0,12;0,12;1;1;1;9,67;6,39;0,09;2
"882";88;2014;0,05;1,15;0,16;2016;0;0,03;0;0;0,16;0;0;0;11,2;0,84;0,12;1
"883";89;2014;0,02;0,43;0,05;2016;0;0,07;0;0;0,1;0;0;0;10,86;0,1;0,36;4
"884";90;2014;0,19;NA;0,24;2016;0;0,06;0;0;0,1;0;0;0;9,41;0;0,11;1
"885";91;2014;0,11;1,45;0,22;2016;0,04;0,06;0,07;0,1;0,08;1;1;1;10,2;0,21;0,09;6
"886";92;2014;0,01;0,21;0,06;2016;0;0,04;0;0;0,11;0;0;0;10,49;0,77;0,07;4
"887";93;2014;-0,03;0,76;-0,17;2016;0;0,13;0;0;0,08;0;0;0;10,37;2,28;0,07;11
"888";94;2014;0,01;0,95;0,03;2016;0,08;0,1;0,1;0,12;0,11;1;1;1;10,07;0,61;0,04;11
"889";95;2014;0,01;0,28;0,1;2016;0;0,04;0;0;0,1;1;0;1;11,49;1,06;0,19;4
"890";96;2014;0,16;NA;0,23;2016;0;0,03;0;0;0,12;0;0;0;9,56;0,71;0,13;1
"891";97;2014;0,09;1,67;0,35;2016;0;0,06;0;0;0,13;1;0;0;9,85;1,34;0,13;6
"892";98;2014;0,06;0,89;0,13;2016;0,05;0,06;0,1;0,1;0,01;1;1;1;11,07;0,43;0,12;3
"893";99;2014;0,06;1,86;0,18;2016;0;0,11;0;0;0,12;0;1;0;10,54;0,41;0,02;2
"894";100;2014;0,11;2;0,56;2016;0,06;0,07;0,03;0,05;0,1;1;1;1;9,92;1,39;0,11;2
"895";101;2014;-0,03;4,53;-0,09;2016;0;0,06;0;0;0,19;1;0;0;9,97;0,44;-0,06;7
"896";102;2014;0,08;0,95;0,14;2016;0,05;0,1;0,06;0,08;0,14;1;1;1;11,02;0,35;0,16;7
"897";103;2014;0,06;1,36;0,18;2016;0,12;0,07;0,05;0,04;0,18;1;1;1;10,52;0,85;0,15;6
"898";104;2014;0,02;0,89;0,05;2016;0,01;0,02;0,02;0,09;0,16;1;1;1;10,7;1,34;0,04;10
"899";105;2014;0,15;2,54;0,2;2016;0,1;0,04;0,05;0,06;0,17;1;1;1;10,07;0,12;0,14;7
"900";106;2014;0,05;1,7;0,1;2016;0;0,02;0;0;0,19;0;0;0;9,74;0,59;0,08;7
"901";107;2014;0,06;1,54;0,12;2016;0,12;0,14;0,13;0;0,14;1;1;1;10,87;0,34;0,03;2
"902";108;2014;0,07;0,84;0,13;2016;0,07;0,08;0,06;0;0,01;1;1;1;11,42;0,16;0,09;3
"903";109;2014;0,05;1,26;0,11;2016;0;0,02;0;0;0,01;0;0;0;10,07;0,67;0,2;3
"904";110;2014;0,03;1,26;0,11;2016;0;0,03;0;0;0,12;1;0;0;10,74;1,89;0,11;11
"905";111;2014;0,01;NA;0,06;2016;0,06;0,09;0,09;0,1;0,1;1;1;1;10,73;0,97;0,02;6
"906";112;2014;0,07;NA;0,23;2016;0;0,05;0;0;0,09;1;1;1;10,7;0,71;0,1;8
"907";113;2014;0,05;0,47;0,31;2016;0;0,07;0;0;0,07;1;1;1;10,79;3,19;0,09;6
"908";114;2014;0,03;0,58;0,21;2016;0;0,05;0;0;0,1;0;0;0;10,92;2,13;0,27;4
"909";115;2014;0,1;NA;0,2;2016;0;0,09;0;0;0,1;0;0;0;10,04;0,5;0,06;1
"910";116;2014;0,06;1,32;0,13;2016;0,02;0,03;0,04;0;0,14;1;1;0;9,99;0,75;0,07;5
"911";117;2014;0,07;1,22;0,11;2016;0;0,06;0;0;0,14;0;0;0;10,57;0,15;0,13;6
"912";118;2014;0,09;1,97;0,17;2016;0,01;0,01;0;0;0,14;1;1;0;10,94;0,37;0,16;1
"913";119;2014;0,07;1,33;0,19;2016;0;0,05;0;0;0,16;0;0;0;10,2;1,08;0,18;1
"914";120;2014;0,04;NA;0,62;2016;0;0,04;0;0;0,16;0;0;0;10,34;6,85;0,06;1
"915";121;2014;0,2;3,65;0,44;2016;0;0,09;0;0;0,1;0;0;0;9,53;0,48;0,07;1
"916";122;2014;0,09;1,46;0,2;2016;0;0,06;0;0;0,1;0;1;0;9,96;0,61;0,1;6
"917";123;2014;0,05;NA;0,16;2016;0,06;0,05;0,09;0,03;0,07;1;1;1;10,84;1,02;0,06;8
"918";124;2014;0,09;1,97;0,31;2016;0;0,07;0;0;0,07;1;1;1;9,92;1,13;0,11;2
"919";125;2014;0,03;0,83;0,11;2016;0,12;0,04;0,14;0,05;0,11;1;1;1;10,45;1;0,07;11
"920";126;2014;0,02;0,79;0,05;2016;0,02;0,02;0,06;0,09;0,12;1;1;1;11,08;0,91;0,08;11
"921";127;2014;0,04;1,31;0,15;2016;0;0,04;0;0;0,14;0;1;0;10,25;1,62;0,06;5
"922";128;2014;0,03;0,68;0,07;2016;0;0,08;0,08;0;0,02;1;1;1;10,7;0,46;0,08;3
"923";129;2014;0;0,59;0;2016;0,13;0,08;0,15;0;0,13;0;0;1;10,65;0,34;0;7
"924";130;2014;0,06;1,84;0,16;2016;0,13;0,14;0,14;0,08;0,1;1;1;1;10,29;0,66;0,08;8
"925";131;2014;0,08;2,37;0,16;2016;0;0,03;0;0;0,11;0;0;0;9,67;0,52;0,15;6
"926";132;2014;0,03;0,67;0,15;2016;0;0,12;0;0;0,12;0;0;0;10,7;0,93;0,12;11
"927";133;2014;0,06;NA;0,12;2016;0,06;0,07;0,09;0,13;0,14;1;1;1;10,66;0,25;0,11;7
"928";134;2014;0,06;1,08;0,2;2016;0,03;0,03;0;0;0,09;1;1;0;10,21;2,07;0,08;8
"929";135;2014;0,09;1,86;0,22;2016;0;0,05;0,07;0;0,13;0;1;0;10,38;0,35;0,09;6
"930";136;2014;0,09;1,56;0,17;2016;0;0,05;0;0;0,01;0;0;0;10,54;0,33;0,16;3
"931";137;2014;0,06;1,94;0,17;2016;0;0;0;0;0,05;0;0;0;10,67;1,06;0,06;3
"932";138;2014;-0,03;1,97;-0,1;2016;0;0,1;0;0;0,15;0;0;0;9,89;2,06;-0,11;7
"933";139;2014;0,03;1,62;0,06;2016;0;0,02;0;0;0,14;0;0;0;10,36;1,05;0,24;4
"934";140;2014;0,05;1,1;0,09;2016;0;0,03;0;0;0,02;0;1;0;10,08;0,62;0,16;3
"935";141;2014;0,04;1,47;0,1;2016;0;0;0;0;0,14;1;0;0;10,73;0,55;0,02;5
"936";142;2014;0,01;0,8;0,05;2016;0;0;0;0;0,05;0;0;0;10,8;1,52;0,01;3
"937";143;2014;0,02;0,59;0,09;2016;0;0,07;0;0;0,12;1;1;1;10,67;1,25;0,08;11
"938";144;2014;0,02;0,56;0,07;2016;0,1;0,11;0,05;0,09;0,12;1;1;1;10,94;0,97;0,06;11
"939";145;2014;0,04;1,54;0,21;2016;0;0,05;0;0;0,13;0;0;0;9,96;0,98;0,07;1
"940";146;2014;0,04;2,08;0,1;2016;0;0,04;0;0;0,15;0;0;0;9,64;1,36;0,27;4
"941";147;2014;0,02;0,42;0,12;2016;0,04;0,04;0,08;0,1;0,07;1;1;1;11,32;4,8;0,02;1
"942";148;2014;0,22;5,45;0,26;2016;0;0,01;0;0;0,1;0;0;0;9,37;0;0,13;6
"943";149;2014;0,11;NA;0,13;2016;0;0,06;0;0;0,18;0;0;0;10,6;0;0,23;7
"944";150;2014;0,07;1,55;0,15;2016;0,01;0,02;0;0,06;0,13;1;0;1;10,52;0,3;0,05;6
"945";151;2014;0,01;0,36;0,02;2016;0;0,03;0;0;0,12;0;0;1;10,72;1,54;0,02;11
"946";152;2014;0,03;1,51;0,07;2016;0;0,04;0;0;0,16;0;0;0;10,16;0,64;0,08;7
"947";153;2014;0,08;2,23;0,22;2016;0;0,07;0;0;0,16;0;0;0;9,97;1,13;0,15;7
"948";154;2014;0,01;0,17;0,1;2016;0;0,04;0;0;0,1;1;0;1;11,14;0;0,23;4
"949";155;2014;0,06;1,94;0,18;2016;0;0,08;0;0;0,16;0;0;0;9,93;0,79;0,31;7
"950";156;2014;0;1,03;-0,11;2016;0;0;0;0;0,1;0;0;0;12,51;875,59;-0,05;4
"951";157;2014;0,03;1,61;0,13;2016;0;0,11;0;0;0,16;1;1;1;10,72;1,22;0,14;1
"952";158;2014;0,07;0,13;0,2;2016;0;0,04;0;0;0,05;0;0;0;10,55;0,33;0,08;6
"953";159;2014;0,02;0,6;0,12;2016;0,09;0,08;0,06;0,06;0,11;1;1;1;11,81;1,56;0,1;6
"954";160;2014;0,03;1,64;0,09;2016;0,02;0,02;0,02;0,02;0,13;0;0;0;10,4;2,2;0,26;4
"955";161;2014;0,39;4,08;0,83;2016;0;0,13;0;0;0,17;0;0;0;10,54;0,77;0,49;5
"956";162;2014;0,06;1,67;0,24;2016;0,1;0,09;0,09;0,09;0,1;1;1;1;10,38;1,36;0,09;2
"957";163;2014;0,08;0,89;0,12;2016;0;0,02;0;0;0,13;1;1;1;10,48;0,17;0,24;7
"958";164;2014;0,02;0,34;0,07;2016;0,01;0,02;0,02;0,02;0,07;1;1;1;11,25;0,9;0,02;1
"959";165;2014;0,09;1,8;0,21;2016;0;0,03;0;0;0,09;0;0;0;9,92;0,15;0,05;1
"960";166;2014;0,16;2,05;0,42;2016;0,05;0,03;0,01;0;0,11;1;1;0;9,89;0,48;0,08;1
"961";167;2014;0,01;0,44;0,11;2016;0,06;0,06;0,04;0,07;0,1;1;1;1;11,93;2,28;0,23;4
"962";168;2014;0,15;3,01;0,24;2016;0;0,09;0,05;0;0,1;0;1;1;9,72;0,13;0,08;6
"963";169;2014;0,11;1,01;0,23;2016;0,01;0,01;0;0,08;0,02;1;1;0;10,51;0,48;0,11;3
"964";170;2014;0,07;1,82;-0,24;2016;0;0,01;0;0;0,14;0;0;1;10,49;-3,73;0,05;5
"965";171;2014;0,04;1,28;0,09;2016;0,07;0,03;0,07;0,08;0,15;1;1;1;10,33;0,91;0,41;4
"966";172;2014;0,14;3,46;0,52;2016;0,02;0,04;0,14;0,05;0,1;1;1;1;10,62;1,65;0,07;1
"967";173;2014;0,06;0,67;0,1;2016;0,08;0,06;0,08;0,04;0,01;1;1;1;10,59;0,27;0,16;3
"968";174;2014;0;0,06;0,04;2016;0,05;0,05;0,06;0;0,12;1;1;1;11,39;0,3;0,04;4
"969";175;2014;0,03;1,13;0,14;2016;0,05;0,06;0,01;0,02;0,12;1;0;1;10,42;2,27;0,06;1
"970";176;2014;0,09;1,7;0,27;2016;0,08;0,07;0,13;0,07;0,07;0;1;0;9,98;1,29;0,14;1
"971";177;2014;0,09;1,68;0,23;2016;0;0,01;0;0;0,12;1;1;1;10,66;0,34;0,11;6
"972";178;2014;0,07;NA;0,25;2016;0,01;0,03;0;0;0,12;1;0;1;9,94;1,57;0,11;1
"973";179;2014;0,12;2,44;0,17;2016;0,05;0,02;0,05;0,02;0,1;1;1;0;9,74;0,07;0,06;2
"974";180;2014;0,08;1,77;0,17;2016;0;0,06;0;0;0,12;0;0;0;9,79;0,19;0,04;5
"975";181;2014;0,06;1,71;0,1;2016;0,05;0,06;0,04;0,11;0,14;1;1;1;10,09;0,54;0,14;4
"976";182;2014;0,15;4,31;0,55;2016;0,14;0,12;0,13;0,12;0,1;1;1;1;9,75;1,06;0,11;2
"977";183;2014;0,05;0,92;0,12;2016;0,07;0,1;0,12;0,1;0,14;1;1;1;10,37;0,4;0,02;5
"978";184;2014;0,1;1,59;0,8;2016;0,01;0,03;0,06;0,03;0,17;1;1;1;11,07;2,96;0,13;7
"979";185;2014;0,02;0,4;0,1;2016;0;0,06;0;0;0,1;0;0;0;10,83;0,32;0,27;4
"980";186;2014;-0,01;0,3;-0,06;2016;0;0;0;0;0,04;0;0;0;10,55;2,13;-0,02;6
"981";187;2014;0,11;7,88;0,26;2016;0,11;0,06;0,11;0,04;0,17;0;1;0;9,52;0,67;0,19;5
"983";189;2014;0,13;1,88;0,2;2016;0,08;0,08;0,07;0,07;0,13;1;1;1;10,96;0,22;0,21;7
"984";190;2014;0,16;4,87;0,29;2016;0,08;0,1;0,03;0,1;0,17;0;0;0;9,7;0,17;0,18;7
"985";191;2014;0,02;0,98;0,08;2016;0,04;0,06;0,08;0,05;0,08;1;1;0;10,46;1,69;0,02;8
"986";192;2014;0,04;0,77;0,22;2016;0;0,05;0;0;0,1;0;1;0;10,11;0,77;0,06;1
"987";193;2014;0,11;NA;0,13;2016;0;0,07;0;0;0,15;0;0;0;9,6;0;0,2;5
"988";194;2014;0,05;NA;0,15;2016;0;0,08;0;0;0,18;0;0;0;9,56;0,01;0,07;7
"989";195;2014;0,15;2,17;0,37;2016;0,07;0,05;0,08;0,06;0,1;0;0;0;10,25;0,88;0,2;6
"990";196;2014;0,05;1,13;0,12;2016;0;0,12;0,11;0,06;0,1;1;1;1;10,31;0,81;0,19;4
"991";197;2014;0,12;3,08;0,33;2016;0;0,09;0;0;0,08;1;0;1;9,53;0,57;0,06;6
"992";198;2014;0,04;1,04;0,1;2016;0,12;0,07;0,12;0,05;0,09;1;1;1;10,5;0,46;0,03;1
"993";199;2014;0,12;2,11;0,22;2016;0,12;0,12;0,11;0,08;0,13;1;1;1;11,12;0,27;0,14;5
"994";200;2014;-0,04;1,13;-0,06;2016;0,01;0,07;0,08;0,13;0,15;0;1;1;9,92;0,27;-0,07;7
"995";201;2014;0,01;0,1;0,1;2016;0,03;0,04;0,05;0,01;0,1;1;1;1;12,41;1,45;0,21;4
"996";202;2014;0,08;1,59;0,35;2016;0,14;0,1;0,1;0,11;0,11;1;0;0;9,97;1,37;0,06;1
"997";203;2014;0,11;1,99;0,49;2016;0,06;0,06;0,09;0,09;0,1;1;1;1;10,2;1,76;0,12;2
"998";204;2014;0,01;0,18;0,09;2016;0,01;0,03;0;0,02;0,1;1;1;1;10,97;0,77;0,21;4
"999";205;2014;0,03;1,41;0,07;2016;0,1;0,09;0,02;0,01;0,13;1;0;1;10,01;0,5;0,06;4
"1000";206;2014;0,04;2,34;0,08;2016;0;0,1;0;0;0,13;0;0;0;9,7;0,97;0,37;7
"1001";207;2014;0,08;3,12;0,15;2016;0,03;0,02;0,02;0,01;0,11;1;1;1;10,19;5,33;0,15;2
"1002";208;2014;0,08;1,6;0,43;2016;0;0,01;0;0;0,05;0;0;0;10,92;7,72;0,08;3
"1003";209;2014;0,01;1,45;0,06;2016;0;0,08;0;0;0,1;0;0;0;10,11;1,18;0,06;1
"1004";210;2014;0,05;2,2;0,17;2016;0,01;0,03;0,1;0,12;0,07;1;1;1;10,96;2,69;0,04;2
"1005";211;2014;0,08;NA;0,27;2016;0,1;0,03;0;0;0,13;1;1;0;10,48;1,11;0,17;2
"1006";212;2014;0,06;0,76;0,32;2016;0,1;0,06;0;0,06;0,11;1;1;1;10,18;1,83;0,02;1
"1007";213;2014;0,06;1,94;0,14;2016;0;0,01;0;0;0,18;0;0;0;9,91;0,32;0,04;6
"1008";214;2014;0,07;0,16;0,14;2016;0;0,03;0;0;0,12;1;0;0;10,89;0,49;0,19;4
"1009";215;2014;0,16;3,47;-1,77;2016;0;0,06;0;0;0,11;1;0;1;9,85;-11,46;0,1;1
"1010";216;2014;0,07;1,51;0,19;2016;0;0,04;0;0;0,14;0;0;0;9,86;0,95;0,09;5
"1011";217;2014;0,05;0,82;0,11;2016;0;0,04;0;0;0,08;0;0;1;10,14;0,75;0,05;6
"1012";218;2014;0,27;NA;0,37;2016;0;0,05;0;0;0,13;0;0;0;9,24;0,82;0,35;7
"1013";219;2014;0,07;2,2;0,14;2016;0,03;0,03;0,04;0,02;0,14;1;1;1;10,57;0,35;0,12;5
"1014";220;2014;0,1;1,78;0,85;2016;0,08;0,09;0,08;0,11;0,08;1;1;1;10,57;1,81;0,08;6
"1015";221;2014;0,01;0,08;0,1;2016;0,03;0,08;0,04;0,01;0,16;1;0;0;11,4;0,33;0,11;4
"1016";222;2014;-0,05;1,94;3,55;2016;0;0,01;0;0;0,01;0;0;0;10,1;-59,73;-2,04;3
"1017";223;2014;0,08;1,92;0,23;2016;0;0,01;0;0,02;0,1;0;0;0;10,53;1,01;0,05;1
"1018";224;2014;0,09;NA;0,16;2016;0;0,08;0;0;0,13;0;0;0;9,91;0,25;0,14;7
"1019";225;2014;0;0,31;-0,02;2016;0;0,06;0;0;0,16;0;0;1;9,87;0,74;-0,02;1
"1020";226;2014;0,01;1,67;0,03;2016;0,06;0,07;0,1;0;0,1;0;1;1;10,31;0,54;0,04;6
"1021";227;2014;0,13;2,41;0,38;2016;0,1;0,11;0,08;0,09;0,08;1;1;1;10,35;1,37;0,19;1
"1022";228;2014;0,06;1,62;0,16;2016;0,05;0,05;0,09;0,02;0,06;1;1;0;10,39;0,36;0,06;8
"1023";229;2014;0,16;1,11;0,41;2016;0;0,02;0;0;0,12;1;0;0;10,35;0,81;0,09;1
"1024";230;2014;0,07;6,26;0,26;2016;0;0,11;0;0;0,1;0;1;0;10,19;1,33;0,06;7
"1025";231;2014;0,24;1,52;0,55;2016;0,01;0,04;0;0,04;0,13;0;0;1;10,12;0,22;0,38;4
"1026";232;2014;0,16;3,95;0,39;2016;0,03;0,04;0,02;0;0,12;1;0;1;9,84;1,12;1,36;1
"1027";233;2014;0,11;1,28;1,17;2016;0;0,06;0;0;0,12;1;0;1;9,86;3,16;0,05;6
"1028";234;2014;0,12;1,56;0,16;2016;0;0,03;0;0;0,1;1;1;0;9,83;3,16;0,1;1
"1029";235;2014;0,08;3,03;0,17;2016;0,13;0,13;0;0;0,1;1;1;1;10,54;0,71;0,08;1
"1030";236;2014;0,13;1,94;0,48;2016;0;0,03;0;0;0,13;1;0;0;9,67;3,4;0,18;7
"1031";237;2014;0,07;0,96;0,17;2016;0,1;0,15;0;0;0,14;0;0;0;10,74;1,13;0,17;5
"1032";238;2014;0,03;4,42;0,19;2016;0;0,02;0;0;0,1;0;0;0;9,67;0,99;0,01;4
"1033";239;2014;0,21;1,15;7,27;2016;0,09;0,1;0,11;0;0,1;1;1;1;10,82;0,5;0,3;2
"1034";240;2014;0,01;0,08;0,09;2016;0,09;0,12;0,1;0,1;0,16;1;1;1;11,96;0,27;0,08;4
"1035";241;2014;0,04;NA;0,07;2016;0;0;0;0;0,05;0;0;0;9,32;0,23;0,02;3
"1036";242;2014;-0,01;0,89;-0,03;2016;0,08;0,09;0,04;0,06;0,04;1;1;1;10,43;3,16;-0,01;1
"1037";243;2014;0,06;1,41;0,12;2016;0;0,02;0,01;0,02;0,14;0;1;1;9,92;0,32;0,07;1
"1038";244;2014;0,19;NA;0,29;2016;0,1;0,13;0;0;0,1;1;1;1;9,58;2,62;0,16;2
"1039";245;2014;0,1;2,33;0,23;2016;0,15;0,1;0,11;0,07;0,1;1;1;0;9,64;0,57;0,1;2
"1040";246;2014;0,01;0,28;0,04;2016;0;0,03;0;0;0,16;0;1;1;10,4;0,3;0,06;4
"1041";247;2014;0,08;1,82;0,19;2016;0,01;0,02;0;0;0,14;1;1;1;10,25;0,48;0,11;4
"1042";248;2014;0,15;3,56;0,31;2016;0,06;0,04;0,05;0,03;0,11;1;1;1;10,5;0,52;0,16;6
"1043";249;2014;0,27;NA;0,37;2016;0;0,01;0;0;0,07;0;0;0;9,29;0;0,2;2
"1044";250;2014;0,15;3,25;1,42;2016;0,12;0,13;0,03;0,1;0,01;0;1;1;10,54;4,55;0,21;2
"1045";251;2014;0,11;2,62;0,24;2016;0,12;0,09;0,13;0,13;0,07;1;1;1;10,37;1,02;0,17;8
"1046";252;2014;0,06;0,93;0,09;2016;0,03;0,05;0,02;0;0,1;1;1;1;10,26;0,35;0,11;8
"1047";253;2014;0,11;0,94;0,38;2016;0,05;0,08;0;0,09;0,01;1;0;0;10,48;1,24;0,22;3
"1048";254;2014;0,09;1,69;0,23;2016;0,04;0,04;0,05;0,09;0,14;1;1;1;10,99;0,9;0,04;5
"1049";255;2014;0,12;0,67;0,25;2016;0,03;0,05;0;0;0,01;1;1;0;10,56;0,44;0,28;3
"1050";256;2014;0,08;0,42;0,15;2016;0;0,07;0;0;0,1;1;1;1;11,9;0,25;0,27;4
"1051";257;2014;0,01;1,89;0,08;2016;0,02;0,14;0,08;0,1;0,15;1;1;1;11,24;2,27;0,16;7
"1052";258;2014;0,06;1,3;0,14;2016;0,04;0,02;0,01;0,03;0,14;1;1;1;10,02;0,53;0,13;7
"1053";259;2014;0,01;0,16;0,09;2016;0;0,03;0;0;0,1;1;1;0;10,99;0,81;0,22;4
"1054";260;2014;0,17;1,69;0,35;2016;0;0,03;0;0;0,13;0;0;1;10,35;0,39;0,22;7
"1055";261;2014;0,09;2,01;0,14;2016;0,06;0,07;0,05;0,07;0,13;0;0;1;9,64;0,41;0,14;7
"1056";262;2014;0,06;1,63;0,28;2016;0;0,06;0;0;0,14;0;0;0;10,2;1,76;0,12;5
"1057";263;2014;0,06;1,01;0,12;2016;0;0,07;0;0;0,01;0;1;0;10,35;0,59;0,24;3
"1058";264;2014;0,02;0,99;0,05;2016;0,04;0,06;0,02;0;0,12;1;1;0;10,87;0,63;0,07;11
"1059";265;2014;0,04;0,51;0,16;2016;0,04;0,06;0,02;0,02;0,02;1;1;1;10,4;0,48;0,05;8
"1060";266;2014;0,16;2,88;0,27;2016;0;0,1;0;0;0,1;0;0;1;9,85;0,09;0,1;1
"1061";267;2014;0,02;4,06;0,07;2016;0,12;0,11;0,14;0,12;0,13;1;1;1;10,28;1,28;0,06;1
"1062";268;2014;0,08;NA;0,22;2016;0;0,06;0;0;0,1;0;0;0;10,19;0,82;0,09;6
"1063";269;2014;-0,01;-0,82;-0,08;2016;0;0;0;0;0,05;0;0;0;10,95;0,1;0;4
"1064";270;2014;0,07;1,26;0,12;2016;0;0,03;0;0;0,02;1;1;1;10,42;0,15;0,12;6
"1065";271;2014;0,06;0,65;0,16;2016;0;0,08;0;0;0,02;1;0;0;10,53;0,72;0,17;3
"1066";272;2014;-0,14;6,84;-0,44;2016;0;0,03;0;0;0,17;0;0;0;9,15;1,05;-0,26;7
"1067";273;2014;0,01;1,26;0,1;2016;0,01;0,05;0;0,08;0,18;1;1;1;10,52;0,72;0,19;6
"1068";274;2014;0,05;NA;0,09;2016;0;0,03;0;0;0,1;0;0;1;11,04;0,56;0,03;4
"1069";275;2014;0,08;1;0,14;2016;0;0,05;0;0;0,08;0;0;0;10,19;0,33;0,13;8
"1070";276;2014;0,06;1,1;0,19;2016;0,12;0,11;0,1;0,12;0,13;1;1;1;9,84;1,13;0,07;7
"1071";277;2014;0,18;1,82;0,53;2016;0,08;0,04;0,1;0,08;0,15;0;1;1;9,82;0,95;0,29;1
"1072";278;2014;0,03;1,47;0,04;2016;0;0,09;0;0;0,13;0;0;0;10,04;0,95;0,24;4
"1073";279;2014;0,02;1,22;0,51;2016;0;0,11;0;0;0,05;1;0;0;10,18;12,15;0,03;3
"1074";280;2014;0,05;1,15;0,34;2016;0;0,07;0;0;0,1;1;1;0;10,33;1,6;0,07;1
"1075";281;2014;0,12;1,82;0,23;2016;0,08;0,06;0,1;0,14;0,18;1;1;1;10,99;0,68;0,28;7
"1076";282;2014;0,12;3,17;0,38;2016;0;0,06;0;0;0,1;0;0;0;9,82;0,69;0,11;1
"1077";283;2014;0,01;1,13;0,02;2016;0;0,03;0;0;0,03;1;1;1;10,75;0,2;0,03;3
"1078";284;2014;0,04;1,29;0,11;2016;0;0;0;0;0,05;0;0;0;10,35;1,08;0,02;3
"1079";285;2014;0,1;NA;0,36;2016;0;0,06;0;0;0,16;0;0;0;9,8;0;0,25;7
"1080";286;2014;0,07;1,02;0,19;2016;0;0,08;0;0;0,07;1;0;1;10,31;0,83;0,07;6
"1081";287;2014;0,03;0,66;0,09;2016;0,14;0,11;0,06;0,1;0,12;1;1;1;10,78;0,96;0,08;11
"1082";288;2014;0,18;NA;0,3;2016;0;0,08;0;0;0,13;0;0;0;10,17;0,45;0,29;1
"1083";289;2014;0,04;0,81;0,13;2016;0;0,04;0;0;0,12;1;0;1;10,55;0,68;0,14;11
"1084";290;2014;0,08;2,3;0,3;2016;0,03;0,03;0,08;0,07;0,08;1;1;1;10,85;1,92;0,1;2
"1085";291;2014;0,05;1,16;0,12;2016;0,09;0,06;0,09;0,04;0,14;1;1;1;11,23;0,44;0,18;5
"1086";292;2014;0,01;0,07;0,11;2016;0,02;0,03;0,02;0,03;0,16;1;1;1;11,34;0,25;0,11;4
"1087";293;2014;0,07;1,95;0,14;2016;0,04;0,05;0,05;0;0,12;1;1;0;11,13;0,29;0,12;2
"1088";294;2014;0,04;0,56;0,17;2016;0;0,03;0;0;0,16;0;0;0;10,41;0,31;0,06;4
"1089";295;2014;0,07;1,41;0,17;2016;0;0,06;0;0;0,11;0;1;0;10,1;0,57;0,07;6
"1090";296;2014;0,02;1,23;0,05;2016;0,12;0,12;0,03;0,05;0,14;1;1;1;10,17;0,68;0,35;4
"1091";297;2014;0,21;4,34;-0,77;2016;0,1;0,1;0,11;0,09;0;1;1;1;10,55;-2,23;0,09;2
"1092";298;2014;0,01;0,2;0,09;2016;0,01;0,03;0,02;0,04;0,1;1;0;1;11,54;1,08;0,26;4
"1093";299;2014;0,12;1,91;0,36;2016;0,11;0,1;0,14;0,05;0,1;1;1;0;10,25;0,75;0,14;8
"1094";300;2014;0,02;0,84;0,06;2016;0;0,03;0;0,11;0,12;0;0;0;10,69;1,87;0,09;11
"1095";301;2014;0;0,09;0,03;2016;0,11;0,07;0,06;0,08;0,14;1;1;0;11,88;0,47;0,02;4
"1096";302;2014;0,1;0,85;0,22;2016;0;0,09;0;0;0,04;0;0;1;10,69;0,36;0,03;3
"1097";303;2014;0,08;2,32;0,26;2016;0,04;0,02;0,08;0,13;0,06;1;1;1;10,3;1,54;0,14;8
"1098";304;2014;0,07;1,6;0,13;2016;0;0,02;0;0;0,01;0;0;0;10,17;0,31;0,18;3
"1099";305;2014;0,17;2,2;0,21;2016;0,13;0;0,13;0,05;0,13;0;1;1;10,69;0;0,3;7
"1100";306;2014;0,1;NA;0,3;2016;0,04;0,03;0,06;0,02;0;1;0;1;10,18;1,02;0,17;2
"1101";307;2014;0,03;1,39;0,08;2016;0,02;0,01;0,09;0,09;0,12;1;1;1;10,32;0,96;0,08;1
"1103";309;2014;0,01;0,12;0,07;2016;0;0,01;0;0;0,1;0;0;0;11,08;0,21;0,22;4
"1104";310;2014;0,06;3,26;0,12;2016;0;0,05;0;0;0,19;0;0;0;9,55;0,58;0,1;7
"1105";311;2014;0,12;2,24;0,18;2016;0;0,04;0;0;0,12;0;0;0;9,8;0,21;0,1;1
"1106";312;2014;0,14;2,23;0,31;2016;0,12;0,1;0,12;0,11;0,12;1;1;1;9,79;0,58;0,14;6
"1107";313;2014;0,08;2,02;0,14;2016;0;0,07;0;0;0,13;0;0;0;9,92;0,41;0,16;6
"1108";314;2014;0,21;3,6;0,42;2016;0;0,01;0;0;0,11;0;0;0;9,67;0,18;0,08;1
"1109";315;2014;0,03;1,08;0,07;2016;0;0,01;0;0;0,13;1;0;1;10,3;0,91;0,05;6
"1110";316;2014;0,08;1,23;0,2;2016;0,08;0,09;0,09;0,14;0,05;1;1;1;10,45;0,56;0,1;6
"1111";317;2014;-0,04;NA;-0,13;2016;0;0,11;0;0;0,16;1;1;1;10,92;1,47;-0,11;10
"1112";318;2014;0;2,82;2,64;2016;0;0;0;0;0,16;0;0;0;9,89;-4,95;-0,02;10
"1113";319;2014;0,23;5,07;0,48;2016;0,08;0,09;0,1;0,02;0,1;1;1;1;10,09;0,35;0,15;1
"1114";320;2014;0,01;0,34;0,12;2016;0,03;0,06;0,03;0;0,1;0;0;0;11,19;0,17;0,21;4
"1115";321;2014;0,03;NA;0,13;2016;0;0,03;0,03;0,08;0,05;1;1;1;10,53;1,56;0,18;3
"1116";322;2014;0,14;4,59;0,63;2016;0;0,11;0;0;0,11;1;1;0;9,76;1,13;0,08;8
"1117";323;2014;0,06;2,99;0,24;2016;0;0,06;0;0;0,16;0;0;0;9,92;3,43;0,12;1
"1118";324;2014;0,06;1,26;0,11;2016;0;0,07;0;0;0,1;1;0;1;9,97;0,37;0,1;2
"1119";325;2014;0,08;1,63;0,14;2016;0,06;0,06;0,12;0,08;0,02;1;0;1;10,83;0,28;0,11;3
"1120";326;2014;0,03;1,11;0,08;2016;0,07;0,06;0,09;0,14;0,14;0;0;1;10,23;1,26;0,33;4
"1121";327;2014;0,1;NA;0,15;2016;0;0,06;0;0;0,13;1;0;1;10,01;0,18;0,15;7
"1122";328;2014;0,03;0,97;0,1;2016;0;0,02;0,03;0,01;0,12;1;0;0;9,86;1,04;0,11;11
"1123";329;2014;0,05;2,59;0,26;2016;0;0,07;0;0;0,13;1;1;1;10,47;4,09;0,31;4
"1124";330;2014;0,08;2,87;0,18;2016;0;0;0;0;0,13;0;0;0;9,64;0,81;0,13;6
"1125";331;2014;0,03;1,02;0,1;2016;0;0,1;0,12;0;0,1;1;1;1;10,6;1,07;0,11;11
"1126";332;2014;0,01;0,18;0,08;2016;0;0,03;0;0;0,1;0;0;0;11,28;0,6;0,21;4
"1127";333;2014;0,09;0,18;0,22;2016;0,09;0,07;0,11;0;0,15;0;0;0;10,01;0,75;0,16;5
"1128";334;2014;0,01;-0,18;0,1;2016;0;0,04;0,01;0,02;0,1;0;1;1;11,44;0,51;0,19;4
"1129";335;2014;0,05;1,6;0,15;2016;0,13;0,12;0,02;0,02;0,09;0;0;1;10,18;1,26;0,12;2
"1130";336;2014;0,04;1,12;0,1;2016;0;0,07;0;0;0,15;1;0;1;10,22;0,55;0,06;6
"1131";337;2014;0,03;2,01;0,06;2016;0;0,08;0;0;0,15;1;0;0;10,25;0,38;0,05;5
"1132";338;2014;0,07;1,41;0,17;2016;0,01;0,02;0;0,1;0,19;0;0;1;10,11;0,3;0,15;7
"1133";339;2014;0,06;1,31;0,16;2016;0;0,1;0;0;0,13;0;1;0;10,25;1,36;0,02;2
"1134";340;2014;0,02;0,85;0,07;2016;0,03;0,04;0,03;0,02;0,16;1;1;1;11,47;0,88;0,05;10
"1135";341;2014;0,03;1,21;0,06;2016;0,03;0,08;0,02;0,04;0,08;1;1;1;10,15;0,3;0,09;2
"1136";342;2014;0,05;2,36;-0,32;2016;0;0,05;0;0;0,13;0;0;0;9,84;-5,1;0,08;6
"1137";343;2014;0,03;1,11;0,09;2016;0,04;0,02;0,06;0;0,12;1;1;1;10,67;0,84;0,02;1
"1138";344;2014;0,04;2,09;0,06;2016;0,11;0,11;0;0;0,1;0;1;1;9,7;0,31;0,04;1
"1139";345;2014;0,2;3,69;0,5;2016;0;0,03;0;0;0,11;1;0;0;10,06;0,37;0,08;1
"1140";346;2014;0,04;1,43;0,09;2016;0;0,04;0;0;0,15;1;0;1;10,63;0,6;0,11;5
"1141";347;2014;0;0,67;0,02;2016;0;0,07;0;0;0,16;0;0;0;10,75;1,56;0,01;10
"1142";348;2014;0;1,33;0,01;2016;0;0,02;0,03;0;0,12;1;1;1;10,49;0,46;0,01;1
"1143";349;2014;0,12;5,43;0,22;2016;0;0,04;0;0;0,13;0;0;0;9,29;0,23;0,18;1
"1144";350;2014;0,22;NA;0,23;2016;0,09;0,05;0,02;0,09;0,1;0;0;1;9,75;0;0,31;4
"1145";351;2014;0,04;0,29;0,15;2016;0;0,04;0;0;0,16;1;1;0;11,01;0,26;0,13;4
"1146";352;2014;0,18;4,95;0,3;2016;0;0,06;0;0;0,1;0;0;0;9,31;0;0,06;1
"1147";353;2014;-0,06;4,93;-0,32;2016;0;0,05;0;0;0,16;0;0;0;9,77;1,99;-0,09;1
"1148";354;2014;0,05;0,84;0,12;2016;0,06;0,04;0,02;0;0,1;0;0;0;10,38;0,76;0,02;2
"1149";355;2014;0,04;NA;0,27;2016;0;0,02;0;0;0,16;0;0;1;10,69;2,83;0,09;1
"1150";356;2014;0,06;1,4;0,14;2016;0;0,02;0;0;0,16;0;0;1;10,8;0,87;0,14;1
"1151";357;2014;0,16;3,16;0,26;2016;0,05;0,02;0,04;0,08;0,13;0;1;0;10,25;0,35;0,21;7
"1152";358;2014;0,04;0,89;0,12;2016;0,02;0,02;0,04;0,11;0,08;1;1;0;10,17;0,78;0,04;6
"1153";359;2014;0,11;NA;0,17;2016;0;0,02;0;0;0,12;0;0;0;9,32;0,19;0,08;1
"1154";360;2014;0,03;1,09;0,37;2016;0,11;0,12;0,04;0,02;0,1;1;1;1;10,57;4,46;0,03;6
"1155";361;2014;0,07;1,53;0,17;2016;0;0,01;0;0;0,14;0;0;0;9,95;0,8;0,08;5
"1156";362;2014;0,07;1,38;0,17;2016;0,1;0,11;0,13;0,14;0,14;0;1;1;10,94;0,49;0,04;5
"1157";363;2014;0,01;0,14;0,05;2016;0,01;0,03;0,03;0,06;0,16;1;0;1;10,8;0,31;0,04;4
"1158";364;2014;0,08;3,05;0,62;2016;0,02;0,04;0,06;0,08;0,13;1;0;1;10,55;5,04;0,05;6
"1159";365;2014;0,02;0,34;0,15;2016;0,04;0,03;0;0;0,1;1;1;0;11,6;0,83;0,28;4
"1160";366;2014;0,08;1,25;0,26;2016;0;0,04;0,06;0,05;0,11;1;1;1;10,96;0,71;0,14;6
"1161";367;2014;0,15;4,05;0,2;2016;0;0,11;0;0;0,1;1;0;0;10,59;0;0,43;7
"1162";368;2014;0,13;3,18;0,22;2016;0;0,04;0;0;0,12;1;1;1;10,03;0,24;0,11;1
"1163";369;2014;0,1;1,81;0,6;2016;0,09;0,11;0,13;0,03;0,16;1;0;1;10,37;3,92;0,17;1
"1164";370;2014;0,08;NA;0,18;2016;0;0,09;0;0;0,02;0;1;0;10,66;0,28;0,03;3
"1165";371;2014;0,09;2,11;0,16;2016;0;0,02;0;0;0,19;0;0;0;10,18;0,07;0,19;7
"1166";372;2014;0,04;1,19;0,15;2016;0,02;0,02;0,06;0,08;0,14;0;0;1;10,33;1,99;0,3;4
"1167";373;2014;0,15;4,95;0,72;2016;0;0,01;0;0;0,16;0;0;0;9,37;5,22;0,23;6
"1169";375;2014;0,02;1,46;0,06;2016;0;0,03;0;0;0,15;1;1;1;10,33;1,25;0,15;4
"1170";376;2014;0,04;1,3;0,68;2016;0,1;0,06;0,02;0;0,16;1;1;1;11,37;8,99;0,08;10
"1171";377;2014;0,05;2,16;0,1;2016;0;0,04;0;0;0,15;0;0;0;9,59;0,67;0,03;5
"1172";378;2014;0,12;1,34;0,24;2016;0,08;0,08;0;0;0,14;0;0;0;10,69;0,73;0,23;2
"1173";379;2014;-0,11;7,56;-0,19;2016;0;0,07;0;0;0,19;1;0;0;9,34;0,4;-0,37;7
"1174";380;2014;0,1;1,49;0,18;2016;0,1;0,01;0,01;0,05;0,11;0;1;0;10,19;0,25;0,1;7
"1175";381;2014;0,01;0,3;0,13;2016;0,03;0,03;0,01;0,01;0,1;1;1;1;12,23;1,11;0,26;4
"1176";382;2014;0,1;NA;0,15;2016;0;0,04;0;0;0,13;1;1;0;9,76;0,02;0,04;2
"1177";383;2014;0,04;0,95;0,13;2016;0;0,06;0;0;0,15;1;1;0;10,3;0,74;0,03;1
"1178";384;2014;0,04;1,5;0,14;2016;0;0,02;0;0;0,13;1;1;1;10,33;1,63;0,06;6
"1179";385;2014;0,05;1,09;0,31;2016;0;0;0;0;0,05;0;0;1;10,7;2,38;0,28;3
"1180";386;2014;0,08;1,41;0,21;2016;0;0,06;0;0;0,12;1;1;1;11,32;0,56;0,03;2
"1181";387;2014;0,09;1,25;0,74;2016;0;0,06;0;0;0,1;1;1;0;10;2,86;0,15;7
"1182";388;2014;0,13;1,69;0,28;2016;0,01;0,02;0,03;0,03;0,14;1;1;1;10,13;1,02;0,24;4
"1183";389;2014;0,05;1,57;0,37;2016;0,08;0,09;0,05;0,04;0,12;1;1;1;9,99;3,82;0,1;1
"1184";390;2014;0,06;1,22;0,11;2016;0;0,02;0;0;0,01;0;0;0;9,94;0,33;0,21;3
"1185";391;2014;0,03;0,82;0,1;2016;0,02;0,04;0;0,02;0,11;1;1;1;10,57;1,13;0,09;11
"1186";392;2014;0,13;1,97;0,24;2016;0;0,12;0;0;0,13;1;1;0;9,69;0,37;0,28;7
"1187";393;2014;0,09;1,18;0,18;2016;0,06;0,09;0,09;0,13;0,02;1;1;1;11,54;0,07;0,08;3
"1188";394;2014;0,02;0,51;0,05;2016;0,05;0,07;0,07;0,07;0,16;1;1;1;10,44;0,7;0,03;7
"1189";395;2014;0,2;NA;0,3;2016;0;0,03;0;0;0,18;1;0;1;10,79;0,06;1,63;7
"1190";396;2014;0,12;3,19;0,49;2016;0,06;0,06;0;0;0,1;1;0;1;9,92;1,99;0,08;1
"1191";397;2014;0,08;1,8;0,11;2016;0;0,09;0;0;0,15;0;0;0;9,98;0,23;0,15;5
