"";"Ticker";"Year";"Close";"Volume"
"1";"A";"2012";29,28;95458300
"2";"A";"2013";40,91;59294500
"3";"A";"2014";40,94;48770200
"4";"A";"2015";41,81;59276500
"5";"A";"2016";45,56;33903200
"6";"AAL";"2012";13,5;113671300
"7";"AAL";"2013";25,25;326931400
"8";"AAL";"2014";53,63;315073000
"9";"AAL";"2015";42,35;170620100
"10";"AAL";"2016";46,69;122744400
"11";"AAP";"2012";72,35;14020800
"12";"AAP";"2013";110,68;18661400
"13";"AAP";"2014";159,28;16622700
"14";"AAP";"2015";150,51;30715600
"15";"AAP";"2016";169,12;15382200
"16";"AAPL";"2012";76,02;3033188200
"17";"AAPL";"2013";80,15;1764349300
"18";"AAPL";"2014";110,38;1073594600
"19";"AAPL";"2015";105,26;921529700
"20";"AAPL";"2016";115,82;608703400
"21";"ABBV";"2012";NA;NA
"22";"ABBV";"2013";52,81;142934200
"23";"ABBV";"2014";65,44;157630500
"24";"ABBV";"2015";59,24;160409000
"25";"ABBV";"2016";62,62;148136700
"26";"ABC";"2012";43,18;52711500
"27";"ABC";"2013";70,31;33235300
"28";"ABC";"2014";90,16;32680200
"29";"ABC";"2015";103,71;40724200
"30";"ABC";"2016";78,19;40253200
"31";"ABT";"2012";31,43;297290900
"32";"ABT";"2013";38,33;119120400
"33";"ABT";"2014";45,02;110952900
"34";"ABT";"2015";44,91;119958800
"35";"ABT";"2016";38,41;177221400
"36";"ACIW";"2012";14,56;12991800
"37";"ACIW";"2013";21,67;17089200
"38";"ACIW";"2014";20,17;13539800
"39";"ACIW";"2015";21,4;10712000
"40";"ACIW";"2016";19,84;13092600
"41";"ADBE";"2012";37,68;112566500
"42";"ADBE";"2013";59,88;90737300
"43";"ADBE";"2014";72,7;78385800
"44";"ADBE";"2015";93,94;62772300
"45";"ADBE";"2016";102,95;61757300
"46";"ADI";"2012";42,06;49347700
"47";"ADI";"2013";50,93;38217400
"48";"ADI";"2014";55,52;53181600
"49";"ADI";"2015";55,32;55027500
"50";"ADI";"2016";72,62;48643800
"51";"ADM";"2012";27,39;92799900
"52";"ADM";"2013";43,4;89316500
"53";"ADM";"2014";52;84018200
"54";"ADM";"2015";36,68;109896200
"55";"ADM";"2016";45,65;65695200
"56";"ADP";"2012";49,98;41147900
"57";"ADP";"2013";70,94;44986100
"58";"ADP";"2014";83,37;43030900
"59";"ADP";"2015";84,72;33765700
"60";"ADP";"2016";102,78;43423700
"61";"ADS";"2012";144,76;9619200
"62";"ADS";"2013";262,93;17784800
"63";"ADS";"2014";286,05;12591300
"64";"ADS";"2015";276,57;7273400
"65";"ADS";"2016";228,5;11036900
"66";"ADSK";"2012";35,35;48312000
"67";"ADSK";"2013";50,32;50373600
"68";"ADSK";"2014";60,06;31669700
"69";"ADSK";"2015";60,93;39353400
"70";"ADSK";"2016";74,01;62110500
"71";"AEE";"2012";30,72;48169600
"72";"AEE";"2013";36,16;34399900
"73";"AEE";"2014";46,13;34630800
"74";"AEE";"2015";43,23;41618000
"75";"AEE";"2016";50,73;30054700
"76";"AEP";"2012";42,68;46910800
"77";"AEP";"2013";46,74;61250000
"78";"AEP";"2014";60,72;54074700
"79";"AEP";"2015";58,27;68639000
"80";"AEP";"2016";62,96;50703300
"81";"AET";"2012";46,31;71316800
"82";"AET";"2013";68,59;56493400
"83";"AET";"2014";88,83;44070700
"84";"AET";"2015";108,12;64820200
"85";"AET";"2016";124,01;55671200
"86";"AFL";"2012";26,56;100851800
"87";"AFL";"2013";33,4;79074000
"88";"AFL";"2014";30,55;90667800
"89";"AFL";"2015";29,95;92824200
"90";"AFL";"2016";69,06;108998800
"91";"AGN";"2012";86;16832000
"92";"AGN";"2013";168;24989100
"93";"AGN";"2014";257,41;51191100
"94";"AGN";"2015";312,5;62517100
"95";"AGN";"2016";210,01;95644700
"96";"AIG";"2012";35,3;730436800
"97";"AIG";"2013";51,05;186802600
"98";"AIG";"2014";56,01;155006400
"99";"AIG";"2015";61,97;197248900
"100";"AIG";"2016";65,31;110659900
"101";"AKAM";"2012";40,91;56570900
"102";"AKAM";"2013";47,18;48052400
"103";"AKAM";"2014";62,96;28007400
"104";"AKAM";"2015";52,63;45119500
"105";"AKAM";"2016";64,94;31609000
"106";"ALL";"2012";40,17;64590900
"107";"ALL";"2013";54,54;46420600
"108";"ALL";"2014";70,25;49377200
"109";"ALL";"2015";62,09;55500000
"110";"ALL";"2016";74,12;40550700
"111";"ALXN";"2012";93,74;23005500
"112";"ALXN";"2013";132,88;22257700
"113";"ALXN";"2014";185,03;26626500
"114";"ALXN";"2015";190,75;29161800
"115";"ALXN";"2016";122,35;75671600
"116";"AMAT";"2012";11,44;218798000
"117";"AMAT";"2013";17,68;220091800
"118";"AMAT";"2014";24,92;277428700
"119";"AMAT";"2015";18,67;284361000
"120";"AMAT";"2016";32,27;205512400
"121";"AME";"2012";37,57;18557600
"122";"AME";"2013";52,67;19391600
"123";"AME";"2014";52,63;25169900
"124";"AME";"2015";53,59;33261500
"125";"AME";"2016";48,6;43425400
"126";"AMG";"2012";130,15;5435300
"127";"AMG";"2013";216,88;6015200
"128";"AMG";"2014";212,24;9124000
"129";"AMG";"2015";159,76;14603900
"130";"AMG";"2016";145,3;12084900
"131";"AMGN";"2012";86,2;73217900
"132";"AMGN";"2013";114,08;58493700
"133";"AMGN";"2014";159,29;77006400
"134";"AMGN";"2015";162,33;67351500
"135";"AMGN";"2016";146,21;70524400
"136";"AMP";"2012";62,63;25280800
"137";"AMP";"2013";115,05;20532300
"138";"AMP";"2014";132,25;18858500
"139";"AMP";"2015";106,42;23943300
"140";"AMP";"2016";110,94;22010500
"141";"AMT";"2012";77,27;37772300
"142";"AMT";"2013";79,82;43255800
"143";"AMT";"2014";98,85;42336200
"144";"AMT";"2015";96,95;42755600
"145";"AMT";"2016";105,68;53513800
"146";"AMZN";"2012";250,87;60871200
"147";"AMZN";"2013";398,79;55686700
"148";"AMZN";"2014";310,35;86821400
"149";"AMZN";"2015";675,89;90162400
"150";"AMZN";"2016";768,66;79279600
"151";"ANDV";"2012";44,05;57922000
"152";"ANDV";"2013";58,5;73883300
"153";"ANDV";"2014";74,35;66484900
"154";"ANDV";"2015";105,37;41823100
"155";"ANDV";"2016";87,45;44169800
"156";"APA";"2012";78,5;60628200
"157";"APA";"2013";85,94;49345900
"158";"APA";"2014";62,67;134819800
"159";"APA";"2015";44,47;102913900
"160";"APA";"2016";63,47;58060300
"161";"APC";"2012";74,31;59187500
"162";"APC";"2013";79,32;129986800
"163";"APC";"2014";82,5;158177800
"164";"APC";"2015";48,58;173565500
"165";"APC";"2016";70,47;94104400
"166";"APD";"2012";77,72;20374700
"167";"APD";"2013";103,4;20829000
"168";"APD";"2014";133,42;26207400
"169";"APD";"2015";120,36;36283100
"170";"APD";"2016";149,55;23297500
"171";"APH";"2012";32,35;18134000
"172";"APH";"2013";44,59;18720600
"173";"APH";"2014";53,81;26002200
"174";"APH";"2015";52,23;21500100
"175";"APH";"2016";67,2;24328400
"176";"ATVI";"2012";10,62;150327800
"177";"ATVI";"2013";17,83;130316300
"178";"ATVI";"2014";20,15;135443300
"179";"ATVI";"2015";38,71;135521700
"180";"ATVI";"2016";36,79;158530800
"181";"AVB";"2012";135,59;22646700
"182";"AVB";"2013";118,23;17698600
"183";"AVB";"2014";163,39;16004400
"184";"AVB";"2015";184,13;19473600
"185";"AVB";"2016";177,15;16537200
"186";"AWK";"2012";37,13;18257000
"187";"AWK";"2013";42,26;17889000
"188";"AWK";"2014";53,3;16915000
"189";"AWK";"2015";59,75;21039800
"190";"AWK";"2016";72,36;20945000
"191";"AXP";"2012";57,48;103366200
"192";"AXP";"2013";90,73;67589400
"193";"AXP";"2014";93,04;81719400
"194";"AXP";"2015";69,55;124047200
"195";"AXP";"2016";74,08;75158800
"196";"AZO";"2012";354,43;11548100
"197";"AZO";"2013";477,94;6160800
"198";"AZO";"2014";619,11;6487800
"199";"AZO";"2015";741,91;6108900
"200";"AZO";"2016";789,79;6036500
"201";"BA";"2012";75,36;90048100
"202";"BA";"2013";136,49;78680000
"203";"BA";"2014";129,98;96842100
"204";"BA";"2015";144,59;79585600
"205";"BA";"2016";155,68;62860400
"206";"BAC";"2012";11,61;3505653600
"207";"BAC";"2013";15,57;1661429900
"208";"BAC";"2014";17,89;1712060700
"209";"BAC";"2015";16,83;1768999200
"210";"BAC";"2016";23,09;2752975300
"211";"BAX";"2012";36,21;90204300
"212";"BAX";"2013";37,78;126749000
"213";"BAX";"2014";39,81;91778100
"214";"BAX";"2015";38,15;79018500
"215";"BAX";"2016";44,34;75504200
"216";"BBBY";"2012";55,91;67561600
"217";"BBBY";"2013";80,3;29084000
"218";"BBBY";"2014";76,17;46652600
"219";"BBBY";"2015";48,25;55959700
"220";"BBBY";"2016";48,08;78071300
"221";"BBT";"2012";29,11;81071900
"222";"BBT";"2013";37,32;83833100
"223";"BBT";"2014";38,89;74941900
"224";"BBT";"2015";37,81;93918900
"225";"BBT";"2016";47,02;88719100
"226";"BBY";"2012";11,85;216660800
"227";"BBY";"2013";39,88;93760000
"228";"BBY";"2014";38,98;123456900
"229";"BBY";"2015";30,45;95441400
"230";"BBY";"2016";42,67;105150200
"231";"BDX";"2012";78,19;18933200
"232";"BDX";"2013";110,49;16256700
"233";"BDX";"2014";139,16;24178800
"234";"BDX";"2015";154,09;23626100
"235";"BDX";"2016";165,55;20080600
"236";"BEN";"2012";41,9;39876300
"237";"BEN";"2013";57,73;45517900
"238";"BEN";"2014";55,37;37648200
"239";"BEN";"2015";36,82;91893800
"240";"BEN";"2016";39,58;52007800
"241";"BG";"2012";72,69;14358500
"242";"BG";"2013";82,11;14759100
"243";"BG";"2014";90,91;21379200
"244";"BG";"2015";68,28;25706500
"245";"BG";"2016";72,24;18249200
"246";"BIIB";"2012";146,37;17674000
"247";"BIIB";"2013";279,57;23680600
"248";"BIIB";"2014";339,45;44112900
"249";"BIIB";"2015";306,35;33025200
"250";"BIIB";"2016";287,77;52475300
"251";"BK";"2012";25,7;125876700
"252";"BK";"2013";34,94;76651200
"253";"BK";"2014";40,57;97837200
"254";"BK";"2015";41,22;148339400
"255";"BK";"2016";47,38;121666800
"256";"BKE";"2012";43,59;8064500
"257";"BKE";"2013";51,32;5432700
"258";"BKE";"2014";52,52;5705000
"259";"BKE";"2015";30,78;9697900
"260";"BKE";"2016";22,8;10045000
"261";"BLK";"2012";206,71;12960500
"262";"BLK";"2013";316,47;12110500
"263";"BLK";"2014";357,56;11055900
"264";"BLK";"2015";340,52;17650600
"265";"BLK";"2016";380,54;15647000
"266";"BLL";"2012";22,38;38906400
"267";"BLL";"2013";25,83;29929600
"268";"BLL";"2014";34,08;40316800
"269";"BLL";"2015";36,37;50136800
"270";"BLL";"2016";76,84;26917500
"271";"BMRN";"2012";49,2;16661700
"272";"BMRN";"2013";70,35;17185500
"273";"BMRN";"2014";90,4;25875000
"274";"BMRN";"2015";104,76;24071100
"275";"BMRN";"2016";82,84;25998400
"276";"BMY";"2012";32,59;169576100
"277";"BMY";"2013";53,15;131146400
"278";"BMY";"2014";59,03;130195700
"279";"BMY";"2015";68,79;112861600
"280";"BMY";"2016";57,04;189353200
"281";"BSX";"2012";5,73;230346400
"282";"BSX";"2013";12,02;224925600
"283";"BSX";"2014";13,25;236225600
"284";"BSX";"2015";18,44;166756800
"285";"BSX";"2016";21,63;158369000
"286";"BWA";"2012";35,81;46968400
"287";"BWA";"2013";55,91;27460900
"288";"BWA";"2014";54,95;36961100
"289";"BWA";"2015";43,23;34214800
"290";"BWA";"2016";41,86;62482500
"291";"BX";"2012";15,59;56227300
"292";"BX";"2013";31,5;82435100
"293";"BX";"2014";33,83;86446300
"294";"BX";"2015";29,24;119208500
"295";"BX";"2016";29,52;134149400
"296";"BXP";"2012";105,81;15976600
"297";"BXP";"2013";100,37;19229300
"298";"BXP";"2014";128,69;18900300
"299";"BXP";"2015";127,54;16560400
"300";"BXP";"2016";125,78;16540300
"301";"C";"2012";39,56;764120200
"302";"C";"2013";52,11;402157100
"303";"C";"2014";54,11;394695100
"304";"C";"2015";51,75;359001500
"305";"C";"2016";59,43;448406800
"306";"CA";"2012";21,98;88291400
"307";"CA";"2013";33,65;53204400
"308";"CA";"2014";30,45;59400100
"309";"CA";"2015";28,56;68035000
"310";"CA";"2016";31,77;52600100
"311";"CAG";"2012";22,96;96143000
"312";"CAG";"2013";26,23;81652100
"313";"CAG";"2014";28,23;76923800
"314";"CAG";"2015";32,81;79178500
"315";"CAG";"2016";38,44;75422600
"316";"CAH";"2012";41,18;39596500
"317";"CAH";"2013";66,81;54828600
"318";"CAH";"2014";80,73;31752500
"319";"CAH";"2015";89,27;36212400
"320";"CAH";"2016";71,97;54591700
"321";"CAT";"2012";89,61;115496400
"322";"CAT";"2013";90,81;103160000
"323";"CAT";"2014";91,53;123785900
"324";"CAT";"2015";67,96;140848000
"325";"CAT";"2016";92,74;88171700
"326";"CBG";"2012";19,9;44701700
"327";"CBG";"2013";26,3;44714600
"328";"CBG";"2014";34,25;43076100
"329";"CBG";"2015";34,58;36805800
"330";"CBG";"2016";31,49;49829200
"331";"CBS";"2012";38,05;115567400
"332";"CBS";"2013";63,74;83984500
"333";"CBS";"2014";55,34;130223700
"334";"CBS";"2015";47,13;92661100
"335";"CBS";"2016";63,62;92841100
"336";"CCE";"2012";31,73;64842900
"337";"CCE";"2013";44,13;36578800
"338";"CCE";"2014";44,22;46950900
"339";"CCE";"2015";49,24;53549800
"340";"CCE";"2016";31,4;43671000
"341";"CCI";"2012";72,16;26028100
"342";"CCI";"2013";73,43;46911500
"343";"CCI";"2014";78,7;64226800
"344";"CCI";"2015";86,45;49262600
"345";"CCI";"2016";86,77;44846400
"346";"CCL";"2012";36,77;77106300
"347";"CCL";"2013";40,17;104027600
"348";"CCL";"2014";45,33;109630300
"349";"CCL";"2015";54,48;96665400
"350";"CCL";"2016";52,06;84005600
"351";"CE";"2012";44,53;24387900
"352";"CE";"2013";55,31;15171800
"353";"CE";"2014";59,96;14616800
"354";"CE";"2015";67,33;14623800
"355";"CE";"2016";78,74;14991700
"356";"CELG";"2012";39,24;118817800
"357";"CELG";"2013";84,49;100747800
"358";"CELG";"2014";111,86;128650100
"359";"CELG";"2015";119,76;99084600
"360";"CELG";"2016";115,75;84993700
"361";"CERN";"2012";38,76;28598800
"362";"CERN";"2013";55,74;27408300
"363";"CERN";"2014";64,66;23518800
"364";"CERN";"2015";60,17;43288900
"365";"CERN";"2016";47,37;56494200
"366";"CF";"2012";40,63;83486500
"367";"CF";"2013";46,61;84657500
"368";"CF";"2014";54,51;73574000
"369";"CF";"2015";40,81;52818600
"370";"CF";"2016";31,48;113091700
"371";"CHD";"2012";26,79;27205200
"372";"CHD";"2013";33,14;20283800
"373";"CHD";"2014";39,4;25310800
"374";"CHD";"2015";42,44;57099900
"375";"CHD";"2016";44,19;35837700
"376";"CHRW";"2012";63,22;18780000
"377";"CHRW";"2013";58,35;40512000
"378";"CHRW";"2014";74,89;29540400
"379";"CHRW";"2015";62,02;52243000
"380";"CHRW";"2016";73,26;30510000
"381";"CHTR";"2012";76,24;15662300
"382";"CHTR";"2013";136,76;18274800
"383";"CHTR";"2014";166,62;15879500
"384";"CHTR";"2015";183,1;25936100
"385";"CHTR";"2016";287,92;28930300
"386";"CI";"2012";53,46;34002300
"387";"CI";"2013";87,48;24527900
"388";"CI";"2014";102,91;24926800
"389";"CI";"2015";146,33;30356400
"390";"CI";"2016";133,39;23744300
"391";"CIT";"2012";38,64;25294700
"392";"CIT";"2013";52,13;17073000
"393";"CIT";"2014";47,83;24573000
"394";"CIT";"2015";39,7;36507400
"395";"CIT";"2016";42,68;32568300
"396";"CL";"2012";52,27;59462800
"397";"CL";"2013";65,21;53782000
"398";"CL";"2014";69,19;62216800
"399";"CL";"2015";66,62;68944000
"400";"CL";"2016";65,44;68212100
"401";"CLR";"2012";36,74;48068600
"402";"CLR";"2013";56,26;48173000
"403";"CLR";"2014";38,36;125951200
"404";"CLR";"2015";22,98;157050700
"405";"CLR";"2016";51,54;56286700
"406";"CLX";"2012";73,22;14981400
"407";"CLX";"2013";92,76;21696200
"408";"CLX";"2014";104,21;23731800
"409";"CLX";"2015";126,83;23817400
"410";"CLX";"2016";120,02;20323800
"411";"CMCSA";"2012";18,68;461422400
"412";"CMCSA";"2013";25,99;384526000
"413";"CMCSA";"2014";29;503069100
"414";"CMCSA";"2015";28,22;404111200
"415";"CMCSA";"2016";34,53;185351400
"416";"CME";"2012";50,67;51885300
"417";"CME";"2013";78,46;42086300
"418";"CME";"2014";88,65;34081700
"419";"CME";"2015";90,6;34942700
"420";"CME";"2016";115,35;34486700
"421";"CMG";"2012";297,46;10663800
"422";"CMG";"2013";532,78;6177500
"423";"CMG";"2014";684,51;6994900
"424";"CMG";"2015";479,85;40702100
"425";"CMG";"2016";377,32;25207000
"426";"CMI";"2012";108,35;37448700
"427";"CMI";"2013";140,97;24943000
"428";"CMI";"2014";144,17;30323800
"429";"CMI";"2015";88,01;77882100
"430";"CMI";"2016";142,25;36314200
"431";"CNO";"2012";9,33;30380500
"432";"CNO";"2013";17,69;25609000
"433";"CNO";"2014";17,22;30154600
"434";"CNO";"2015";19,09;28952600
"435";"CNO";"2016";19,15;34708600
"436";"CNP";"2012";19,25;56367600
"437";"CNP";"2013";23,18;74471500
"438";"CNP";"2014";23,43;94944100
"439";"CNP";"2015";18,36;135308000
"440";"CNP";"2016";24,64;80897200
"441";"CNX";"2012";26,75;52553600
"442";"CNX";"2013";31,7;49407200
"443";"CNX";"2014";28,17;81397800
"444";"CNX";"2015";6,58;285639500
"445";"CNX";"2016";15,19;90671300
"446";"COF";"2012";57,93;64543600
"447";"COF";"2013";76,61;54825100
"448";"COF";"2014";82,55;61847700
"449";"COF";"2015";72,18;58118400
"450";"COF";"2016";87,24;72443600
"451";"COL";"2012";58,17;18453000
"452";"COL";"2013";73,92;11716600
"453";"COL";"2014";84,48;20636800
"454";"COL";"2015";92,3;12562300
"455";"COL";"2016";92,76;22664800
"456";"COP";"2012";57,99;122055100
"457";"COP";"2013";70,65;101693500
"458";"COP";"2014";69,06;219562500
"459";"COP";"2015";46,69;222580600
"460";"COP";"2016";50,14;136226600
"461";"COST";"2012";98,73;64890300
"462";"COST";"2013";119,02;43396100
"463";"COST";"2014";141,75;46520400
"464";"COST";"2015";161,5;54507800
"465";"COST";"2016";160,11;48187800
"466";"CPB";"2012";34,89;37123600
"467";"CPB";"2013";43,28;77789600
"468";"CPB";"2014";44;38983300
"469";"CPB";"2015";52,55;41998100
"470";"CPB";"2016";60,47;35217400
"471";"CRM";"2012";42,03;122377200
"472";"CRM";"2013";55,19;90028800
"473";"CRM";"2014";59,31;107383800
"474";"CRM";"2015";78,4;69148700
"475";"CRM";"2016";68,46;119667300
"476";"CSCO";"2012";19,65;780170100
"477";"CSCO";"2013";22,43;938261700
"478";"CSCO";"2014";27,82;577440600
"479";"CSCO";"2015";27,16;501853200
"480";"CSCO";"2016";30,22;439906100
"481";"CSX";"2012";19,73;179038500
"482";"CSX";"2013";28,77;106749600
"483";"CSX";"2014";36,23;148551000
"484";"CSX";"2015";25,95;201348700
"485";"CSX";"2016";35,93;153646500
"486";"CTL";"2012";39,12;102634700
"487";"CTL";"2013";31,85;126327200
"488";"CTL";"2014";39,58;63158100
"489";"CTL";"2015";25,16;112586300
"490";"CTL";"2016";23,78;153652600
"491";"CTSH";"2012";36,94;90863200
"492";"CTSH";"2013";50,49;59057800
"493";"CTSH";"2014";52,66;82867100
"494";"CTSH";"2015";60,02;80086100
"495";"CTSH";"2016";55,84;97336500
"496";"CTXS";"2012";52,25;53027500
"497";"CTXS";"2013";50,37;45478500
"498";"CTXS";"2014";50,8;40499400
"499";"CTXS";"2015";60,24;40171900
"500";"CTXS";"2016";71,12;22698800
"501";"CVS";"2012";48,35;130142000
"502";"CVS";"2013";71,57;110859300
"503";"CVS";"2014";96,31;100036000
"504";"CVS";"2015";97,77;116258600
"505";"CVS";"2016";78,91;156408500
"506";"CVX";"2012";108,14;125418100
"507";"CVX";"2013";124,91;116195800
"508";"CVX";"2014";112,18;221038700
"509";"CVX";"2015";89,96;260998300
"510";"CVX";"2016";117,7;133381600
"511";"CXO";"2012";80,56;21200600
"512";"CXO";"2013";108;20785300
"513";"CXO";"2014";99,75;49225800
"514";"CXO";"2015";92,86;44980800
"515";"CXO";"2016";132,6;30003600
"516";"D";"2012";51,8;40529600
"517";"D";"2013";64,69;42672500
"518";"D";"2014";76,9;60105400
"519";"D";"2015";67,64;54193400
"520";"D";"2016";74,53;55458400
"521";"DAL";"2012";11,87;260632000
"522";"DAL";"2013";27,47;249242500
"523";"DAL";"2014";49,19;274515000
"524";"DAL";"2015";50,69;196292900
"525";"DAL";"2016";49,19;153531300
"526";"DE";"2012";86,42;48798800
"527";"DE";"2013";91,33;70307700
"528";"DE";"2014";88,47;59911300
"529";"DE";"2015";76,27;69687000
"530";"DE";"2016";103,04;58153200
"531";"DFS";"2012";38,55;107837000
"532";"DFS";"2013";55,95;53240200
"533";"DFS";"2014";65,49;59654900
"534";"DFS";"2015";53,62;72092100
"535";"DFS";"2016";72,82;58695100
"536";"DG";"2012";44,09;134346100
"537";"DG";"2013";60,32;81235200
"538";"DG";"2014";70,7;91338900
"539";"DG";"2015";71,87;74671500
"540";"DG";"2016";74,07;67279400
"541";"DGX";"2012";58,27;15054100
"542";"DGX";"2013";53,54;55974400
"543";"DGX";"2014";67,06;28605300
"544";"DGX";"2015";71,14;22527300
"545";"DGX";"2016";91,9;18131400
"546";"DHR";"2012";42,38;73977100
"547";"DHR";"2013";58,53;62064200
"548";"DHR";"2014";64,98;75738700
"549";"DHR";"2015";70,42;75260600
"550";"DHR";"2016";78,1;77493200
"551";"DIS";"2012";49,79;159328600
"552";"DIS";"2013";76,4;139787700
"553";"DIS";"2014";94,19;145232700
"554";"DIS";"2015";105,08;228548000
"555";"DIS";"2016";104,22;177569400
"556";"DISCA";"2012";32,44;64026000
"557";"DISCA";"2013";46,2;46464800
"558";"DISCA";"2014";34,45;65427200
"559";"DISCA";"2015";26,68;69630400
"560";"DISCA";"2016";27,41;49136000
"561";"DLTR";"2012";40,56;76695900
"562";"DLTR";"2013";56,42;46799700
"563";"DLTR";"2014";70,38;44111000
"564";"DLTR";"2015";77,22;56837500
"565";"DLTR";"2016";77,18;55108400
"566";"DOV";"2012";54,53;29683000
"567";"DOV";"2013";80,12;21781200
"568";"DOV";"2014";71,72;57953900
"569";"DOV";"2015";61,31;36811400
"570";"DOV";"2016";74,93;23968900
"571";"DPS";"2012";44,18;21440300
"572";"DPS";"2013";48,72;20780500
"573";"DPS";"2014";71,68;31957200
"574";"DPS";"2015";93,2;27091300
"575";"DPS";"2016";90,67;31593000
"576";"DTE";"2012";60,05;15883600
"577";"DTE";"2013";66,39;23212600
"578";"DTE";"2014";86,37;21870700
"579";"DTE";"2015";80,19;24305300
"580";"DTE";"2016";98,51;20811500
"581";"DUK";"2012";63,8;68570400
"582";"DUK";"2013";69,01;54472000
"583";"DUK";"2014";83,54;74847400
"584";"DUK";"2015";71,39;73346900
"585";"DUK";"2016";77,62;68427800
"586";"DVA";"2012";55,26;45002800
"587";"DVA";"2013";63,37;40711600
"588";"DVA";"2014";75,74;19013600
"589";"DVA";"2015";69,71;40295100
"590";"DVA";"2016";64,2;34263300
"591";"DVN";"2012";52,04;70055700
"592";"DVN";"2013";61,87;61721600
"593";"DVN";"2014";61,21;109677900
"594";"DVN";"2015";32;172122100
"595";"DVN";"2016";45,67;88795100
"596";"EBAY";"2012";21,46;413798500
"597";"EBAY";"2013";23,09;552624300
"598";"EBAY";"2014";23,62;464823500
"599";"EBAY";"2015";27,48;198398100
"600";"EBAY";"2016";29,69;218097800
"601";"ECL";"2012";71,9;25443100
"602";"ECL";"2013";104,27;22418900
"603";"ECL";"2014";104,52;38885000
"604";"ECL";"2015";114,38;21974100
"605";"ECL";"2016";120,5;22444100
"606";"EFX";"2012";54,12;17695700
"607";"EFX";"2013";69,09;10781300
"608";"EFX";"2014";80,87;11858400
"609";"EFX";"2015";111,37;14286300
"610";"EFX";"2016";118,23;18896400
"611";"EIX";"2012";45,19;43916700
"612";"EIX";"2013";46,3;41748700
"613";"EIX";"2014";65,48;44843700
"614";"EIX";"2015";59,21;46821900
"615";"EIX";"2016";71,99;39874300
"616";"EMN";"2012";68,05;39691400
"617";"EMN";"2013";80,7;38530000
"618";"EMN";"2014";75,86;37848000
"619";"EMN";"2015";67,51;24262200
"620";"EMN";"2016";75,21;26035200
"621";"EMR";"2012";52,96;62572500
"622";"EMR";"2013";70,18;51539800
"623";"EMR";"2014";61,73;93320300
"624";"EMR";"2015";47,83;113668300
"625";"EMR";"2016";55,75;63526300
"626";"EOG";"2012";60,4;57130400
"627";"EOG";"2013";83,92;85691600
"628";"EOG";"2014";92,07;145748300
"629";"EOG";"2015";70,79;103848200
"630";"EOG";"2016";101,1;79462000
"631";"EPD";"2012";25,04;67791400
"632";"EPD";"2013";33,15;42174800
"633";"EPD";"2014";36,12;92573100
"634";"EPD";"2015";25,58;203177500
"635";"EPD";"2016";27,04;98619300
"636";"EQIX";"2012";206,2;17072300
"637";"EQIX";"2013";177,45;16936000
"638";"EQIX";"2014";226,73;12299900
"639";"EQIX";"2015";302,4;15638700
"640";"EQIX";"2016";357,41;13222200
"641";"EQR";"2012";56,67;39938300
"642";"EQR";"2013";51,87;48925200
"643";"EQR";"2014";71,84;35827300
"644";"EQR";"2015";81,59;35199300
"645";"EQR";"2016";64,36;48387200
"646";"EQT";"2012";58,98;30608900
"647";"EQT";"2013";89,78;31697000
"648";"EQT";"2014";75,7;39412300
"649";"EQT";"2015";52,13;50842500
"650";"EQT";"2016";65,4;43447500
"651";"ESRX";"2012";54;94320200
"652";"ESRX";"2013";70,24;79711100
"653";"ESRX";"2014";84,67;85379400
"654";"ESRX";"2015";87,41;78696300
"655";"ESRX";"2016";68,79;97255200
"656";"ETP";"2012";24,87;10020600
"657";"ETP";"2013";37,74;9310400
"658";"ETP";"2014";41,78;20366100
"659";"ETP";"2015";25,7;48200600
"660";"ETP";"2016";24,02;68273700
"661";"ETR";"2012";63,75;18625600
"662";"ETR";"2013";63,27;30862100
"663";"ETR";"2014";87,48;39884700
"664";"ETR";"2015";68,36;31980400
"665";"ETR";"2016";73,47;29969300
"666";"EXC";"2012";29,74;147702400
"667";"EXC";"2013";27,39;155802800
"668";"EXC";"2014";37,08;138203200
"669";"EXC";"2015";27,77;166756000
"670";"EXC";"2016";35,49;150065200
"671";"EXPE";"2012";61,44;43174000
"672";"EXPE";"2013";69,66;33555700
"673";"EXPE";"2014";85,36;40537200
"674";"EXPE";"2015";124,3;52833800
"675";"EXPE";"2016";124,06;47047900
"676";"EXR";"2012";36,39;12576400
"677";"EXR";"2013";42,13;17258900
"678";"EXR";"2014";58,64;16036600
"679";"EXR";"2015";88,21;21081300
"680";"EXR";"2016";77,24;22520300
"681";"F";"2012";12,95;1202835100
"682";"F";"2013";15,43;1037390500
"683";"F";"2014";15,5;593521500
"684";"F";"2015";14,09;587647300
"685";"F";"2016";12,13;708798000
"686";"FAST";"2012";46,65;41653100
"687";"FAST";"2013";47,51;42080600
"688";"FAST";"2014";47,56;34471100
"689";"FAST";"2015";40,82;53855500
"690";"FAST";"2016";46,98;51925000
"691";"FB";"2012";26,62;1191832200
"692";"FB";"2013";54,65;1517533200
"693";"FB";"2014";78,02;534632100
"694";"FB";"2015";104,66;440059600
"695";"FB";"2016";115,05;408552500
"696";"FDX";"2012";91,72;39662000
"697";"FDX";"2013";143,77;39650000
"698";"FDX";"2014";173,66;48210600
"699";"FDX";"2015";148,99;52038300
"700";"FDX";"2016";186,2;43156800
"701";"FE";"2012";41,76;52488700
"702";"FE";"2013";32,98;95470500
"703";"FE";"2014";38,99;65110800
"704";"FE";"2015";31,73;100430300
"705";"FE";"2016";30,73;109475000
"706";"FIS";"2012";34,81;66812700
"707";"FIS";"2013";53,68;21947400
"708";"FIS";"2014";62,2;21076200
"709";"FIS";"2015";60,6;51167000
"710";"FIS";"2016";75,64;42523800
"711";"FISV";"2012";19,76;74144800
"712";"FISV";"2013";29,53;40799800
"713";"FISV";"2014";35,49;57582400
"714";"FISV";"2015";45,73;56381200
"715";"FISV";"2016";53,14;37651000
"716";"FITB";"2012";15,2;185966200
"717";"FITB";"2013";21,03;131210300
"718";"FITB";"2014";20,38;157201400
"719";"FITB";"2015";20,1;193336700
"720";"FITB";"2016";26,97;128629400
"721";"FLT";"2012";53,65;12139900
"722";"FLT";"2013";117,17;14489100
"723";"FLT";"2014";148,71;15958400
"724";"FLT";"2015";142,93;12489900
"725";"FLT";"2016";141,52;20650600
"726";"FNMA";"2012";0,26;54828100
"727";"FNMA";"2013";3,01;328884900
"728";"FNMA";"2014";2,06;128457600
"729";"FNMA";"2015";1,64;135242900
"730";"FNMA";"2016";3,9;311550600
"731";"FOX";"2012";23,18;78934700
"732";"FOX";"2013";34,6;52479900
"733";"FOX";"2014";36,89;100850700
"734";"FOX";"2015";27,23;91655600
"735";"FOX";"2016";27,25;94591300
"736";"GD";"2012";69,27;31884800
"737";"GD";"2013";95,55;24337700
"738";"GD";"2014";137,62;42174100
"739";"GD";"2015";137,36;31503800
"740";"GD";"2016";175,39;36275300
"741";"GE";"2012";20,99;903615300
"742";"GE";"2013";28,03;742552100
"743";"GE";"2014";25,27;866969500
"744";"GE";"2015";31,15;1111454300
"745";"GE";"2016";31,6;636835400
"746";"GGP";"2012";19,85;93013600
"747";"GGP";"2013";20,07;260176300
"748";"GGP";"2014";28,13;78311000
"749";"GGP";"2015";27,21;102254400
"750";"GGP";"2016";24,98;87935100
"751";"GILD";"2012";36,72;191862600
"752";"GILD";"2013";75,1;241963200
"753";"GILD";"2014";94,26;440734100
"754";"GILD";"2015";101,19;184906400
"755";"GILD";"2016";71,61;196593100
"756";"GIS";"2012";40,42;72698200
"757";"GIS";"2013";49,91;66391500
"758";"GIS";"2014";53,33;66498300
"759";"GIS";"2015";57,66;78395800
"760";"GIS";"2016";61,77;56069300
"761";"GLW";"2012";12,62;248600200
"762";"GLW";"2013";17,82;199688600
"763";"GLW";"2014";22,93;184999500
"764";"GLW";"2015";18,28;262377700
"765";"GLW";"2016";24,27;153947200
"766";"GM";"2012";28,83;223646000
"767";"GM";"2013";40,87;547904500
"768";"GM";"2014";34,91;297152900
"769";"GM";"2015";34,01;237814800
"770";"GM";"2016";34,84;310015500
"771";"GPC";"2012";63,58;14318500
"772";"GPC";"2013";83,19;14812200
"773";"GPC";"2014";106,57;12270300
"774";"GPC";"2015";85,89;12995200
"775";"GPC";"2016";95,54;11665300
"776";"GPS";"2012";31,04;158150700
"777";"GPS";"2013";39,08;90163600
"778";"GPS";"2014";42,11;72928800
"779";"GPS";"2015";24,7;117760900
"780";"GPS";"2016";22,44;112398000
"781";"GS";"2012";127,56;80380300
"782";"GS";"2013";177,26;55718100
"783";"GS";"2014";193,83;70221600
"784";"GS";"2015";180,23;65369700
"785";"GS";"2016";239,45;96023400
"786";"GWW";"2012";202,37;9728900
"787";"GWW";"2013";255,42;7834300
"788";"GWW";"2014";254,89;10670700
"789";"GWW";"2015";202,59;16131200
"790";"GWW";"2016";239,62;14787300
"791";"HAL";"2012";34,69;183319900
"792";"HAL";"2013";50,75;208875100
"793";"HAL";"2014";39,33;565585600
"794";"HAL";"2015";34,04;298459300
"795";"HAL";"2016";54,2;174411400
"796";"HCA";"2012";30,17;98075500
"797";"HCA";"2013";47,71;46771900
"798";"HCA";"2014";73,39;68026000
"799";"HCA";"2015";67,63;75723000
"800";"HCA";"2016";74,02;47332200
"801";"HCP";"2012";41,13;50681500
"802";"HCP";"2013";33,08;62213000
"803";"HCP";"2014";40,1;69081200
"804";"HCP";"2015";34,83;85359600
"805";"HCP";"2016";29,72;87677000
"806";"HD";"2012";61,85;143325700
"807";"HD";"2013";82,34;128287300
"808";"HD";"2014";104,97;118058000
"809";"HD";"2015";132,25;99684500
"810";"HD";"2016";134,08;99351900
"811";"HES";"2012";52,96;62864100
"812";"HES";"2013";83;48177100
"813";"HES";"2014";73,82;97925700
"814";"HES";"2015";48,48;80420000
"815";"HES";"2016";62,29;83037800
"816";"HIG";"2012";22,44;86391000
"817";"HIG";"2013";36,23;75531100
"818";"HIG";"2014";41,69;65147700
"819";"HIG";"2015";43,46;54967300
"820";"HIG";"2016";47,65;47200100
"821";"HOG";"2012";48,83;30432200
"822";"HOG";"2013";69,24;20978400
"823";"HOG";"2014";65,91;31283100
"824";"HOG";"2015";45,39;48553000
"825";"HOG";"2016";58,34;40814700
"826";"HON";"2012";63,13;70445300
"827";"HON";"2013";90,89;50155100
"828";"HON";"2014";99,39;51575800
"829";"HON";"2015";103,02;73286100
"830";"HON";"2016";115,85;75530600
"831";"HRL";"2012";15,61;30385800
"832";"HRL";"2013";22,58;26392400
"833";"HRL";"2014";26,05;29922800
"834";"HRL";"2015";39,54;50653100
"835";"HRL";"2016";34,81;49310900
"836";"HSIC";"2012";40,21;17789400
"837";"HSIC";"2013";57,13;14877600
"838";"HSIC";"2014";68,07;18991800
"839";"HSIC";"2015";79,1;17511800
"840";"HSIC";"2016";75,86;23902800
"841";"HST";"2012";15,67;131588600
"842";"HST";"2013";19,44;115860000
"843";"HST";"2014";23,77;118029900
"844";"HST";"2015";15,34;178334300
"845";"HST";"2016";18,84;212426800
"846";"HSY";"2012";72,22;15475800
"847";"HSY";"2013";97,23;12066000
"848";"HSY";"2014";103,93;21040600
"849";"HSY";"2015";89,27;26147100
"850";"HSY";"2016";103,43;18672600
"851";"HUM";"2012";68,63;28977600
"852";"HUM";"2013";103,22;21018300
"853";"HUM";"2014";143,63;24807500
"854";"HUM";"2015";178,51;18242700
"855";"HUM";"2016";204,03;30119200
"856";"IBM";"2012";191,55;79320200
"857";"IBM";"2013";187,57;97993100
"858";"IBM";"2014";160,44;101583300
"859";"IBM";"2015";137,62;97954000
"860";"IBM";"2016";165,99;68957500
"861";"ICE";"2012";24,76;150972000
"862";"ICE";"2013";44,98;94125500
"863";"ICE";"2014";43,86;78656500
"864";"ICE";"2015";51,25;70751200
"865";"ICE";"2016";56,42;59348000
"866";"IEP";"2012";44,7;245300
"867";"IEP";"2013";109,41;14630100
"868";"IEP";"2014";92,47;3166500
"869";"IEP";"2015";61,3;3080600
"870";"IEP";"2016";59,92;2937500
"871";"ILMN";"2012";55,59;30800800
"872";"ILMN";"2013";110,59;24889800
"873";"ILMN";"2014";184,58;20844000
"874";"ILMN";"2015";191,95;32802000
"875";"ILMN";"2016";128,04;28510700
"876";"INTC";"2012";20,62;805637100
"877";"INTC";"2013";25,96;614535900
"878";"INTC";"2014";36,29;600051700
"879";"INTC";"2015";34,45;427101000
"880";"INTC";"2016";36,27;405486600
"881";"INTU";"2012";59,48;30385700
"882";"INTU";"2013";76,32;36193800
"883";"INTU";"2014";92,19;33800400
"884";"INTU";"2015";96,5;36356500
"885";"INTU";"2016";114,61;19845000
"886";"IP";"2012";39,29;67294600
"887";"IP";"2013";48,35;78211400
"888";"IP";"2014";53,58;53773200
"889";"IP";"2015";37,7;70300800
"890";"IP";"2016";53,06;56348400
"891";"IPG";"2012";11,02;100347900
"892";"IPG";"2013";17,7;74163700
"893";"IPG";"2014";20,77;55385100
"894";"IPG";"2015";23,28;67008000
"895";"IPG";"2016";23,41;74411000
"896";"ISRG";"2012";163,46;31593000
"897";"ISRG";"2013";128,03;28862700
"898";"ISRG";"2014";176,31;11874000
"899";"ISRG";"2015";182,05;18712500
"900";"ISRG";"2016";211,39;21206700
"901";"ITT";"2012";23,46;14985000
"902";"ITT";"2013";43,42;14450200
"903";"ITT";"2014";40,46;17614500
"904";"ITT";"2015";36,32;14445900
"905";"ITT";"2016";38,57;14945700
"906";"ITW";"2012";60,81;49544200
"907";"ITW";"2013";84,08;38781600
"908";"ITW";"2014";94,7;35083700
"909";"ITW";"2015";92,68;33964500
"910";"ITW";"2016";127,02;27049500
"911";"IVZ";"2012";26,09;61547900
"912";"IVZ";"2013";36,4;64230900
"913";"IVZ";"2014";39,52;55159000
"914";"IVZ";"2015";33,48;82008800
"915";"IVZ";"2016";30,34;67006400
"916";"JBHT";"2012";59,71;15327900
"917";"JBHT";"2013";77,3;12722200
"918";"JBHT";"2014";84,25;15032200
"919";"JBHT";"2015";73,36;18338700
"920";"JBHT";"2016";97,07;20587900
"921";"JCI";"2012";30,63;60803800
"922";"JCI";"2013";42,97;55748200
"923";"JCI";"2014";45,93;47400200
"924";"JCI";"2015";33,39;66607600
"925";"JCI";"2016";41,19;115691700
"926";"JNJ";"2012";70,1;232603000
"927";"JNJ";"2013";91,59;151086000
"928";"JNJ";"2014";104,57;175446100
"929";"JNJ";"2015";102,72;161913500
"930";"JNJ";"2016";115,21;137353100
"931";"JNPR";"2012";19,67;141675100
"932";"JNPR";"2013";22,57;160753500
"933";"JNPR";"2014";22,32;106318700
"934";"JNPR";"2015";27,6;131316500
"935";"JNPR";"2016";28,26;69680700
"936";"JPM";"2012";43,97;461095700
"937";"JPM";"2013";58,48;330218200
"938";"JPM";"2014";62,58;347616300
"939";"JPM";"2015";66,03;316286300
"940";"JPM";"2016";85,49;378016700
"941";"JWN";"2012";53,5;45481700
"942";"JWN";"2013";61,8;23190100
"943";"JWN";"2014";79,39;23346400
"944";"JWN";"2015";49,81;83704300
"945";"JWN";"2016";47,93;65666300
"946";"K";"2012";55,85;30155600
"947";"K";"2013";61,07;33262800
"948";"K";"2014";65,44;36362400
"949";"K";"2015";72,27;37202500
"950";"K";"2016";73,71;35579800
"951";"KEY";"2012";8,42;228646300
"952";"KEY";"2013";13,42;179301800
"953";"KEY";"2014";13,9;203858600
"954";"KEY";"2015";13,19;306920300
"955";"KEY";"2016";18,27;274176700
"956";"KIM";"2012";19,32;67393200
"957";"KIM";"2013";19,75;62734600
"958";"KIM";"2014";25,14;78871700
"959";"KIM";"2015";26,46;74413200
"960";"KIM";"2016";25,16;76024200
"961";"KLAC";"2012";47,76;29493700
"962";"KLAC";"2013";64,46;22682400
"963";"KLAC";"2014";70,32;33550300
"964";"KLAC";"2015";69,35;28598300
"965";"KLAC";"2016";78,68;36264300
"966";"KMB";"2012";80,95;36810500
"967";"KMB";"2013";100,15;34119700
"968";"KMB";"2014";115,54;38598500
"969";"KMB";"2015";127,3;38290500
"970";"KMB";"2016";114,12;33226100
"971";"KMI";"2012";35,33;87174400
"972";"KMI";"2013";36;144908200
"973";"KMI";"2014";42,31;589873700
"974";"KMI";"2015";14,92;1509067700
"975";"KMI";"2016";20,71;286966100
"976";"KMX";"2012";37,54;46702700
"977";"KMX";"2013";47,02;35422700
"978";"KMX";"2014";66,58;48904000
"979";"KMX";"2015";53,97;75981000
"980";"KMX";"2016";64,39;47616400
"981";"KO";"2012";36,25;269626400
"982";"KO";"2013";41,31;301144500
"983";"KO";"2014";42,22;326860800
"984";"KO";"2015";42,96;286519600
"985";"KO";"2016";42;324399500
"986";"KR";"2012";13,01;180179600
"987";"KR";"2013";19,76;155916000
"988";"KR";"2014";32,11;144860600
"989";"KR";"2015";41,83;184478500
"990";"KR";"2016";34,51;174509800
"991";"KSS";"2012";42,98;70734800
"992";"KSS";"2013";56,75;47052800
"993";"KSS";"2014";61,04;61816700
"994";"KSS";"2015";47,63;80901100
"995";"KSS";"2016";49,38;79642700
"996";"KSU";"2012";83,48;17986000
"997";"KSU";"2013";123,83;13520900
"998";"KSU";"2014";122,03;20507900
"999";"KSU";"2015";74,67;47387700
"1000";"KSU";"2016";84,85;33946500
"1001";"L";"2012";40,75;21666700
"1002";"L";"2013";48,24;12933300
"1003";"L";"2014";42,02;34781100
"1004";"L";"2015";38,4;30384100
"1005";"L";"2016";46,83;18736800
"1006";"LB";"2012";47,06;51058900
"1007";"LB";"2013";61,85;26226200
"1008";"LB";"2014";86,55;30307600
"1009";"LB";"2015";95,82;24783100
"1010";"LB";"2016";74,36;36090200
"1011";"LH";"2012";86,62;12563600
"1012";"LH";"2013";91,37;28748500
"1013";"LH";"2014";107,9;29074300
"1014";"LH";"2015";123,64;19187400
"1015";"LH";"2016";128,38;12803800
"1016";"LLL";"2012";76,62;14587500
"1017";"LLL";"2013";106,86;11794600
"1018";"LLL";"2014";126,21;18268300
"1019";"LLL";"2015";119,51;12632900
"1020";"LLL";"2016";152,11;11666600
"1021";"LLY";"2012";49,32;136541100
"1022";"LLY";"2013";51;86488300
"1023";"LLY";"2014";68,99;113005400
"1024";"LLY";"2015";84,26;86132900
"1025";"LLY";"2016";73,55;131624000
"1026";"LMT";"2012";92,29;39181800
"1027";"LMT";"2013";148,66;28866500
"1028";"LMT";"2014";192,57;26296900
"1029";"LMT";"2015";217,15;27197500
"1030";"LMT";"2016";249,94;34673900
"1031";"LNC";"2012";25,9;49627600
"1032";"LNC";"2013";51,62;39608900
"1033";"LNC";"2014";57,67;40818100
"1034";"LNC";"2015";50,26;40951100
"1035";"LNC";"2016";66,27;32893700
"1036";"LNG";"2012";18,78;95234700
"1037";"LNG";"2013";43,12;85484800
"1038";"LNG";"2014";70,4;85428500
"1039";"LNG";"2015";37,25;90066500
"1040";"LNG";"2016";41,43;48404200
"1041";"LOW";"2012";35,52;203661300
"1042";"LOW";"2013";49,55;121741000
"1043";"LOW";"2014";68,8;111638700
"1044";"LOW";"2015";76,04;84455400
"1045";"LOW";"2016";74,69;133965600
"1046";"LRCX";"2012";36,13;50785300
"1047";"LRCX";"2013";54,45;30065100
"1048";"LRCX";"2014";79,34;39432500
"1049";"LRCX";"2015";79,42;41934900
"1050";"LRCX";"2016";105,73;40058500
"1051";"LTRPA";"2012";NA;NA
"1052";"LTRPA";"2013";NA;NA
"1053";"LTRPA";"2014";26,9;14553600
"1054";"LTRPA";"2015";30,34;9829100
"1055";"LTRPA";"2016";16,35;14571800
"1056";"LUV";"2012";10,24;134684300
"1057";"LUV";"2013";18,84;122877900
"1058";"LUV";"2014";42,32;194291500
"1059";"LUV";"2015";43,06;138821000
"1060";"LUV";"2016";49,84;104357100
"1061";"LVS";"2012";46,16;126906800
"1062";"LVS";"2013";78,87;83361600
"1063";"LVS";"2014";58,16;140884500
"1064";"LVS";"2015";43,84;104411700
"1065";"LVS";"2016";53,41;130762200
"1066";"LYB";"2012";57,09;91748000
"1067";"LYB";"2013";80,28;59512700
"1068";"LYB";"2014";79,39;140000700
"1069";"LYB";"2015";86,9;77121600
"1070";"LYB";"2016";85,78;58441100
"1071";"M";"2012";39,02;106166100
"1072";"M";"2013";53,4;77204300
"1073";"M";"2014";65,75;90649800
"1074";"M";"2015";34,98;178734600
"1075";"M";"2016";35,81;115641400
"1076";"MA";"2012";49,13;131857000
"1077";"MA";"2013";83,55;161933000
"1078";"MA";"2014";86,16;92817400
"1079";"MA";"2015";97,36;76528700
"1080";"MA";"2016";103,25;73599000
"1081";"MAC";"2012";58,3;14480600
"1082";"MAC";"2013";58,89;20438700
"1083";"MAC";"2014";83,41;23686100
"1084";"MAC";"2015";80,69;23932700
"1085";"MAC";"2016";70,84;17758100
"1086";"MAR";"2012";37,27;40101500
"1087";"MAR";"2013";49,35;39283800
"1088";"MAR";"2014";78,03;40177100
"1089";"MAR";"2015";67,04;59359400
"1090";"MAR";"2016";82,68;62991500
"1091";"MAS";"2012";14,64;85590400
"1092";"MAS";"2013";20,01;80552700
"1093";"MAS";"2014";22,14;93078300
"1094";"MAS";"2015";28,3;72077700
"1095";"MAS";"2016";31,62;65901100
"1096";"MAT";"2012";36,62;39444500
"1097";"MAT";"2013";47,58;42057000
"1098";"MAT";"2014";30,95;108470200
"1099";"MAT";"2015";27,17;137425400
"1100";"MAT";"2016";27,55;86772800
"1101";"MCD";"2012";88,21;114044000
"1102";"MCD";"2013";97,03;90582200
"1103";"MCD";"2014";93,7;171258800
"1104";"MCD";"2015";118,14;115015200
"1105";"MCD";"2016";121,72;78403000
"1106";"MCHP";"2012";32,59;41275700
"1107";"MCHP";"2013";44,75;46701100
"1108";"MCHP";"2014";45,11;40750300
"1109";"MCHP";"2015";46,54;44032200
"1110";"MCHP";"2016";64,15;40917100
"1111";"MCK";"2012";96,96;23103000
"1112";"MCK";"2013";161,4;26988900
"1113";"MCK";"2014";207,58;18873400
"1114";"MCK";"2015";197,23;33393800
"1115";"MCK";"2016";146,25;44196900
"1116";"MCO";"2012";50,32;32747200
"1117";"MCO";"2013";78,47;16248500
"1118";"MCO";"2014";95,81;26428600
"1119";"MCO";"2015";100,34;25020300
"1120";"MCO";"2016";94,27;20330200
"1121";"MDLZ";"2012";25,45;220528400
"1122";"MDLZ";"2013";35,3;169922900
"1123";"MDLZ";"2014";36,33;169975300
"1124";"MDLZ";"2015";44,84;182797100
"1125";"MDLZ";"2016";44,33;188140100
"1126";"MET";"2012";29,36;262077600
"1127";"MET";"2013";48,06;131691900
"1128";"MET";"2014";48,21;152168600
"1129";"MET";"2015";42,97;149822400
"1130";"MET";"2016";48,03;118278500
"1131";"MGLN";"2012";49;4925300
"1132";"MGLN";"2013";59,91;3612700
"1133";"MGLN";"2014";60,03;3399300
"1134";"MGLN";"2015";61,66;4435900
"1135";"MGLN";"2016";75,25;5025900
"1136";"MHK";"2012";90,47;13692000
"1137";"MHK";"2013";148,9;22847200
"1138";"MHK";"2014";155,36;15273400
"1139";"MHK";"2015";189,39;12556500
"1140";"MHK";"2016";199,68;10528600
"1141";"MKC";"2012";63,53;10343500
"1142";"MKC";"2013";68,92;11389300
"1143";"MKC";"2014";74,3;11973400
"1144";"MKC";"2015";85,56;13415900
"1145";"MKC";"2016";93,33;13992600
"1146";"MKL";"2012";433,42;1043600
"1147";"MKL";"2013";580,35;890100
"1148";"MKL";"2014";682,84;620200
"1149";"MKL";"2015";883,35;1400800
"1150";"MKL";"2016";904,5;1047200
"1151";"MMC";"2012";34,47;46505800
"1152";"MMC";"2013";48,36;35260500
"1153";"MMC";"2014";57,24;39633200
"1154";"MMC";"2015";55,45;47384600
"1155";"MMC";"2016";67,59;48241200
"1156";"MMM";"2012";92,85;54850200
"1157";"MMM";"2013";140,25;73382000
"1158";"MMM";"2014";164,32;53439800
"1159";"MMM";"2015";150,64;61082900
"1160";"MMM";"2016";178,49;43275700
"1161";"MNST";"2012";17,61;110393400
"1162";"MNST";"2013";22,59;82771800
"1163";"MNST";"2014";36,12;63202700
"1164";"MNST";"2015";49,65;49902500
"1165";"MNST";"2016";44,34;54163800
"1166";"MO";"2012";31,44;213926800
"1167";"MO";"2013";38,39;189047500
"1168";"MO";"2014";49,27;146217500
"1169";"MO";"2015";58,21;116368600
"1170";"MO";"2016";67,62;132650700
"1171";"MON";"2012";94,65;44992100
"1172";"MON";"2013";116,55;38709400
"1173";"MON";"2014";119,47;62689200
"1174";"MON";"2015";98,52;75537800
"1175";"MON";"2016";105,21;38970200
"1176";"MOS";"2012";56,63;48862900
"1177";"MOS";"2013";47,27;65069600
"1178";"MOS";"2014";45,65;63184500
"1179";"MOS";"2015";27,59;123088800
"1180";"MOS";"2016";29,33;106327300
"1181";"MPC";"2012";31,5;121184600
"1182";"MPC";"2013";45,87;166644800
"1183";"MPC";"2014";45,13;148705100
"1184";"MPC";"2015";51,84;122440500
"1185";"MPC";"2016";49,44;121877400
"1186";"MRK";"2012";40,94;263124000
"1187";"MRK";"2013";50,05;211085000
"1188";"MRK";"2014";56,79;229006600
"1189";"MRK";"2015";52,82;226185900
"1190";"MRK";"2016";58,87;203962200
"1191";"MRO";"2012";30,66;103153200
"1192";"MRO";"2013";35,3;117005900
"1193";"MRO";"2014";28,29;222836500
"1194";"MRO";"2015";12,59;286188200
"1195";"MRO";"2016";17,31;294192600
"1196";"MS";"2012";19,12;345139100
"1197";"MS";"2013";31,36;219393800
"1198";"MS";"2014";38,8;201217400
"1199";"MS";"2015";31,81;251203200
"1200";"MS";"2016";42,25;237718500
"1201";"MSFT";"2012";26,71;947310900
"1202";"MSFT";"2013";37,41;826617700
"1203";"MSFT";"2014";46,45;626771200
"1204";"MSFT";"2015";55,48;791895100
"1205";"MSFT";"2016";62,14;513256500
"1206";"MSI";"2012";55,68;30483100
"1207";"MSI";"2013";67,5;25180400
"1208";"MSI";"2014";67,08;31161900
"1209";"MSI";"2015";68,45;20358000
"1210";"MSI";"2016";82,89;18091300
"1211";"MTB";"2012";98,47;16311200
"1212";"MTB";"2013";116,42;20712200
"1213";"MTB";"2014";125,62;15213000
"1214";"MTB";"2015";121,18;19588800
"1215";"MTB";"2016";154,17;22083900
"1216";"MU";"2012";6,34;476319100
"1217";"MU";"2013";21,75;808447200
"1218";"MU";"2014";35,01;359420900
"1219";"MU";"2015";14,16;503509000
"1220";"MU";"2016";21,92;631585800
"1221";"MXIM";"2012";29,4;49168500
"1222";"MXIM";"2013";27,9;54391800
"1223";"MXIM";"2014";31,87;65768500
"1224";"MXIM";"2015";38;61135500
"1225";"MXIM";"2016";38,57;32735900
"1226";"MYL";"2012";27,45;112149600
"1227";"MYL";"2013";43,4;70973100
"1228";"MYL";"2014";56,37;64264200
"1229";"MYL";"2015";54,07;125126300
"1230";"MYL";"2016";38,15;107356500
"1231";"NBL";"2012";50,87;39884200
"1232";"NBL";"2013";68,11;49350200
"1233";"NBL";"2014";47,43;95280800
"1234";"NBL";"2015";32,93;98449900
"1235";"NBL";"2016";38,06;74623600
"1236";"NEE";"2012";69,19;33076200
"1237";"NEE";"2013";85,62;45446200
"1238";"NEE";"2014";106,29;49164200
"1239";"NEE";"2015";103,89;52531800
"1240";"NEE";"2016";119,46;44764400
"1241";"NEM";"2012";46,44;123742000
"1242";"NEM";"2013";23,03;210244900
"1243";"NEM";"2014";18,9;214563500
"1244";"NEM";"2015";17,99;151110800
"1245";"NEM";"2016";34,07;179831600
"1246";"NFLX";"2012";13,23;598236100
"1247";"NFLX";"2013";52,6;313308800
"1248";"NFLX";"2014";48,8;258595200
"1249";"NFLX";"2015";114,38;319866600
"1250";"NFLX";"2016";123,8;128472700
"1251";"NKE";"2012";25,8;187460200
"1252";"NKE";"2013";39,32;162278800
"1253";"NKE";"2014";48,08;166357300
"1254";"NKE";"2015";62,5;176476500
"1255";"NKE";"2016";51,72;229408200
"1256";"NLSN";"2012";30,59;29701800
"1257";"NLSN";"2013";45,89;55499500
"1258";"NLSN";"2014";44,73;91938400
"1259";"NLSN";"2015";46,6;47748100
"1260";"NLSN";"2016";41,95;59824600
"1261";"NLY";"2012";14,04;298498500
"1262";"NLY";"2013";9,97;344638000
"1263";"NLY";"2014";10,81;161292100
"1264";"NLY";"2015";9,38;154192300
"1265";"NLY";"2016";9,97;176617500
"1266";"NOC";"2012";67,58;30097400
"1267";"NOC";"2013";114,61;29569800
"1268";"NOC";"2014";147,39;30057800
"1269";"NOC";"2015";188,81;25210900
"1270";"NOC";"2016";232,58;25138400
"1271";"NOV";"2012";61,63;100768100
"1272";"NOV";"2013";71,71;63728100
"1273";"NOV";"2014";65,53;110825200
"1274";"NOV";"2015";33,49;129721500
"1275";"NOV";"2016";37,44;73898400
"1276";"NOW";"2012";30,03;17230900
"1277";"NOW";"2013";56,01;26725700
"1278";"NOW";"2014";67,85;22897400
"1279";"NOW";"2015";86,56;30080000
"1280";"NOW";"2016";74,34;27521600
"1281";"NSC";"2012";61,84;51317600
"1282";"NSC";"2013";92,83;31724000
"1283";"NSC";"2014";109,61;53761600
"1284";"NSC";"2015";84,59;47359000
"1285";"NSC";"2016";108,07;32942800
"1286";"NTRS";"2012";50,16;24666500
"1287";"NTRS";"2013";61,89;25936300
"1288";"NTRS";"2014";67,4;18243000
"1289";"NTRS";"2015";72,09;29762600
"1290";"NTRS";"2016";89,05;30680900
"1291";"NUE";"2012";43,16;47313300
"1292";"NUE";"2013";53,38;31869800
"1293";"NUE";"2014";49,05;43314900
"1294";"NUE";"2015";40,3;54131500
"1295";"NUE";"2016";59,52;60514500
"1296";"NVDA";"2012";12,26;200933500
"1297";"NVDA";"2013";16,02;154199400
"1298";"NVDA";"2014";20,05;106425100
"1299";"NVDA";"2015";32,96;140650100
"1300";"NVDA";"2016";106,74;451308200
"1301";"NWL";"2012";22,27;58042900
"1302";"NWL";"2013";32,41;42690900
"1303";"NWL";"2014";38,09;41265000
"1304";"NWL";"2015";44,08;124742100
"1305";"NWL";"2016";44,65;83030900
"1306";"O";"2012";40,21;15640600
"1307";"O";"2013";37,33;48857300
"1308";"O";"2014";47,71;38509800
"1309";"O";"2015";51,63;44568300
"1310";"O";"2016";57,48;39689200
"1311";"OKE";"2012";37,43;40262700
"1312";"OKE";"2013";54,44;30272200
"1313";"OKE";"2014";49,79;63050300
"1314";"OKE";"2015";24,66;106511900
"1315";"OKE";"2016";57,41;37390700
"1316";"OMC";"2012";49,96;33872400
"1317";"OMC";"2013";74,37;26994300
"1318";"OMC";"2014";77,47;31880300
"1319";"OMC";"2015";75,66;41858700
"1320";"OMC";"2016";85,11;41756700
"1321";"ORCL";"2012";33,32;503002900
"1322";"ORCL";"2013";38,26;468655300
"1323";"ORCL";"2014";44,97;352611500
"1324";"ORCL";"2015";36,53;372685100
"1325";"ORCL";"2016";38,45;307175600
"1326";"ORLY";"2012";89,42;26655500
"1327";"ORLY";"2013";128,71;15292800
"1328";"ORLY";"2014";192,62;14630900
"1329";"ORLY";"2015";253,42;19223700
"1330";"ORLY";"2016";278,41;13446300
"1331";"OXY";"2012";73,4;92776700
"1332";"OXY";"2013";91,11;79839500
"1333";"OXY";"2014";80,47;165468200
"1334";"OXY";"2015";67,5;121970800
"1335";"OXY";"2016";71,23;90057900
"1336";"PAA";"2012";45,24;21349200
"1337";"PAA";"2013";51,77;27280100
"1338";"PAA";"2014";51,32;42080100
"1339";"PAA";"2015";23,1;131325800
"1340";"PAA";"2016";32,29;48096300
"1341";"PAYX";"2012";31,1;71003600
"1342";"PAYX";"2013";45,53;56026600
"1343";"PAYX";"2014";46,17;58667600
"1344";"PAYX";"2015";52,89;50934600
"1345";"PAYX";"2016";60,88;38304400
"1346";"PCAR";"2012";45,21;42062000
"1347";"PCAR";"2013";59,17;25502300
"1348";"PCAR";"2014";68,01;41789500
"1349";"PCAR";"2015";47,4;60157200
"1350";"PCAR";"2016";63,9;45804500
"1351";"PCG";"2012";40,18;51913900
"1352";"PCG";"2013";40,28;60967400
"1353";"PCG";"2014";53,24;69283100
"1354";"PCG";"2015";53,19;51902800
"1355";"PCG";"2016";60,77;44334500
"1356";"PCLN";"2012";620,39;11761900
"1357";"PCLN";"2013";1162,4;10537200
"1358";"PCLN";"2014";1140,21;15327800
"1359";"PCLN";"2015";1274,95;9814000
"1360";"PCLN";"2016";1466,06;7852200
"1361";"PEG";"2012";30,6;49816300
"1362";"PEG";"2013";32,04;79750800
"1363";"PEG";"2014";41,41;77263700
"1364";"PEG";"2015";38,69;64436800
"1365";"PEG";"2016";43,88;54393400
"1366";"PEP";"2012";68,43;98276000
"1367";"PEP";"2013";82,94;99693900
"1368";"PEP";"2014";94,56;94377400
"1369";"PEP";"2015";99,92;92168800
"1370";"PEP";"2016";104,63;85750400
"1371";"PFE";"2012";25,08;597201100
"1372";"PFE";"2013";30,63;528149100
"1373";"PFE";"2014";31,15;533277200
"1374";"PFE";"2015";32,28;738234000
"1375";"PFE";"2016";31,7;570151700
"1376";"PFG";"2012";28,52;32422700
"1377";"PFG";"2013";49,31;28571500
"1378";"PFG";"2014";51,94;27802100
"1379";"PFG";"2015";44,98;36815300
"1380";"PFG";"2016";57,86;31608900
"1381";"PG";"2012";67,89;181564600
"1382";"PG";"2013";81,41;162155800
"1383";"PG";"2014";91,09;142076100
"1384";"PG";"2015";79,41;207324100
"1385";"PG";"2016";84,08;171190200
"1386";"PGR";"2012";21,1;98701100
"1387";"PGR";"2013";27,27;60497600
"1388";"PGR";"2014";26,99;86447700
"1389";"PGR";"2015";31,8;69637300
"1390";"PGR";"2016";35,5;67570500
"1391";"PH";"2012";85,06;22470900
"1392";"PH";"2013";128,64;19340100
"1393";"PH";"2014";128,95;24689300
"1394";"PH";"2015";96,98;26819800
"1395";"PH";"2016";140;22017000
"1396";"PLD";"2012";36,49;53039700
"1397";"PLD";"2013";36,95;50158800
"1398";"PLD";"2014";43,03;59455000
"1399";"PLD";"2015";42,92;63302300
"1400";"PLD";"2016";52,39;53205500
"1401";"PM";"2012";83,64;106731900
"1402";"PM";"2013";87,13;99812100
"1403";"PM";"2014";81,45;101407600
"1404";"PM";"2015";87,91;91883400
"1405";"PM";"2016";91,49;91662400
"1406";"PNC";"2012";58,31;77547300
"1407";"PNC";"2013";77,58;42327600
"1408";"PNC";"2014";91,23;56171000
"1409";"PNC";"2015";95,31;47992100
"1410";"PNC";"2016";116,96;57987400
"1411";"PPG";"2012";67,68;73891600
"1412";"PPG";"2013";94,83;31953800
"1413";"PPG";"2014";115,57;36427800
"1414";"PPG";"2015";98,82;26961200
"1415";"PPG";"2016";94,76;32661000
"1416";"PPL";"2012";26,67;82939700
"1417";"PPL";"2013";28,03;82153300
"1418";"PPL";"2014";33,84;91501200
"1419";"PPL";"2015";34,13;95289600
"1420";"PPL";"2016";34,05;83938200
"1421";"PRU";"2012";53,33;63723400
"1422";"PRU";"2013";92,22;39881900
"1423";"PRU";"2014";90,46;64488600
"1424";"PRU";"2015";81,41;51175700
"1425";"PRU";"2016";104,06;46438700
"1426";"PSX";"2012";53,1;92107200
"1427";"PSX";"2013";77,13;69932200
"1428";"PSX";"2014";71,7;102659600
"1429";"PSX";"2015";81,8;70449200
"1430";"PSX";"2016";86,41;39870700
"1431";"PX";"2012";109,45;19818200
"1432";"PX";"2013";130,03;19789000
"1433";"PX";"2014";129,56;22938100
"1434";"PX";"2015";102,4;33371600
"1435";"PX";"2016";117,19;29819200
"1436";"PXD";"2012";106,59;22717700
"1437";"PXD";"2013";184,07;32049200
"1438";"PXD";"2014";148,85;60217400
"1439";"PXD";"2015";125,38;62153000
"1440";"PXD";"2016";180,07;31206700
"1441";"QCOM";"2012";61,86;249965500
"1442";"QCOM";"2013";74,25;173783100
"1443";"QCOM";"2014";74,33;200659800
"1444";"QCOM";"2015";49,99;350914600
"1445";"QCOM";"2016";65,2;156763600
"1446";"RCL";"2012";34;38633500
"1447";"RCL";"2013";47,42;24304500
"1448";"RCL";"2014";82,43;101615900
"1449";"RCL";"2015";101,21;39131900
"1450";"RCL";"2016";82,04;33784900
"1451";"REGN";"2012";171,07;16572900
"1452";"REGN";"2013";275,24;14237000
"1453";"REGN";"2014";410,25;16987000
"1454";"REGN";"2015";542,87;12980000
"1455";"REGN";"2016";367,09;17768300
"1456";"RF";"2012";7,13;288265700
"1457";"RF";"2013";9,89;253027900
"1458";"RF";"2014";10,56;322211200
"1459";"RF";"2015";9,6;387306000
"1460";"RF";"2016";14,36;451135700
"1461";"RHT";"2012";52,96;36869400
"1462";"RHT";"2013";56,04;51094900
"1463";"RHT";"2014";69,14;49846200
"1464";"RHT";"2015";82,81;40467100
"1465";"RHT";"2016";69,7;51163300
"1466";"RL";"2012";149,92;14878000
"1467";"RL";"2013";176,57;12562800
"1468";"RL";"2014";185,16;14719100
"1469";"RL";"2015";111,48;21401200
"1470";"RL";"2016";90,32;20211500
"1471";"ROK";"2012";83,99;20514100
"1472";"ROK";"2013";118,16;13785100
"1473";"ROK";"2014";111,2;27796300
"1474";"ROK";"2015";102,61;21710100
"1475";"ROK";"2016";134,4;18978500
"1476";"ROP";"2012";111,48;9414800
"1477";"ROP";"2013";138,68;9444800
"1478";"ROP";"2014";156,35;7399100
"1479";"ROP";"2015";189,79;8477100
"1480";"ROP";"2016";185,8;14220100
"1481";"ROST";"2012";27,05;83499600
"1482";"ROST";"2013";37,47;81221800
"1483";"ROST";"2014";47,13;50032300
"1484";"ROST";"2015";53,81;56300900
"1485";"ROST";"2016";65,6;59664200
"1486";"RSG";"2012";29,33;33643900
"1487";"RSG";"2013";33,2;31497500
"1488";"RSG";"2014";40,25;36205600
"1489";"RSG";"2015";43,99;35810900
"1490";"RSG";"2016";57,05;23336300
"1491";"RTN";"2012";57,56;28994500
"1492";"RTN";"2013";90,7;33603500
"1493";"RTN";"2014";108,17;33835000
"1494";"RTN";"2015";124,53;37903800
"1495";"RTN";"2016";146,3;41064000
"1496";"S";"2012";5,67;642544500
"1497";"S";"2013";10,75;472127000
"1498";"S";"2014";4,15;494324000
"1499";"S";"2015";3,62;324150100
"1500";"S";"2016";8,42;385856700
"1501";"SBUX";"2012";26,82;309576800
"1502";"SBUX";"2013";39,2;186721400
"1503";"SBUX";"2014";41,03;222092000
"1504";"SBUX";"2015";60,03;174837100
"1505";"SBUX";"2016";55,52;165840600
"1506";"SCHW";"2012";14,36;174956900
"1507";"SCHW";"2013";26;113790500
"1508";"SCHW";"2014";30,19;151581900
"1509";"SCHW";"2015";32,93;170675000
"1510";"SCHW";"2016";39,47;198849400
"1511";"SE";"2012";NA;NA
"1512";"SE";"2013";NA;NA
"1513";"SE";"2014";NA;NA
"1514";"SE";"2015";NA;NA
"1515";"SE";"2016";NA;NA
"1516";"SHW";"2012";153,82;17899900
"1517";"SHW";"2013";183,5;13336000
"1518";"SHW";"2014";263,04;12975900
"1519";"SHW";"2015";259,6;12585000
"1520";"SHW";"2016";268,74;16050100
"1521";"SIRI";"2012";2,89;1325995100
"1522";"SIRI";"2013";3,49;1040354500
"1523";"SIRI";"2014";3,5;606200200
"1524";"SIRI";"2015";4,07;575547100
"1525";"SIRI";"2016";4,45;588651700
"1526";"SJM";"2012";86,24;10051400
"1527";"SJM";"2013";103,62;14724000
"1528";"SJM";"2014";100,98;10858100
"1529";"SJM";"2015";123,34;17834400
"1530";"SJM";"2016";128,06;13114800
"1531";"SLB";"2012";69,3;144038800
"1532";"SLB";"2013";90,11;115269400
"1533";"SLB";"2014";85,41;238968200
"1534";"SLB";"2015";69,75;183409500
"1535";"SLB";"2016";83,95;108033500
"1536";"SLG";"2012";76,65;12815500
"1537";"SLG";"2013";92,38;14866300
"1538";"SLG";"2014";119,02;15407700
"1539";"SLG";"2015";112,98;14043300
"1540";"SLG";"2016";107,55;19029400
"1541";"SO";"2012";42,81;90943200
"1542";"SO";"2013";41,11;108626800
"1543";"SO";"2014";49,11;108477600
"1544";"SO";"2015";46,79;98317500
"1545";"SO";"2016";49,19;90742100
"1546";"SPG";"2012";148,72;25872900
"1547";"SPG";"2013";143,14;32627400
"1548";"SPG";"2014";182,11;28067900
"1549";"SPG";"2015";194,44;28312400
"1550";"SPG";"2016";177,67;29958500
"1551";"SRCL";"2012";93,28;8918200
"1552";"SRCL";"2013";116,17;8380700
"1553";"SRCL";"2014";131,08;8296800
"1554";"SRCL";"2015";120,6;19364600
"1555";"SRCL";"2016";77,04;24545200
"1556";"SRE";"2012";70,94;23750800
"1557";"SRE";"2013";89,76;23561700
"1558";"SRE";"2014";111,36;25332400
"1559";"SRE";"2015";94,01;27920100
"1560";"SRE";"2016";100,64;20394000
"1561";"STI";"2012";28,35;96631900
"1562";"STI";"2013";36,81;65478500
"1563";"STI";"2014";41,9;70631100
"1564";"STI";"2015";42,84;114756800
"1565";"STI";"2016";54,85;80537800
"1566";"STT";"2012";47,01;77630200
"1567";"STT";"2013";73,39;37108100
"1568";"STT";"2014";78,5;40599200
"1569";"STT";"2015";66,36;56344500
"1570";"STT";"2016";77,72;42000900
"1571";"STZ";"2012";35,39;24502300
"1572";"STZ";"2013";70,38;23207800
"1573";"STZ";"2014";98,17;21944900
"1574";"STZ";"2015";142,44;23764400
"1575";"STZ";"2016";153,31;35681900
"1576";"SWK";"2012";73,97;22712200
"1577";"SWK";"2013";80,69;30286400
"1578";"SWK";"2014";96,08;23253500
"1579";"SWK";"2015";106,73;28727000
"1580";"SWK";"2016";120,5;19001000
"1581";"SYK";"2012";54,82;37059300
"1582";"SYK";"2013";75,14;26169700
"1583";"SYK";"2014";94,33;27882600
"1584";"SYK";"2015";92,94;29238400
"1585";"SYK";"2016";119,81;24152200
"1586";"SYMC";"2012";18,82;120013100
"1587";"SYMC";"2013";23,58;133377800
"1588";"SYMC";"2014";25,66;75869700
"1589";"SYMC";"2015";21;151548600
"1590";"SYMC";"2016";23,89;133355400
"1591";"SYY";"2012";31,66;54846100
"1592";"SYY";"2013";36,1;167117500
"1593";"SYY";"2014";39,69;67689900
"1594";"SYY";"2015";41;86137800
"1595";"SYY";"2016";55,37;62937100
"1596";"T";"2012";33,71;489829700
"1597";"T";"2013";35,16;434511200
"1598";"T";"2014";33,59;576080000
"1599";"T";"2015";34,41;539900700
"1600";"T";"2016";40,38;463518700
"1601";"TAP";"2012";42,79;21052600
"1602";"TAP";"2013";56,15;17393300
"1603";"TAP";"2014";74,52;29491300
"1604";"TAP";"2015";93,92;30796100
"1605";"TAP";"2016";97,31;29747900
"1606";"TDG";"2012";136,36;14429400
"1607";"TDG";"2013";161,02;6853800
"1608";"TDG";"2014";196,35;6801400
"1609";"TDG";"2015";228,45;7968600
"1610";"TDG";"2016";248,96;12089400
"1611";"TGT";"2012";59,17;96358400
"1612";"TGT";"2013";63,27;123385300
"1613";"TGT";"2014";75,91;96597700
"1614";"TGT";"2015";72,61;95817100
"1615";"TGT";"2016";72,23;103666200
"1616";"TIF";"2012";57,34;36861700
"1617";"TIF";"2013";92,78;18279500
"1618";"TIF";"2014";106,86;22835100
"1619";"TIF";"2015";76,29;32269400
"1620";"TIF";"2016";77,43;32383200
"1621";"TJX";"2012";42,45;91819100
"1622";"TJX";"2013";63,73;64386200
"1623";"TJX";"2014";68,58;70709400
"1624";"TJX";"2015";70,91;64026900
"1625";"TJX";"2016";78,03;65607400
"1626";"TMO";"2012";63,78;42297200
"1627";"TMO";"2013";111,35;31727200
"1628";"TMO";"2014";125,29;29130300
"1629";"TMO";"2015";141,85;33711300
"1630";"TMO";"2016";141,1;38105500
"1631";"TMUS";"2012";19,88;70160100
"1632";"TMUS";"2013";33,64;165694400
"1633";"TMUS";"2014";26,94;126225400
"1634";"TMUS";"2015";39,12;109163700
"1635";"TMUS";"2016";57,51;63733700
"1636";"TRI";"2012";29,06;14976200
"1637";"TRI";"2013";37,82;12912500
"1638";"TRI";"2014";40,34;15215100
"1639";"TRI";"2015";37,85;16759500
"1640";"TRI";"2016";43,78;14537100
"1641";"TRIP";"2012";41,92;62638600
"1642";"TRIP";"2013";82,83;37680200
"1643";"TRIP";"2014";74,66;46058500
"1644";"TRIP";"2015";85,25;26180200
"1645";"TRIP";"2016";46,37;48539000
"1646";"TROW";"2012";65,12;29346400
"1647";"TROW";"2013";83,77;24331800
"1648";"TROW";"2014";85,86;26343400
"1649";"TROW";"2015";71,49;35990900
"1650";"TROW";"2016";75,26;33727000
"1651";"TRV";"2012";71,82;49623300
"1652";"TRV";"2013";90,54;41988000
"1653";"TRV";"2014";105,85;41404500
"1654";"TRV";"2015";112,86;41306700
"1655";"TRV";"2016";122,42;35958900
"1656";"TSCO";"2012";44,18;36344800
"1657";"TSCO";"2013";77,58;25644300
"1658";"TSCO";"2014";78,82;21598400
"1659";"TSCO";"2015";85,5;19534900
"1660";"TSCO";"2016";77,44;27215800
"1661";"TSLA";"2012";33,87;21714300
"1662";"TSLA";"2013";150,43;197637900
"1663";"TSLA";"2014";222,41;127050800
"1664";"TSLA";"2015";240,01;59839200
"1665";"TSLA";"2016";213,69;87959600
"1666";"TSN";"2012";19,4;67620600
"1667";"TSN";"2013";33,46;71665800
"1668";"TSN";"2014";40,09;113187900
"1669";"TSN";"2015";53,33;110506700
"1670";"TSN";"2016";61,68;69460800
"1671";"TWX";"2012";45,86;132710300
"1672";"TWX";"2013";66,85;86731800
"1673";"TWX";"2014";85,42;78697500
"1674";"TWX";"2015";64,67;134218400
"1675";"TWX";"2016";96,53;81098000
"1676";"TXN";"2012";30,89;152431200
"1677";"TXN";"2013";43,91;95473100
"1678";"TXN";"2014";53,47;120974600
"1679";"TXN";"2015";54,81;116898200
"1680";"TXN";"2016";72,97;103426900
"1681";"TXT";"2012";24,79;51919900
"1682";"TXT";"2013";36,76;55768600
"1683";"TXT";"2014";42,11;39795900
"1684";"TXT";"2015";42,01;30214700
"1685";"TXT";"2016";48,56;30139100
"1686";"UA";"2012";NA;NA
"1687";"UA";"2013";NA;NA
"1688";"UA";"2014";NA;NA
"1689";"UA";"2015";80,61;59280600
"1690";"UA";"2016";25,17;61589400
"1691";"UAL";"2012";23,38;78988300
"1692";"UAL";"2013";37,83;81526200
"1693";"UAL";"2014";66,89;127630300
"1694";"UAL";"2015";57,3;92676900
"1695";"UAL";"2016";75,17;71111000
"1696";"UHS";"2012";48,35;15866000
"1697";"UHS";"2013";81,26;13675400
"1698";"UHS";"2014";111,26;15607900
"1699";"UHS";"2015";119,49;13122000
"1700";"UHS";"2016";106,38;40018800
"1701";"UNH";"2012";54,24;94058200
"1702";"UNH";"2013";75,3;87821400
"1703";"UNH";"2014";101,09;82445400
"1704";"UNH";"2015";117,64;76066500
"1705";"UNH";"2016";160,04;76132500
"1706";"UNM";"2012";20,82;38431900
"1707";"UNM";"2013";35,08;34109800
"1708";"UNM";"2014";34,88;52459200
"1709";"UNM";"2015";33,29;31497500
"1710";"UNM";"2016";43,93;33845800
"1711";"UPS";"2012";73,73;71280400
"1712";"UPS";"2013";105,08;59003800
"1713";"UPS";"2014";111,17;72327900
"1714";"UPS";"2015";96,23;75628600
"1715";"UPS";"2016";114,64;51481600
"1716";"USB";"2012";31,94;217315600
"1717";"USB";"2013";40,4;170916900
"1718";"USB";"2014";44,95;145977900
"1719";"USB";"2015";42,67;140230700
"1720";"USB";"2016";51,37;146903000
"1721";"UTX";"2012";82,01;80142300
"1722";"UTX";"2013";113,8;58083600
"1723";"UTX";"2014";115;91296700
"1724";"UTX";"2015";96,07;127150300
"1725";"UTX";"2016";109,62;65431800
"1726";"V";"2012";37,9;216124800
"1727";"V";"2013";55,67;281645600
"1728";"V";"2014";65,55;197323300
"1729";"V";"2015";77,55;196542500
"1730";"V";"2016";78,02;244420700
"1731";"VFC";"2012";37,74;59674400
"1732";"VFC";"2013";62,34;62364300
"1733";"VFC";"2014";74,9;29127300
"1734";"VFC";"2015";62,25;55298900
"1735";"VFC";"2016";53,35;61320100
"1736";"VIA";"2012";54,27;625600
"1737";"VIA";"2013";87,77;484700
"1738";"VIA";"2014";75,5;568300
"1739";"VIA";"2015";43,99;1564600
"1740";"VIA";"2016";38,5;1688100
"1741";"VLO";"2012";31,19;158672800
"1742";"VLO";"2013";50,4;187447500
"1743";"VLO";"2014";49,5;169584100
"1744";"VLO";"2015";70,71;125211900
"1745";"VLO";"2016";68,32;98692000
"1746";"VMW";"2012";94,14;28287800
"1747";"VMW";"2013";89,71;41461500
"1748";"VMW";"2014";82,52;32704100
"1749";"VMW";"2015";56,57;33612300
"1750";"VMW";"2016";78,73;30953500
"1751";"VNO";"2012";58,59;24973500
"1752";"VNO";"2013";64,96;24896700
"1753";"VNO";"2014";86,12;23704900
"1754";"VNO";"2015";80,81;18354700
"1755";"VNO";"2016";103,22;22006100
"1756";"VRSK";"2012";50,97;21718000
"1757";"VRSK";"2013";65,72;14755500
"1758";"VRSK";"2014";64,05;15827300
"1759";"VRSK";"2015";76,88;24573200
"1760";"VRSK";"2016";81,17;15756700
"1761";"VRTX";"2012";41,9;37178700
"1762";"VRTX";"2013";74,3;31288100
"1763";"VRTX";"2014";118,8;37246100
"1764";"VRTX";"2015";125,83;33703500
"1765";"VRTX";"2016";73,67;42178600
"1766";"VTR";"2012";73,91;23567800
"1767";"VTR";"2013";65,41;34937800
"1768";"VTR";"2014";81,88;48585200
"1769";"VTR";"2015";56,43;55884300
"1770";"VTR";"2016";62,52;47439100
"1771";"VZ";"2012";43,27;239689900
"1772";"VZ";"2013";49,14;236601200
"1773";"VZ";"2014";46,78;419728200
"1774";"VZ";"2015";46,22;293399200
"1775";"VZ";"2016";53,38;254549200
"1776";"WAT";"2012";87,12;9552300
"1777";"WAT";"2013";100;10052200
"1778";"WAT";"2014";112,72;8961100
"1779";"WAT";"2015";134,58;9479900
"1780";"WAT";"2016";134,39;10838700
"1781";"WBA";"2012";37,01;148423500
"1782";"WBA";"2013";57,44;122663500
"1783";"WBA";"2014";76,2;137961700
"1784";"WBA";"2015";85,16;87715500
"1785";"WBA";"2016";82,76;76273800
"1786";"WDAY";"2012";54,5;10128300
"1787";"WDAY";"2013";83,16;20068000
"1788";"WDAY";"2014";81,61;34023800
"1789";"WDAY";"2015";79,68;19221300
"1790";"WDAY";"2016";66,09;70317800
"1791";"WDC";"2012";42,49;93089700
"1792";"WDC";"2013";83,9;43953300
"1793";"WDC";"2014";110,7;41897600
"1794";"WDC";"2015";60,05;66756700
"1795";"WDC";"2016";67,95;90078500
"1796";"WFC";"2012";34,18;465866000
"1797";"WFC";"2013";45,4;325412900
"1798";"WFC";"2014";54,82;356501200
"1799";"WFC";"2015";54,36;340263600
"1800";"WFC";"2016";55,11;514036700
"1801";"WHR";"2012";101,75;20739700
"1802";"WHR";"2013";156,86;14967100
"1803";"WHR";"2014";193,74;20741600
"1804";"WHR";"2015";146,87;19604500
"1805";"WHR";"2016";181,77;17981400
"1806";"WM";"2012";33,74;74022400
"1807";"WM";"2013";44,87;44761500
"1808";"WM";"2014";51,32;53625900
"1809";"WM";"2015";53,37;46851100
"1810";"WM";"2016";70,91;38374200
"1811";"WMB";"2012";32,74;162386700
"1812";"WMB";"2013";38,57;169368500
"1813";"WMB";"2014";44,94;242543100
"1814";"WMB";"2015";25,7;328298500
"1815";"WMB";"2016";31,14;156453300
"1816";"WMT";"2012";68,23;198433700
"1817";"WMT";"2013";78,69;117743800
"1818";"WMT";"2014";85,88;138945800
"1819";"WMT";"2015";61,3;226802600
"1820";"WMT";"2016";69,12;162308500
"1821";"WU";"2012";13,61;172602700
"1822";"WU";"2013";17,25;116201700
"1823";"WU";"2014";17,91;97381000
"1824";"WU";"2015";17,91;85466500
"1825";"WU";"2016";21,72;77353800
"1826";"WY";"2012";27,82;76632900
"1827";"WY";"2013";31,57;79383800
"1828";"WY";"2014";35,89;71544300
"1829";"WY";"2015";29,98;79005700
"1830";"WY";"2016";30,09;79192400
"1831";"WYN";"2012";53,21;25901900
"1832";"WYN";"2013";73,69;20871100
"1833";"WYN";"2014";85,76;19696100
"1834";"WYN";"2015";72,65;22788600
"1835";"WYN";"2016";76,37;17125800
"1836";"XEC";"2012";57,73;14560300
"1837";"XEC";"2013";104,91;17602600
"1838";"XEC";"2014";106;35711100
"1839";"XEC";"2015";89,38;35475300
"1840";"XEC";"2016";135,9;15334300
"1841";"XEL";"2012";26,71;47005200
"1842";"XEL";"2013";27,94;87079500
"1843";"XEL";"2014";35,92;67374400
"1844";"XEL";"2015";35,91;85389000
"1845";"XEL";"2016";40,7;48288300
"1846";"XLNX";"2012";35,86;41247100
"1847";"XLNX";"2013";45,92;45072700
"1848";"XLNX";"2014";43,29;80645900
"1849";"XLNX";"2015";46,97;46870700
"1850";"XLNX";"2016";60,37;64498900
"1851";"XOM";"2012";86,55;282441200
"1852";"XOM";"2013";101,2;269290800
"1853";"XOM";"2014";92,45;400812400
"1854";"XOM";"2015";77,95;366428700
"1855";"XOM";"2016";90,26;219180900
"1856";"XRX";"2012";17,97;75368200
"1857";"XRX";"2013";32,07;66049000
"1858";"XRX";"2014";36,52;54756300
"1859";"XRX";"2015";28,01;129278100
"1860";"XRX";"2016";23;288514000
"1861";"YUM";"2012";47,74;131434500
"1862";"YUM";"2013";54,36;73496800
"1863";"YUM";"2014";52,37;116595700
"1864";"YUM";"2015";52,52;105094600
"1865";"YUM";"2016";63,33;43885000
"1866";"ZBH";"2012";66,66;21906200
"1867";"ZBH";"2013";93,19;19442600
"1868";"ZBH";"2014";113,42;18561000
"1869";"ZBH";"2015";102,59;22948000
"1870";"ZBH";"2016";103,2;31233000
