"","Year","Index","Roa","TobinsQ","FinancialLeverage","Growth","FirmSize","Industry","CarbonProductivity","WaterProductivity","WasteProductivity","SustainabilityPayLink","SustainableThemedCommitment","AuditScore"
"1",2012,1,0.1177,-0.23572233352107,0.41,0.1681,23.0784433800596,5,0.72,0.54,0.57,1,0,1
"2",2013,1,0.0682,0.0676586484738149,0.51,0.1068,23.092200310482,5,0.11,0,0.08,1,0,1
"3",2014,1,0.0468,0.0295588022415444,0.52,0.0722,23.1056782298,5,0.11,0.01,0.09,1,0,1
"4",2012,2,-0.0792,-2.40794560865187,NA,-0.0755,23.8806916994984,6,0.14,0.16,0.23,1,1,0
"5",2013,2,-0.0558,-1.02165124753198,NA,-0.0686,24.4675326931399,6,0.03,0,0,1,1,0
"6",2014,2,0.067,NA,8.01,0.0676,24.5022373345869,6,0.05,0.03,0.06,1,1,0
"7",2012,3,0.0935,0.139761942375159,0.5,0.0623,22.2523206837918,1,0,0,0,0,0,0
"8",2013,3,0.0768,0.350656871613169,0.69,0.0602,22.4397628216739,1,0,0,0,0,0,0
"9",2014,3,0.0728,0.425267735404344,0.81,0.05,22.7979460615245,1,0.06,0,0,0,0,0
"13",2012,5,0.2261,NA,4.35,0.287,24.01939895536,5,0.13,0.07,0.16,1,0,1
"14",2013,5,0.1469,NA,3.18,0.2197,24.0973660507242,5,0.03,0.02,0.03,1,0,1
"15",2014,5,0.0625,NA,6.06,0.0889,24.0391594736941,5,0.04,0.02,0.05,1,0,1
"16",2012,6,0.0473,-0.27443684570176,0.59,0.009,23.4638175612528,5,0,0,0,0,0,0
"17",2013,6,0.0252,-0.083381608939051,0.6,0.0049,23.6634325450507,5,0,0,0,0,0,0
"18",2014,6,0.0137,-0.105360515657826,1.02,0.0023,23.7928060376451,5,0.06,0,0,0,0,0
"19",2012,7,0.0935,-0.261364764134408,0.68,0.1495,24.9314589493224,5,0.08,0.15,0.35,1,0,1
"20",2013,7,0.0468,0.207014169384326,0.13,0.1179,24.4833723315986,5,0.01,0.02,0.03,1,0,1
"21",2014,7,0.0542,0.506817602368452,0.16,0.1128,24.4435228267526,5,0.01,0.01,0.05,1,0,1
"23",2013,8,0.0436,0.524728528934982,1.3,0.0738,21.2432493984972,6,0.03,0.07,0.03,1,1,1
"24",2014,8,0.0383,0.53062825106217,1.38,0.0665,21.3389918705378,6,0.04,0.09,0.01,1,1,1
"25",2012,9,0.0878,0.431782416425538,0.22,0.1891,23.02984295121,7,0.87,0.99,0.92,1,1,1
"26",2013,9,0.0285,0.963174317773006,0.22,0.0715,23.0631467146842,7,0.09,0.12,0.09,1,1,1
"27",2014,9,0.0254,1.16315080980568,0.13,0.0647,23.1015148338614,7,0.08,0.08,0.03,1,1,1
"28",2012,10,0.1195,0.392042087776024,0.19,0.2411,22.449597500852,7,0.48,0.59,0.3,0,1,1
"29",2013,10,0.1122,0.570979546585738,0.18,0.2557,22.5767473648025,7,0.08,0.07,0.04,0,1,1
"30",2014,10,0.0951,0.667829372575655,0.18,0.2197,22.6489732786842,7,0.09,0.07,0.05,0,1,1
"32",2013,11,0.0307,-0.7339691750802,0.27,0.0149,24.5018031629909,2,0.01,0.07,0,1,1,0
"33",2014,11,0.0512,-0.446287102628419,0.28,0.0277,24.5080689190305,2,0.02,0.06,0,1,1,0
"34",2012,12,0.0427,-0.261364764134408,0.0025,0.1302,24.2297237292661,7,0.38,0.61,0,0,1,0
"35",2013,12,0.0446,-0.0304592074847086,0.002,0.1243,24.1973418640211,7,0.07,0,0,0,1,0
"36",2014,12,0.0471,-0.150822889734584,0.0019,0.1242,24.1906254208622,7,0.07,0,0,0,1,0
"37",2012,13,0.0403,-0.430782916092454,8.91,0.116,23.2081840700007,7,0,0,0,0,0,0
"38",2013,13,0.0393,0.0295588022415444,7.01,0.1149,23.3068298614567,7,0.08,0,0,0,0,0
"39",2014,13,0.0302,-0.0725706928348354,3.39,0.0955,23.7321106146274,7,0.05,0,0,0,0,0
"40",2012,14,0.0949,0.636576829071551,NA,0.1288,21.9555345104272,7,0.94,0.3,0.62,0,0,1
"41",2013,14,0.0657,0.631271776841858,0.36,0.107,22.1869840950311,7,0.14,0,0.03,1,1,1
"42",2014,14,0.0514,0.974559639998131,0.33,0.1006,22.278669860888,7,0.14,0,0.05,1,1,1
"43",2012,15,-0.0428,-0.579818495252942,1,-0.1426,23.8067800238839,11,0.03,0,0,1,1,0
"44",2013,15,0.0135,-0.356674943938732,0.84,0.0495,23.7697862773325,11,0.01,0,0,1,1,0
"45",2014,15,0.0268,-0.22314355131421,0.91,0.0968,23.8445729334085,11,0.01,0.01,0,1,1,0
"46",2012,16,0.0236,-0.342490308946776,1.02,0.0842,24.7190231890943,11,0.02,0.03,0,1,1,0
"47",2013,16,0.0267,-0.3147107448397,1.05,0.0964,24.7559831915976,11,0.01,0.03,0,1,1,0
"48",2014,16,0.0282,-0.186329578191493,0.96,0.096,24.8114749490624,11,0.01,0.02,0,1,1,0
"49",2012,17,0.0414,-0.653926467406664,0.62,0.0466,24.4488267252797,5,0.74,0,0,0,1,0
"50",2013,17,0.0419,-0.342490308946776,0.56,0.0413,24.6327215496971,5,0.08,0,0,0,1,1
"51",2014,17,0.0395,-0.22314355131421,0.54,0.0358,24.701115907982,5,0.12,0.11,0,0,1,1
"52",2012,18,0.0231,-1.27296567581289,0.27,0.113,25.5991804600784,4,0.63,0,0,0,1,1
"53",2013,18,0.025,-1.07880966137193,0.34,0.1319,25.5215903593929,4,0.09,0.09,0.12,1,1,1
"54",2014,18,0.0245,-1.23787435600162,0.29,0.1298,25.5088140255834,4,0.07,0.06,0.1,1,1,1
"55",2012,19,0.0094,-0.356674943938732,1.63,0.0165,22.9402167859481,5,0.85,0.61,0.82,1,1,1
"56",2013,19,-0.0408,0.19062035960865,0.89,-0.0865,23.0816923658344,5,0.13,0.12,0.13,1,1,1
"57",2014,19,-0.0433,NA,0.52,-0.1248,23.2422276377242,5,0.13,0.13,0,1,1,1
"58",2012,20,0.0062,NA,0.49,0.0524,27.0306955667578,4,0,0,0,0,1,0
"59",2013,20,0.0167,NA,0.41,0.1322,27.0172930640418,4,0,0,0,1,1,0
"60",2014,20,0.0142,NA,0.29,0.1169,26.9685602570609,4,0.09,0,0,1,1,0
"61",2012,21,0.0825,0.955511445027436,0,0.1485,21.6790184067471,7,0.12,0,0.68,0,1,1
"62",2013,21,0.1056,0.951657875711446,0,0.186,21.8076727046923,7,0.07,0,0.15,1,1,1
"63",2014,21,0.096,1.00063188030791,0.21,0.17,22.1099466233944,7,0.04,0,0.15,1,1,1
"65",2013,22,0.0181,-1.66073120682165,0.3,0.0656,25.5396689232229,4,0.03,0.05,0.12,1,1,1
"66",2014,22,0.0237,-1.34707364796661,0.25,0.0779,25.4103201111489,4,0.03,0.06,0.08,1,1,1
"67",2012,23,0.1271,1.88555334851442,0.12,0.2247,21.6839791135733,5,0,0,0,0,0,0
"68",2013,23,0.0853,2.00552585872967,0.07,0.163,21.9225364030585,5,0,0,0,0,0,0
"69",2014,23,0.1747,2.11021320034659,0.04,0.2941,22.1588173960156,5,0.06,0,0,0,0,0
"70",2012,24,0.0084,-0.0304592074847086,0.27,0.0125,23.2164712895491,7,0.65,0.72,0.32,1,1,0
"71",2013,24,0.0212,0.518793793415168,0.27,0.0341,23.2115002768271,7,0.08,0.09,0.02,1,1,0
"72",2014,24,0.085,0.631271776841858,0.25,0.1182,23.3012073527016,7,0.1,0.09,0.03,1,1,0
"73",2012,25,0.0966,0.657520002916794,0.45,0.1377,22.3700103240467,6,0,0,0,0,0,0
"74",2013,25,0.0934,0.837247524533702,0.36,0.1438,22.4944657324666,6,0,0,0,0,0,0
"75",2014,25,0.095,0.741937344729377,0.44,0.1453,22.5828339433994,6,0.05,0,0,0,0,0
"76",2012,26,0.0305,0.254642218373581,0.54,0.0964,22.5457323162869,4,0,0,0,0,0,0
"77",2013,26,0.0577,0.672944473242426,0.65,0.1647,22.5667951536592,4,0,0,0,0,0,0
"78",2014,26,0.0645,0.542324290825362,0.72,0.1801,22.7642393821107,4,0.06,0,0,0,0,0
"79",2012,27,0.0842,0.198850858745165,1.26,0.2517,24.7177532307954,5,0.51,0.52,0.43,0,1,1
"80",2013,27,0.0844,0.378436435720245,1.34,0.2721,24.9148127271249,5,0.09,0.08,0.08,1,1,1
"81",2014,27,0.0763,0.582215619852664,1.17,0.2571,24.9575027678204,5,0.07,0.06,0.07,1,1,1
"82",2012,28,0.0077,-2.20727491318972,0.81,0.1003,25.6265311904347,4,0,0,0,0,0,0
"83",2013,28,0.0096,-1.77195684193188,1.03,0.1188,25.6970711577919,4,0,0,0,0,0,0
"84",2014,28,0.011,-1.66073120682165,1.22,0.132,25.7259361613884,4,0.07,0,0,0,0,0
"85",2012,29,0.0484,0.765467842139571,2.43,0.2216,23.3686693440548,4,0,0,0,0,0,0
"86",2013,29,0.0321,0.438254930931155,4.08,0.164,23.7325346270583,4,0,0,0,0,0,0
"87",2014,29,0.0385,0.928219302739429,3.47,0.1954,23.7834527999992,4,0.04,0,0,0,0,0
"88",2012,30,-0.0013,1.25846098961001,0.47,-6e-04,24.2061968036352,1,0,0,0,0,0,0
"89",2013,30,0.0075,1.52605630349505,0.53,0.0037,24.4161124116215,1,0,0,0,0,0,0
"90",2014,30,-0.0051,1.00795792039998,1.16,-0.0027,24.7215582775267,1,0.06,0,0,0,0,0
"91",2012,31,0.0722,-0.59783700075562,0.37,0.0225,23.0935095784143,3,0,0,0,0,1,0
"92",2013,31,0.0342,-0.446287102628419,0.66,0.011,23.3177739966495,3,0,0,0,0,1,0
"93",2014,31,0.0563,-0.328504066972036,0.96,0.0207,23.5260199735179,3,0.08,0.07,0.09,0,1,0
"94",2012,32,0.0341,-0.328504066972036,0.38,0.1136,24.829818904498,3,0.18,0.06,0,0,0,1
"95",2013,32,0.0358,-0.385662480811985,0.29,0.1334,24.8445281765189,3,0.04,0.01,0,1,0,1
"96",2014,32,-0.0919,-0.562118918153541,0.43,-0.393,24.7477600172674,3,0.04,0,0,1,0,1
"97",2012,33,0.0458,-0.0943106794712413,0.64,0.1797,24.685772809345,3,0.1,0.61,0,0,1,1
"98",2013,33,0.0148,-0.0725706928348354,0.6,0.0539,24.7446991465577,3,0.03,0.05,0,1,1,1
"99",2014,33,-0.0298,-0.0725706928348354,0.77,-0.1069,24.8453714699539,3,0.04,0,0,1,1,1
"100",2012,34,0.0747,0.113328685307003,0.71,0.1214,23.5793394127953,8,0.17,0.23,0.92,1,1,1
"101",2013,34,0.0572,0.398776119957368,0.71,0.0977,23.6089153514702,8,0.02,0.07,0.13,1,1,1
"102",2014,34,0.0557,0.631271776841858,0.66,0.095,23.5931740825433,8,0.02,0.08,0.12,1,1,1
"103",2012,35,0.115,NA,0.66,0.1294,22.3748937038168,7,0,0,0,0,0,0
"104",2013,35,0.1117,NA,0.5,0.1378,22.5426450127562,7,0,0,0,0,0,0
"105",2014,35,0.1075,NA,0.92,0.1327,22.6730257091565,7,0.06,0,0,0,0,0
"106",2012,36,0.0819,-0.544727175441672,0,0.2317,23.3765078015536,7,0,0,0,0,0,0
"107",2013,36,0.0716,-0.0512932943875506,0.7,0.2204,23.3631799422817,7,0,0,0,0,0,0
"108",2014,36,0.0581,0.0295588022415444,0.6,0.1894,23.4142376965139,7,0.02,0,0,0,0,0
"109",2012,37,0.043,0.425267735404344,0.56,0.4069,23.1356087831225,4,0,0,0,0,0,0
"110",2013,37,0.0267,0.343589704390077,0.72,0.2414,23.4529563874633,4,0.05,0.02,0,1,0,0
"111",2014,37,0.0434,0.548121408509688,0.72,0.4057,23.5068391940714,4,0.06,0.01,0.04,1,0,0
"112",2012,38,0.0243,-0.186329578191493,1.17,0.1244,23.41240338261,11,0.62,0,0,1,1,0
"113",2013,38,0.0248,-0.116533816255952,1.1,0.1272,23.4359408603853,11,0.06,0.15,0.11,1,0,0
"114",2014,38,0.0271,-0.0202027073175195,1.11,0.1405,23.5040059957711,11,0.03,0,0,1,0,0
"115",2012,39,0.0289,-0.82098055206983,3.12,0.1404,25.7546183726314,4,0.63,0.3,0.07,0,0,0
"116",2013,39,0.0347,-0.415515443961666,2.84,0.1611,25.7561517399775,4,0.1,0.06,0.08,1,1,0
"117",2014,39,0.0374,-0.478035800943,2.8,0.174,25.7928176281777,4,0.13,0.1,0.01,1,1,0
"118",2012,40,0.1533,1.06125650212434,NA,0.1081,22.5792512784737,1,0,0,0,0,0,0
"119",2013,40,0.1545,1.07158361628019,NA,0.1111,22.6977634428536,1,0,0,0,0,0,0
"120",2014,40,0.1485,1.11841491596429,NA,0.1129,22.6933109518469,1,0.07,0,0,0,0,0
"121",2012,41,0.0461,-0.510825623765991,1.53,0.0476,25.2107329840783,6,0.78,0.84,0,0,1,1
"122",2013,41,0.0504,0.0392207131532813,0.54,0.0529,25.2522350928408,6,0.11,0.12,0.1,1,1,1
"123",2014,41,0.0567,-0.139262067333508,0.94,0.0599,25.3203836897437,6,0.08,0.12,0.1,1,1,1
"124",2012,42,0.0013,-2.20727491318972,1.26,0.0339,28.4240018666831,4,0.2,0.05,0.04,1,1,1
"125",2013,42,0.0047,-1.66073120682165,1.14,0.1172,28.3740402562584,4,0.03,0.02,0.01,1,1,1
"126",2014,42,0.0018,-2.20727491318972,1.08,0.0456,28.375115180883,4,0.04,0.02,0.02,1,1,1
"127",2012,43,0.1179,NA,0.8,0.1639,23.7383104215328,5,0.18,0.05,0.16,1,1,1
"128",2013,43,0.087,NA,0.96,0.1319,23.9763111775847,5,0.04,0.01,0.05,1,1,1
"129",2014,43,0.0964,NA,0.94,0.1498,23.9781649609913,5,0.02,0,0.01,1,1,1
"130",2012,44,0.1741,0.559615787935423,NA,0.1042,22.5775305115259,1,0,0,0,0,0,0
"131",2013,44,0.1729,0.78845736036427,NA,0.0951,22.6018144362469,1,0,0,0,0,0,0
"132",2014,44,0.1618,0.53062825106217,NA,0.0889,22.7160595719006,1,0.07,0,0,0,0,0
"133",2012,45,0.0107,-1.30933331998376,1,0.198,25.9375057003032,4,0,0,0,0,0,0
"134",2013,45,0.0085,-1.10866262452161,1.07,0.1635,25.9328066331036,4,0,0,0,0,0,0
"135",2014,45,0.0108,-1.10866262452161,1.07,0.2187,25.9533793063996,4,0.03,0,0,0,0,0
"137",2013,46,NA,-0.22314355131421,NA,NA,23.4359718495848,1,0.07,0.08,0.08,1,1,1
"138",2014,46,0.038,-0.616186139423817,0.4,0.0125,23.4807409213761,1,0.11,0.09,0.06,1,1,1
"139",2012,47,0.1287,NA,0.73,0.1758,22.1466873751476,5,0,0,0,0,0,0
"140",2013,47,0.1474,NA,0.67,0.2221,22.340890149184,5,0,0,0,0,0,0
"141",2014,47,0.0572,NA,0.78,0.0872,22.3510543425931,5,0.07,0,0,0,0,0
"142",2012,48,0.1074,0.285178942233662,0.91,0.1518,23.1768053930189,5,0.14,0.06,0.31,0,0,0
"143",2013,48,0.11,0.570979546585738,0.75,0.1605,23.2110849081814,5,0.04,0.03,0.01,1,1,0
"144",2014,48,0.0964,0.371563556432483,0.75,0.1403,23.641198718046,5,0.04,0.03,0.03,1,1,0
"145",2012,49,0.1354,0.3293037471426,0.31,0.272,23.3873084192556,4,0.48,0,0,0,0,0
"146",2013,49,0.1418,0.60431596685333,0.23,0.2675,23.4901696808423,4,0.08,0,0,1,0,0
"147",2014,49,0.1493,0.451075619360217,0.19,0.2791,23.5142346064676,4,0.09,0,0,1,0,0
"148",2012,50,0.1427,1.15057202759882,0.24,0.1884,22.0593189816296,2,0.6,0.44,0,1,1,1
"149",2013,50,0.1664,1.34286480319255,0.61,0.2074,22.0796163216932,2,0.09,0.13,0,1,1,1
"150",2014,50,0.1705,1.48839958405704,0.49,0.2203,22.1685364031666,2,0.1,0.14,0,1,1,1
"151",2012,51,0.0011,-1.07880966137193,0.35,5e-04,24.0294196699217,2,0.36,0.41,0.47,0,0,0
"152",2013,51,0.0085,-0.916290731874155,0.35,0.0037,24.0109211772094,2,0.07,0.05,0.06,0,1,0
"153",2014,51,0.0194,-0.544727175441672,0.37,0.0082,23.7880576464319,2,0.07,0.07,0.05,0,1,0
"154",2012,52,0.0509,NA,0.22,0.0614,24.0075173324447,3,0.75,0.61,0.14,1,1,1
"155",2013,52,0.0401,NA,0.22,0.049,24.05311042183,3,0.1,0,0,1,1,1
"156",2014,52,0.0606,NA,0.21,0.07,24.0845782849097,3,0.09,0.06,0.02,1,1,1
"157",2012,53,0.1439,1.11841491596429,0.1,0.2502,23.0387788037078,5,0.83,0.85,0.97,1,0,1
"158",2013,53,0.1694,1.62136648329937,0.07,0.3208,23.1966901496254,5,0.14,0.13,0.11,1,1,1
"159",2014,53,0.2242,1.6094379124341,0.05,0.3449,23.3847134793246,5,0.14,0.11,0.14,0,1,1
"160",2012,54,0.0071,NA,0.56,0.1667,26.6065603698935,4,0.26,0.41,0.4,1,1,1
"161",2013,54,0.0056,NA,0.57,0.1366,26.6483501680374,4,0.02,0.05,0.06,1,1,1
"162",2014,54,0.0065,NA,0.59,0.1562,26.6772958746889,4,0.02,0.05,0.03,1,1,1
"163",2012,55,0.2951,NA,NA,0.1425,27.1398347074149,3,0,0,0,0,0,0
"164",2013,55,0.3255,NA,NA,0.1462,20.1181295337092,3,0,0,0,0,0,0
"165",2014,55,0.3175,NA,NA,0.1441,20.1126198778982,3,0,0,0,0,0,0
"166",2012,56,0.0074,-1.66073120682165,0.32,0.1497,26.0238356647977,4,0.71,0,0,1,0,0
"167",2013,56,0.014,-1.34707364796661,0.28,0.288,26.1163159438854,4,0.09,0,0,1,0,0
"168",2014,56,0.0143,-1.34707364796661,0.3,0.2973,26.2031044401176,4,0.09,0,0,1,0,1
"169",2012,57,0.0546,0.198850858745165,2.77,0.0462,22.739115076349,8,0.75,0.76,0.83,1,1,1
"170",2013,57,0.0531,0.246860077931526,2.65,0.048,22.7799503915036,8,0.05,0.08,0.09,1,1,1
"171",2014,57,0.0611,0.46373401623214,2.9,0.0548,22.7475909960676,8,0.08,0.11,0.13,1,1,1
"172",2012,58,-0.0787,1.33236601909433,0.32,-0.2284,21.1730667588746,5,0,0,0,0,0,0
"173",2013,58,-0.0916,1.47247205736094,0.49,-0.3215,21.5337515099236,5,0,0,0,0,0,1
"174",2014,58,-0.0565,1.65632149833295,0.43,-0.1784,21.635548547423,5,0.02,0,0,0,0,1
"175",2012,59,0.0569,0.488580014818671,0.48,0.1112,24.3039195634892,5,0.34,0.49,0.28,1,1,1
"176",2013,59,0.0688,0.832909122935104,0.53,0.1564,24.3763108380511,5,0.06,0.08,0.06,1,1,1
"177",2014,59,0.0554,1.07158361628019,0.49,0.1262,24.2422166241964,5,0.07,0.09,0.08,1,1,1
"178",2012,60,0.0362,-0.544727175441672,0.33,0.0912,26.7811078383175,4,0,0,0,0,0,0
"179",2013,60,0.0427,-0.371063681390832,0.33,0.1069,26.9072724497216,4,0,0,0,0,0,0
"180",2014,60,0.0393,-0.287682072451781,0.33,0.1021,26.9889205993454,4,0.06,0,0,0,0,0
"181",2012,61,-0.2116,-0.462035459596559,0.62,-0.5612,23.5654972195146,5,0.27,0.44,0.49,0,1,0
"182",2013,61,-0.0072,0.131028262406404,0.65,-0.0169,23.5309200165941,5,0.07,0.09,0.1,1,1,1
"183",2014,61,-0.0071,0.19062035960865,0.6,-0.0161,23.5589467223522,5,0.07,0.09,0.12,1,1,1
"184",2012,62,0.0811,0.254642218373581,0.27,0.0697,22.5796888195002,1,0,0,0,0,0,0
"185",2013,62,0.0938,0.598836501088704,0.29,0.084,22.6572479865649,1,0,0,0,0,0,0
"186",2014,62,0.0927,0.536493370514568,0.2,0.079,22.7012282096764,1,0.09,0,0,0,0,0
"187",2012,63,0.0086,-1.17118298150295,1.59,0.0544,24.0881449559345,4,0,0,0,0,0,0
"188",2013,63,0.04,-0.174353387144778,1.05,0.1771,24.1137392552456,4,0,0,0,0,0,0
"189",2014,63,0.0518,-0.23572233352107,0.78,0.2117,24.173253382778,4,0,0,0,0,0,0
"190",2012,64,0.0192,0.405465108108164,1.75,0.1544,23.4616719982035,4,0,0,0,0,0,0
"191",2013,64,0.0416,0.207014169384326,2.05,0.3473,23.7270779306625,4,0,0,0,0,0,0
"192",2014,64,0.0216,0.343589704390077,1.83,0.1807,23.7133203726086,4,0.08,0,0,0,0,0
"193",2012,65,0.0039,-1.77195684193188,1.28,0.1042,28.2540998467746,4,0.26,0.14,0.1,1,1,1
"194",2013,65,0.0071,-1.89711998488588,1.11,0.1721,28.2624960636192,4,0.04,0.03,0.01,1,1,1
"195",2014,65,0.0036,-1.77195684193188,1.11,0.0865,28.2421607431026,4,0.06,0.03,0.02,1,1,1
"196",2012,66,0.0779,-0.0725706928348354,0.24,0.1975,23.170643674842,7,0.49,0.58,0.34,1,1,1
"197",2013,66,0.0793,0.27763173659828,0.23,0.2033,23.1894143138058,7,0.03,0.08,0.13,1,0,1
"198",2014,66,0.0747,0.22314355131421,0.22,0.1971,23.1134038269483,7,0.03,0.09,0.07,1,0,1
"199",2012,67,0.0408,-0.105360515657826,0.64,0.0352,23.2505932026184,2,0.24,0.22,0.39,1,1,1
"200",2013,67,0.0485,-0.116533816255952,1.69,0.0499,23.7577379388163,2,0.04,0.02,0,1,1,1
"201",2014,67,0.0152,-0.0202027073175195,1.67,0.017,23.6936803025161,2,0.04,0.02,0,1,1,1
"202",2012,68,0.0454,-0.653926467406664,0.39,0.0099,23.9277181411489,5,0.7,0.82,0.65,1,0,1
"203",2013,68,0.0133,-0.0943106794712413,0.62,0.0033,23.9425015970302,5,0.06,0,0.1,1,0,1
"204",2014,68,0.045,0,0.5,0.0128,24.0282459608667,5,0.07,0.06,0.1,1,0,1
"205",2012,69,0.0731,NA,0.37,0.0883,23.1354404905683,3,0,0,0,0,0,0
"206",2013,69,0.055,NA,0.44,0.0711,23.3799174749626,3,0,0,0,0,0,0
"207",2014,69,0.0598,NA,0.62,0.0781,23.2798728008996,3,0.07,0,0,0,0,0
"208",2012,70,0.0665,-0.186329578191493,1.58,0.0862,25.2158942279481,6,0.35,0.44,0.7,0,1,0
"209",2013,70,0.0435,-0.139262067333508,1.28,0.0681,25.1646928149017,6,0.05,0.07,0.11,0,1,0
"210",2014,70,0.0436,-0.162518929497775,1.66,0.067,25.1621570923073,6,0.04,0.05,0.06,0,1,0
"211",2012,71,0.0337,NA,3.72,0.0284,22.7786121563128,4,0.72,0,0,0,1,1
"212",2013,71,0.1079,NA,2.2,0.0746,22.668949388902,4,0.12,0,0,1,0,1
"213",2014,71,0.1476,NA,1.0792,0.1226,22.7575929817891,4,0.13,0,0,1,0,1
"214",2012,72,0.0598,0.0582689081239758,0.58,0.1117,23.9991267272973,1,0,0,0,1,0,0
"215",2013,72,0.0711,0.482426149244293,0.59,0.1229,23.9961373015756,1,0,0,0,1,0,0
"216",2014,72,0.1173,0.322083499169113,0.93,0.2143,23.9043151762742,1,0.03,0,0,1,0,0
"217",2012,73,0.0721,0.198850858745165,1.05,0.084,22.9756097135037,2,0.84,0.6,0.91,1,1,1
"218",2013,73,0.0686,0.438254930931155,1.63,0.0812,22.9771857579592,2,0.14,0.12,0.11,1,1,1
"219",2014,73,0.0783,0.494696241836107,2.32,0.0802,22.8716502488632,2,0.13,0.11,0.12,1,1,1
"220",2012,74,0.014,0.678033542749897,3.72,0.0764,23.5013835585601,4,0,0,0,0,0,0
"221",2013,74,0.0043,0.553885113226438,1.66,0.0261,23.7483096977208,4,0,0,0,0,0,0
"222",2014,74,0.0166,0.582215619852664,1.76,0.0939,23.7745877722698,4,0.07,0,0,0,0,0
"223",2012,75,0.0334,0.0861776962410524,0.3,0.0844,24.3909216546087,1,0.05,0.48,0.07,0,1,1
"224",2013,75,0.0272,0.182321556793955,0.33,0.0697,24.4146421712589,1,0.01,0.06,0.01,1,1,1
"225",2014,75,0.031,0.173953307123438,0.3,0.0778,24.3982998842383,1,0.02,0,0,1,1,1
"226",2012,76,0.0691,-0.0512932943875506,1.69,0.0943,22.9204904142826,8,0,0,0,0,1,0
"227",2013,76,0.1222,0.0953101798043249,1.07,0.1691,22.9224884169453,8,0,0,0,0,1,0
"228",2014,76,0.07,0.165514438477573,0.93,0.0917,22.8975629096389,8,0.04,0,0,0,1,0
"229",2012,77,0.134,1.00063188030791,0.49,0.2644,23.1857825251738,5,0.76,0.75,0,0,0,1
"230",2013,77,0.1155,1.62334081760309,0.75,0.2233,23.3168923534487,5,0.02,0.11,0,1,0,1
"231",2014,77,0.1302,1.62727783056243,0.96,0.2607,23.5762875752949,5,0.02,0.15,0,1,0,1
"232",2012,78,0.1185,1.18478998490916,0.05,0.149,22.0328054956409,5,0,0,0,0,0,0
"233",2013,78,0.1021,1.39376637595859,0.04,0.1369,22.1337648867631,5,0,0,0,0,0,0
"234",2014,78,0.1218,NA,0.02,0.1544,22.2342085026314,5,0,0,0,0,0,0
"235",2012,79,0.1932,0.207014169384326,0.27,0.3029,23.042403182448,8,0.1,0,0,0,0,0
"236",2013,79,0.1405,0.29266961396282,0.61,0.2675,23.0914513870244,8,0,0,0,0,0,0
"237",2014,79,0.1263,0.364643113587909,1.09,0.2931,23.1514257528485,8,0.03,0,0,0,0,0
"238",2012,80,0.097,0.65232518603969,0.32,0.1197,22.1337892886128,2,0.17,0.23,0.11,0,0,0
"239",2013,80,0.0944,0.792992515529661,0.28,0.1235,22.1724645722127,2,0,0.07,0.03,0,0,0
"240",2014,80,0.0958,0.932164081030445,0.33,0.1255,22.2006113209502,2,0.09,0,0,0,0,0
"241",2012,81,0.2403,1.24703229378638,NA,0.0523,21.7543128061188,6,0,0,0,0,0,0
"242",2013,81,0.1484,1.15057202759882,0.53,0.0326,21.7539561091291,6,0.1,0,0,0,1,0
"243",2014,81,0.1495,1.22377543162212,0.48,0.0334,21.8907821042617,6,0.01,0,0,0,1,0
"244",2012,82,-0.0195,0.285178942233662,85.96,-0.0405,23.4705367512019,1,0,0,0,0,0,0
"245",2013,82,-0.0103,0.500775287912489,93.91,-0.0207,23.5739723384501,1,0,0,0,0,0,0
"246",2014,82,-0.0087,0.470003629245736,143.99,-0.0201,23.9174390491742,1,0.02,0,0,0,0,0
"247",2012,83,0.031,-0.891598119283784,0.51,0.0557,24.7073117852218,5,0.86,0,0,0,0,0
"248",2013,83,0.0273,-0.544727175441672,0.47,0.0456,24.7184528276353,5,0.1,0,0,1,0,0
"249",2014,83,0.0381,-0.446287102628419,0.46,0.0602,24.7467586581966,5,0.1,0.1,0,1,0,0
"250",2012,84,-0.0133,NA,2.63,-0.5339,24.5077281609541,4,0,0,0,0,0,0
"251",2013,84,0.0148,NA,2.46,0.2819,24.5763665208225,4,0,0,0,0,0,0
"252",2014,84,0.0238,NA,2.04,0.4281,24.5919637176362,4,0.07,0,0,0,0,0
"253",2012,85,0.1893,1.37624402526639,2.25,0.1447,23.3180726824343,2,0.38,0.35,0.37,1,1,1
"254",2013,85,0.1644,1.52605630349505,2.06,0.1286,23.3534265660539,2,0.09,0.07,0.09,1,1,1
"255",2014,85,0.1595,1.61143591509677,4.93,0.1262,23.322913864198,2,0.07,0.07,0.08,1,1,1
"256",2012,86,0.1,0.641853886172395,1.12,0.2874,22.9359262224125,3,0,0,0,0,0,0
"257",2013,86,0.0725,0.774727167552368,1.19,0.2212,23.2032436934977,3,0,0,0,0,0,0
"258",2014,86,0.0722,0.314810739840034,1.21,0.2035,23.4409362814256,3,0.02,0,0,0,0,0
"259",2012,87,0.127,0.943905898907128,38.7321,0.0989,22.227787579431,2,0.33,0.34,0.49,1,1,1
"260",2013,87,0.132,1.15373158788919,14.86,0.1017,22.1844357327114,2,0.08,0.06,0.13,1,1,1
"261",2014,87,0.1302,1.18478998490916,10.36,0.0998,22.1720654034177,2,0.06,0.07,0.12,1,1,1
"262",2012,88,0.0384,-0.287682072451781,0.77,0.0991,25.8290355378241,1,0,0,0,0,0,0
"263",2013,88,0.0421,0.0861776962410524,0.88,0.1054,25.7909932463886,1,0,0,0,0,0,0
"264",2014,88,0.0527,0.139761942375159,0.84,0.1218,25.7942998449909,1,0.03,0,0,0,0,0
"265",2012,89,0.0225,-0.776528789498996,0.1,0.3075,24.3833136243916,4,0,0,0,0,0,0
"266",2013,89,0.021,-0.693147180559945,0.1,0.3327,24.7173811405095,4,0,0,0,0,0,0
"267",2014,89,0.0178,-0.843970070294529,0.1,0.3621,25.0032805099592,4,0.07,0,0,0,0,0
"268",2012,90,0.1797,NA,0,0.1018,21.2352909410482,1,0,0,0,0,0,0
"269",2013,90,0.1781,NA,0,0.1019,21.42104228589,1,0,0,0,0,0,0
"270",2014,90,0.1955,NA,0,0.1084,21.6579012711153,1,0.06,0,0,0,0,0
"271",2012,91,0.1359,0.314810739840034,0.11,0.0949,23.2528271272748,6,0.45,0.53,0.57,1,1,1
"272",2013,91,0.1087,0.431782416425538,0.22,0.0857,23.4130162808772,6,0.07,0.08,0.09,1,1,1
"273",2014,91,0.1082,0.371563556432483,0.21,0.0859,23.4817556348067,6,0.06,0.07,0.1,1,1,1
"274",2012,92,0.0066,-1.96611285637283,0.68,0.0509,24.2534836186546,4,0,0,0,0,0,0
"275",2013,92,0.0139,-1.56064774826467,0.76,0.1068,24.2723255970176,4,0,0,0,0,0,0
"276",2014,92,0.0016,-1.56064774826467,0.77,0.0124,24.1631773932365,4,0.04,0,0,0,0,0
"277",2012,93,0.0187,-0.27443684570176,1.94,0.056,23.8531355694296,11,0.61,0,0,0,0,0
"278",2013,93,0.0139,-0.186329578191493,1.81,0.0384,23.8083816716351,11,0.08,0,0,0,0,0
"279",2014,93,0.0271,-0.27443684570176,1.76,0.0662,23.8674181156187,11,0.13,0,0,0,0,0
"280",2012,94,0.0308,-0.23572233352107,0.8,0.0774,23.2625745729838,11,0.53,0.55,0.77,1,1,1
"281",2013,94,0.0549,0.00995033085316809,0.63,0.2116,23.1563527380046,11,0.11,0.09,0.12,1,1,1
"282",2014,94,0.0141,-0.0512932943875506,0.61,0.0461,23.1879697794169,11,0.1,0.1,0.12,1,1,1
"283",2012,95,0.0134,-1.51412773262978,1.2,0.172,26.4692070123329,4,0.32,0,0,1,0,0
"284",2013,95,0.0134,-1.34707364796661,0.95,0.1874,26.4171595788522,4,0.04,0,0,1,0,1
"285",2014,95,0.0143,-1.27296567581289,1.06,0.199,26.4561345102753,4,0.04,0,0,1,0,1
"286",2012,96,0.3356,NA,2e-04,0.2131,21.910935158822,1,0,0,0,0,0,0
"287",2013,96,0.2821,NA,0,0.1959,21.9884702317872,1,0,0,0,0,0,0
"288",2014,96,0.1565,NA,0,0.1265,22.0089660828306,1,0.03,0,0,0,0,0
"289",2012,97,0.1138,0.364643113587909,0.59,0.1289,22.3934224844152,6,0.36,0,0,1,0,0
"290",2013,97,0.118,0.412109650826833,0.34,0.1371,22.4096647905166,6,0.04,0,0,1,0,0
"291",2014,97,0.0969,0.512823626428664,0.88,0.1213,22.6781357273732,6,0.06,0,0,1,0,0
"292",2012,98,0.0623,-0.3147107448397,0.43,0.1402,25.4866697841994,3,0.36,0.67,0.29,1,1,1
"293",2013,98,0.0779,-0.127833371509885,0.4,0.1634,25.494433395628,3,0.06,0.1,0.05,1,1,1
"294",2014,98,0.0586,-0.116533816255952,0.43,0.1296,25.4814918178797,3,0.06,0.1,0.1,1,1,1
"295",2012,99,0.0634,0.431782416425538,0.11,0.0172,24.1015357139649,2,0.72,0,0,0,1,0
"296",2013,99,0.071,0.576613364303994,0.46,0.0194,24.1338523359053,2,0.08,0,0,0,1,0
"297",2014,99,0.065,0.62057648772511,0.41,0.0183,24.2205004068055,2,0.11,0,0,0,1,0
"298",2012,100,0.1156,0.662687973075237,2.23,0.1004,22.8919766213841,2,0.25,0.17,0.36,1,1,1
"299",2013,100,0.0617,0.783901543828409,2.09,0.0569,22.9265829282818,2,0.06,0.01,0.06,1,1,1
"300",2014,100,0.0995,0.693147180559945,1.39,0.0989,22.8391598406286,2,0.07,0.03,0.05,1,1,1
"301",2012,101,-0.0032,1.54756250871601,0.03,-0.0051,22.2584111447987,7,0.45,0,0,0,0,0
"302",2013,101,-0.0558,1.45628673293993,0.05,-0.0887,22.8148829545564,7,0.04,0,0,1,0,0
"303",2014,101,-0.0316,1.51072193949494,0.64,-0.057,22.9653575495115,7,0.06,0,0,1,0,0
"304",2012,102,0.0899,-0.328504066972036,0.32,0.1746,25.2519868507711,7,0.61,0.6,0.82,1,0,1
"305",2013,102,0.1035,-0.083381608939051,0.22,0.2054,25.3402756570387,7,0.08,0.06,0.1,1,1,1
"306",2014,102,0.0761,-0.0512932943875506,0.36,0.1666,25.3785015639412,7,0.1,0.06,0.08,1,1,1
"307",2012,103,0.062,-0.0618754037180875,1.01,0.1582,24.1433176841231,6,0.43,0.31,0.13,1,1,1
"308",2013,103,0.0598,0.173953307123438,0.86,0.1551,24.1821659287369,6,0.07,0.04,0,1,1,1
"309",2014,103,0.0594,0.307484699747961,0.85,0.152,24.2213781706829,6,0.07,0.05,0.04,1,1,1
"310",2012,104,0.0141,-0.186329578191493,1.01,0.0422,24.7126201853109,10,0.09,0.23,0,0,0,0
"311",2013,104,-0.0045,-0.27443684570176,1.17,-0.0132,24.6704049894638,10,0,0.02,0,1,1,1
"312",2014,104,0.0151,-0.116533816255952,1.34,0.0428,24.6382245290267,10,0.02,0.02,0.09,1,1,1
"313",2012,105,0.1748,NA,0,0.1431,22.5983811347812,7,0.3,0.14,0.37,0,1,0
"314",2013,105,0.1668,1.17248213723457,0,0.1389,22.8284864739512,7,0.04,0.04,0.1,1,1,1
"315",2014,105,0.1444,0.932164081030445,0.12,0.1402,23.1844701253501,7,0.04,0.05,0.06,1,1,1
"316",2012,106,0.0793,0.667829372575655,0,0.1363,22.2911318904489,7,0,0,0,0,0,0
"317",2013,106,0.0678,0.559615787935423,0,0.1163,22.374229496209,7,0,0,0,0,0,0
"318",2014,106,0.0469,0.53062825106217,0.59,0.0801,22.4301933706578,7,0.02,0,0,0,0,0
"319",2012,107,0.0594,-0.0512932943875506,0.24,0.0315,24.9115863559597,2,0.89,0.79,0,0,1,1
"320",2013,107,0.0668,0.198850858745165,0.34,0.0362,24.9933268569103,2,0.14,0.12,0,1,1,1
"321",2014,107,0.0637,0.431782416425538,0.31,0.0333,25.0307305502934,2,0.14,0.13,0,1,1,1
"322",2012,108,0.1183,-0.150822889734584,0.09,0.1135,26.174227034309,3,0.57,0.36,0.32,1,1,1
"323",2013,108,0.088,-0.0512932943875506,0.13,0.0973,26.2596271898926,3,0.09,0.09,0.06,1,1,1
"324",2014,108,0.074,-0.174353387144778,0.15,0.096,26.3068598853123,3,0.08,0.06,0,1,1,1
"325",2012,109,0.0559,0.322083499169113,0.89,0.2372,22.8737990294675,3,0,0,0,0,0,0
"326",2013,109,0.0276,0.46373401623214,0.97,0.1082,22.98410809491,3,0,0,0,0,0,0
"327",2014,109,0.0503,0.231111720963387,0.67,0.2023,23.1913622328199,3,0.02,0,0,0,0,0
"328",2012,110,0.0065,0.048790164169432,1.59,0.0231,24.5699606762161,11,0.29,0.12,0,1,0,0
"329",2013,110,0.035,0.148420005118273,1.66,0.1293,24.6372070015305,11,0.04,0.01,0,1,0,0
"330",2014,110,0.0251,0.231111720963387,1.89,0.1053,24.7182871778737,11,0.03,0,0,1,0,0
"331",2012,111,0.0229,NA,NA,0.0275,24.5198779908632,6,0.3,0.89,0.77,1,1,1
"332",2013,111,0.2178,NA,0.84,0.279,24.6793440045707,6,0.06,0.08,0.09,1,1,1
"333",2014,111,0.0124,NA,0.97,0.0163,24.7144881175358,6,0.09,0.09,0.1,1,1,1
"334",2012,112,0.0566,NA,1.06,0.0798,24.6299948539134,8,0.5,0.7,0,1,1,1
"335",2013,112,0.0956,NA,0.67,0.1354,24.6648282269519,8,0.06,0.14,0,1,1,1
"336",2014,112,0.0713,NA,0.71,0.1041,24.6328057620807,8,0.05,0,0,1,1,1
"337",2012,113,0.0587,-0.562118918153541,3.28,0.0908,24.7534273703916,6,0.42,0.14,0,0,1,1
"338",2013,113,0.0611,-0.713349887877465,2.1,0.1003,24.8095782274712,6,0.09,0,0,1,1,1
"339",2014,113,0.0523,-0.755022584278033,2.69,0.0936,24.8396979956325,6,0.07,0,0,1,1,1
"340",2012,114,0.0322,-0.616186139423817,2.14,0.3029,25.0444803322235,4,0,0,0,0,0,0
"341",2013,114,0.0304,-0.59783700075562,2,0.2935,25.0970082520326,4,0,0,0,0,0,0
"342",2014,114,0.0279,-0.544727175441672,2.13,0.2678,25.1436233659253,4,0.05,0,0,0,0,0
"343",2012,115,0.0797,NA,0.56,0.0518,23.0524928608869,1,0,0,0,0,0,0
"344",2013,115,0.095,NA,0.56,0.0595,23.1009584024273,1,0,0,0,0,0,0
"345",2014,115,0.0965,NA,0.51,0.0586,23.1101920783742,1,0.09,0,0,0,0,0
"346",2012,116,0.0595,0.262364264467491,0.81,0.0749,22.9515435686793,5,0.25,0.48,0.14,1,1,0
"347",2013,116,0.0928,0.165514438477573,0.79,0.1184,22.9146958805743,5,0.04,0.04,0.02,1,1,0
"348",2014,116,0.0589,0.27763173659828,0.75,0.0745,23.0134746588724,5,0.03,0.04,0,1,1,0
"349",2012,117,0.0761,-0.0618754037180875,0.28,0.131,24.2179839194622,6,0,0,0,0,0,0
"350",2013,117,0.0797,0.139761942375159,0.15,0.141,24.2692040500671,6,0,0,0,0,0,0
"351",2014,117,0.0725,0.198850858745165,0.15,0.1305,24.3339594001018,6,0.06,0,0,0,0,0
"352",2012,118,0.0773,0.2390169004705,0.28,0.1344,25.1132854425492,1,0.09,0,0.01,0,0,0
"353",2013,118,0.0786,0.53062825106217,0.29,0.1362,25.1441044474057,1,0.01,0,0.01,1,1,0
"354",2014,118,0.0907,0.678033542749897,0.28,0.1537,25.1895761735511,1,0.01,0,0,1,1,0
"355",2012,119,0.0759,0.0953101798043249,0.83,0.2102,23.2828160297302,1,0,0,0,0,0,0
"356",2013,119,0.077,0.27002713721306,1.05,0.1942,23.429915057133,1,0,0,0,0,0,0
"357",2014,119,0.0735,0.285178942233662,1.08,0.1818,23.4967291765969,1,0.05,0,0,0,0,0
"358",2012,120,0.2074,1.18172719537862,0.19,0.0736,21.6395565688206,1,0,0,0,0,0,0
"359",2013,120,0.2438,1.53039470509365,0.15,0.0838,21.7165176099567,1,0,0,0,0,0,0
"360",2014,120,0.216,1.2947271675944,0.65,0.0761,21.9429151206574,1,0.09,0,0,0,0,0
"361",2012,121,0.0813,0.19062035960865,0.45,0.1001,23.0692880300893,6,0.29,0,0,0,1,0
"362",2013,121,0.0943,0.482426149244293,0.48,0.1149,23.1063401840511,6,0.06,0,0,0,1,0
"363",2014,121,0.0778,0.378436435720245,0.61,0.1,22.9304830984743,6,0.06,0,0,0,1,0
"364",2012,122,0.026,NA,0.3,0.0129,24.9661022407869,8,0.38,0.11,0.37,1,1,1
"365",2013,122,0.0474,NA,0.27,0.0235,24.9646069779029,8,0.05,0.06,0.03,1,1,1
"366",2014,122,0.0515,NA,0.16,0.0282,24.9544114406607,8,0.05,0.09,0.03,1,1,1
"367",2012,123,0.0691,0.0392207131532813,1.12,0.1049,22.9124582425854,2,0.39,0.27,0.47,0,1,1
"368",2013,123,0.0729,0.157003748809665,1.1,0.1041,22.8275219350007,2,0.08,0.09,0,1,1,1
"369",2014,123,0.0853,0.678033542749897,1.13,0.1149,22.8362630371545,2,0.07,0,0,1,1,1
"370",2012,124,0.0233,-0.430782916092454,0.95,0.0694,23.9943165674687,11,0.26,0.6,0.12,0,1,0
"371",2013,124,0.0253,-0.287682072451781,0.91,0.0684,23.9788592447498,11,0.03,0.12,0.03,1,1,1
"372",2014,124,0.0336,-0.186329578191493,1,0.0736,24.0545413443035,11,0.04,0.14,0.05,1,1,1
"373",2012,125,0.02,-0.342490308946776,0.89,0.0901,25.4582003289898,11,0.12,0.6,0.79,1,0,1
"374",2013,125,0.0233,-0.301105092783922,0.92,0.1083,25.4662743772695,11,0.02,0.09,0.11,1,1,1
"375",2014,125,0.016,-0.23572233352107,0.91,0.0787,25.5166485273073,11,0.02,0.06,0.09,1,1,1
"376",2012,126,0.043,0.173953307123438,2.21,0.0655,23.4970161342965,5,0.11,0.24,0.03,1,0,0
"377",2013,126,0.0383,0.19062035960865,1.84,0.0538,23.5622786257839,5,0.04,0,0,0,1,0
"378",2014,126,0.0413,0.27002713721306,1.62,0.0565,23.6104500199193,5,0.04,0,0,0,1,0
"379",2012,127,-0.0049,-0.49429632181478,0.4,-0.0217,24.4920187536435,3,0.12,0.39,0,0,1,1
"380",2013,127,-5e-04,-0.301105092783922,0.39,-0.0019,24.4816013885749,3,0.02,0.06,0,1,1,1
"381",2014,127,0.0344,-0.385662480811985,0.46,0.0821,24.6479483713213,3,0.08,0.08,0,1,1,1
"382",2012,128,0.081,-0.544727175441672,0.2,0.1854,24.3361817522533,7,0.45,0,0,0,0,1
"383",2013,128,0.0727,-0.579818495252942,0.17,0.178,24.4486700657427,7,0.11,0,0,0,0,1
"384",2014,128,0.0011,-0.527632742082372,0.34,0.0026,24.5328573662226,7,0.08,0.15,0,0,0,1
"385",2012,129,0.0393,0.357674444271816,0.94,0.0594,23.5895896355297,8,0.8,0.84,0.6,1,1,1
"386",2013,129,0.052,0.615185639090233,0.82,0.073,23.7006559162525,8,0.14,0.14,0.06,1,1,1
"387",2014,129,0.0615,0.609765571620894,0.66,0.0842,23.6919711504398,8,0.14,0.14,0.08,1,1,1
"388",2012,130,0.0679,0.582215619852664,0.75,0.1259,22.2298068631607,6,0,0,0,0,0,0
"389",2013,130,0.0777,0.746687947487975,0.5,0.1527,22.2361708223254,6,0,0,0,0,0,0
"390",2014,130,0.0797,0.86288995514704,0.52,0.1508,22.2653238620492,6,0.03,0,0,0,0,0
"391",2012,131,-0.004,-0.579818495252942,0.98,-0.0154,24.5163701621179,11,0,0,0,0,0,0
"392",2013,131,0.0201,-0.49429632181478,0.99,0.0727,24.5658530156546,11,0,0,0,0,0,0
"393",2014,131,0.0333,-0.400477566597125,0.93,0.1202,24.6390019402864,11,0.12,0,0,0,0,0
"394",2012,132,0.0756,NA,0,0.1258,24.3626578651104,7,0.57,0.82,0.15,1,1,1
"395",2013,132,0.0689,NA,0.25,0.1244,24.5486192251602,7,0.07,0.1,0,1,1,1
"396",2014,132,0.0592,NA,0.25,0.111,24.5494041032174,7,0.07,0.09,0.13,1,1,1
"397",2012,133,0.0491,0.173953307123438,1.62,0.0539,23.1759075261471,8,0.19,0,0,1,1,0
"398",2013,133,0.0993,0.246860077931526,1.12,0.1246,23.1951716745572,8,0.03,0,0,1,1,0
"399",2014,133,0.0538,0.0769610411361284,2.06,0.0788,23.500344464459,8,0.03,0,0,1,1,0
"400",2012,134,0.0826,0.494696241836107,0.37,0.0806,23.8917321872695,6,0,0,0,0,0,0
"401",2013,134,0.0826,0.73716406597672,0.38,0.0812,23.9064730325351,6,0.04,0,0,0,1,0
"402",2014,134,0.0878,0.62057648772511,0.35,0.0875,23.8897530309229,6,0.05,0.07,0,0,1,0
"403",2012,135,0.0219,0.3293037471426,0.44,0.0516,24.0314914958145,3,0,0,0,0,0,0
"404",2013,135,0.0759,0.500775287912489,0.38,0.1526,24.1434235958869,3,0.04,0,0,0,0,0
"405",2014,135,0.0892,0.444685821261446,0.33,0.1752,24.271810435852,3,0.05,0,0,0,0,0
"406",2012,136,0.0691,0.542324290825362,1.11,0.0568,24.3048384380718,3,0,0,0,0,0,0
"407",2013,136,0.0683,0.683096844706444,1.07,0.0544,24.4156391803146,3,0,0,0,0,0,0
"408",2014,136,0.0639,0.662687973075237,1.06,0.0581,24.5776597295379,3,0,0,0,0,0,0
"409",2012,137,0.0243,0.703097511413113,1.26,0.0763,22.5369439936888,7,0,0,0,0,0,0
"410",2013,137,0.0139,0.438254930931155,1.66,0.044,22.7371495381592,7,0,0,0,0,0,0
"411",2014,137,-0.0339,0.678033542749897,2.03,-0.1062,22.7796220767447,7,0.1,0,0,0,0,0
"412",2012,138,0.0488,0.431782416425538,1.18,0.389,23.5682333586107,4,0,0,0,0,0,0
"413",2013,138,0.0912,0.0769610411361284,1.02,0.7649,23.851540357832,4,0,0,0,0,0,0
"414",2014,138,0.0274,0.482426149244293,1.02,0.2399,23.8566105269077,4,0.02,0,0,0,0,0
"415",2012,139,0.0208,0.22314355131421,0.69,0.1117,22.9036677026243,3,0,0.3,0,0,1,0
"416",2013,139,0.0419,0.46373401623214,0.62,0.2098,23.0048369752834,3,0.02,0.03,0,0,1,0
"417",2014,139,0.0354,0.0953101798043249,0.61,0.1567,23.2135662475514,3,0.03,0,0,0,1,0
"418",2012,140,0.0356,0.0582689081239758,0.64,0.014,24.7856242533107,5,0,0,0,0,0,0
"419",2013,140,0.033,0.285178942233662,0.57,0.0177,24.7038442848701,5,0,0,0,1,0,0
"420",2014,140,0.0374,0.385262400790645,0.55,0.0199,24.7085207165808,5,0,0,0,1,0,0
"421",2012,141,0.0377,-0.478035800943,1.68,0.0706,24.489800535626,3,0,0,0,0,0,0
"422",2013,141,-0.0023,-0.162518929497775,1.43,-0.0021,24.5006597045911,3,0,0,0,0,0,0
"423",2014,141,0.0132,-0.22314355131421,1.52,0.0118,24.5990604477673,3,0,0,0,0,0,0
"424",2012,142,0.0202,-0.59783700075562,1.29,0.0822,24.489164247186,11,0.21,0.03,0,0,1,1
"425",2013,142,0.0164,-0.616186139423817,1.26,0.0625,24.4938635173452,11,0.04,0,0,1,1,1
"426",2014,142,0.0209,-0.527632742082372,1.25,0.0753,24.5633201188575,11,0.07,0,0,1,1,1
"427",2012,143,0.0174,-0.63487827243597,0.86,0.0494,25.0870521233305,11,0.41,0.05,0.72,1,1,1
"428",2013,143,0.0217,-0.713349887877465,0.8,0.0691,25.1043420200843,11,0.07,0.02,0.13,1,1,1
"429",2014,143,0.0195,-0.579818495252942,0.89,0.0592,25.1870337359294,11,0.11,0.05,0.09,1,1,1
"430",2012,144,0.0412,0.3293037471426,0.55,0.0695,22.6812732326461,1,0.79,0,0,0,0,0
"431",2013,144,0.0314,0.385262400790645,0.58,0.0488,22.7695383172347,1,0.14,0,0,0,0,0
"432",2014,144,0.0475,0.431782416425538,0.97,0.0691,22.9228210296209,1,0.05,0,0,0,0,0
"433",2012,145,0.0409,0.553885113226438,1,0.2865,21.8937264275879,4,0,0,0,0,0,0
"434",2013,145,0.0478,0.518793793415168,1.1,0.3305,22.103793603172,4,0,0,0,0,0,0
"435",2014,145,0.0426,0.732367893713227,1.28,0.2756,22.2053248200507,4,0.04,0,0,0,0,0
"436",2012,146,0.0307,-1.04982212449868,4.16,0.0422,25.9732014559116,1,0.35,0.7,0.65,1,1,0
"437",2013,146,0.0365,-0.916290731874155,2.9,0.0487,26.0316622389361,1,0.05,0.08,0.07,1,1,1
"438",2014,146,0.0155,-0.867500567704723,3.23,0.0221,26.0633343662042,1,0.04,0.08,0.1,1,1,1
"439",2012,147,0.2403,1.94876321803772,0,0.1342,21.3198096018329,6,0,0,0,0,0,0
"440",2013,147,0.2306,1.82937633279936,0,0.1349,21.4537088022501,6,0,0,0,0,0,0
"441",2014,147,0.2228,1.69561560867515,0,0.1324,21.5815036373719,6,0.01,0,0,0,0,0
"442",2012,148,0.003,1.28093384546206,0.17,0.0063,23.4381592365306,7,0.13,0,0,0,0,0
"443",2013,148,0.0904,2.02946317187359,0.02,0.1894,23.6077871811644,7,0.04,0,0,0,0,0
"444",2014,148,0.1007,NA,0.0033,0.2346,24.4167347433942,7,0.06,0,0,0,0,0
"445",2012,149,0.0709,-0.186329578191493,0.08,0.0476,24.1672033722847,6,0.39,0,0.51,0,0,1
"446",2013,149,0.0491,-0.0943106794712413,0.16,0.0352,24.2360045933415,6,0.03,0,0.08,1,1,1
"447",2014,149,0.0628,0.438254930931155,0.31,0.0459,24.2191671540779,6,0.02,0,0.06,1,0,1
"448",2012,150,0.0158,-0.867500567704723,1.16,0.0503,24.6433760525572,11,0,0,0,0,0,1
"449",2013,150,0.0078,-1.04982212449868,1.25,0.0263,24.6437330891572,11,0,0,0,0,0,1
"450",2014,150,0.0058,-1.02165124753198,1.54,0.0199,24.6776967786241,11,0.03,0,0,0,0,1
"451",2012,151,0.0337,0.0198026272961797,0.64,0.0794,23.3296302438056,7,0,0,0,0,0,0
"452",2013,151,0.0358,0.322083499169113,0.66,0.0812,23.3594690975788,7,0,0,0,0,0,0
"453",2014,151,0.0477,0.412109650826833,0.77,0.1059,23.3988272810119,7,0.04,0,0,0,0,0
"454",2012,152,0.0717,0.438254930931155,0.94,0.1363,22.8629789969678,7,0,0,0,0,0,0
"455",2013,152,0.072,0.672944473242426,1.05,0.1346,22.9759251211707,7,0,0,0,0,0,0
"456",2014,152,0.08,0.802001585472027,1.13,0.1488,22.9572508384482,7,0.07,0,0,0,0,0
"457",2012,153,0.0129,-1.6094379124341,0.53,0.2337,25.5264176515496,4,0.15,0,0,0,0,1
"458",2013,153,0.0143,-1.71479842809193,0.71,0.265,25.5942021866831,4,0.03,0,0,1,0,1
"459",2014,153,0.0105,-1.77195684193188,1.04,0.2336,25.6556224221636,4,0.04,0,0,1,0,1
"460",2012,154,0.0857,0.56531380905006,0.53,0.3056,21.7677738666213,7,0,0,0,0,0,0
"461",2013,154,0.0855,1.00063188030791,0.38,0.3178,22.0924140392313,7,0,0,0,0,0,0
"462",2014,154,0.0585,0.662687973075237,0.79,0.3074,22.866268860116,7,0.08,0,0,0,0,0
"463",2012,155,4e-04,0.0295588022415444,NA,0.0706,28.8011543666569,4,0,0,0,0,0,0
"464",2013,155,-4e-04,0.0295588022415444,NA,-0.0479,28.8158441278153,4,0,0,0,0,0,0
"465",2014,155,-3e-04,0.0295588022415444,NA,-0.0508,28.809114723952,4,0,0,0,0,0,0
"466",2012,156,0.0199,-0.0304592074847086,0.62,0.035,24.8623447305087,1,0.17,0,0,1,1,1
"467",2013,156,0.1319,0.500775287912489,0.96,0.2564,24.6989394694508,1,0.11,0,0,1,1,1
"468",2014,156,0.0854,0.476234178996372,1.05,0.1417,24.6869700615096,1,0.11,0,0,1,1,1
"469",2012,157,-0.0096,-0.356674943938732,0.34,-0.0105,24.2586735473704,6,0,0,0,0,0,0
"470",2013,157,0.0676,-0.105360515657826,0.27,0.0755,24.2913326708436,6,0,0,0,0,0,0
"471",2014,157,0.0716,-2.04022082852655,0.29,0.0821,24.2887056620026,6,0.04,0,0,0,0,0
"472",2012,158,0.0195,-1.07880966137193,2.54,0.0942,27.2531633927219,6,0.45,0.21,0.37,1,1,0
"473",2013,158,0.0195,-0.891598119283784,1.86,0.0894,27.2102799202679,6,0.07,0.07,0.07,1,1,1
"474",2014,158,0.0233,-0.510825623765991,1.74,0.1025,27.1976949685633,6,0.08,0.06,0.06,1,1,1
"475",2012,159,-0.0169,0.246860077931526,2.12,-0.1916,24.0295078258599,4,0,0,0,0,0,0
"476",2013,159,0.0109,0.29266961396282,1.99,0.1141,23.9721781363603,4,0.03,0,0.03,0,0,0
"477",2014,159,0.0254,0.494696241836107,2.17,0.2563,23.9554816472328,4,0.02,0.02,0.02,0,0,0
"479",2013,160,0.1406,1.65822807660353,0.34,0.2745,23.8366382470583,5,0,0,0,0,0,0
"480",2014,160,0.4234,1.40609698841607,0.77,0.4862,24.268967521384,5,0.13,0,0,0,0,0
"481",2012,161,0.0788,0.371563556432483,0.96,0.0941,23.856583773453,2,0.51,0.68,0.64,1,1,1
"482",2013,161,0.0848,0.512823626428664,0.89,0.1044,23.8652606174787,2,0.09,0.08,0.08,1,1,1
"483",2014,161,0.0797,0.512823626428664,0.98,0.1019,23.9096184701091,2,0.09,0.09,0.09,1,1,1
"484",2012,162,0.0604,-0.7339691750802,0.16,0.2157,24.1034098094107,7,0,0,0,1,1,0
"485",2013,162,0.0678,-0.301105092783922,0.15,0.2508,24.0723976963052,7,0.02,0,0,1,1,1
"486",2014,162,0.0812,-0.116533816255952,0.17,0.2448,24.1265610166907,7,0.02,0,0,1,1,1
"487",2012,163,0.0331,-1.20397280432594,0.13,0.0319,25.7300403544935,1,0.35,0.22,0.4,0,1,1
"488",2013,163,0.0239,-0.916290731874155,0.17,0.0243,25.8373237702302,1,0.02,0.05,0.03,1,1,1
"489",2014,163,0.0163,-1.07880966137193,0.25,0.018,25.9032331321037,1,0.02,0.02,0.02,1,1,1
"490",2012,164,0.1022,0.131028262406404,0.08,0.0498,22.6412262927354,1,0,0,0,0,0,0
"491",2013,164,0.0946,0.385262400790645,0.15,0.0487,22.7619240552333,1,0,0,0,0,0,0
"492",2014,164,0.0893,0.587786664902119,0.15,0.0464,22.8330229332934,1,0.03,0,0,0,0,0
"493",2012,165,0.115,0.703097511413113,0.58,0.0573,22.8027073786262,1,0.45,0.53,0,0,1,0
"494",2013,165,0.1524,0.770108221696074,0.43,0.0725,22.7755930861347,1,0.06,0,0,1,1,0
"495",2014,165,0.1671,0.717839793150317,0.45,0.0793,22.7798225060888,1,0.03,0.01,0,1,1,0
"496",2012,166,0.0078,-1.07880966137193,2.87,0.2134,27.5676072954114,4,0.53,0.36,0.41,1,1,1
"497",2013,166,0.0084,-0.891598119283784,2.61,0.2259,27.5383651106846,4,0.07,0.08,0.11,1,1,1
"498",2014,166,0.0091,-0.82098055206983,2.59,0.2339,27.4758165476225,4,0.06,0.04,0.07,1,1,1
"499",2012,167,0.1393,0.928219302739429,0.15,0.0757,22.3356190956259,6,0.7,0,0,0,1,1
"500",2013,167,0.1528,1.12167756159911,0.14,0.0832,22.3845991824462,6,0.09,0,0,0,1,1
"501",2014,167,0.152,1.10194007876078,0.13,0.0805,22.3879969136124,6,0.09,0.05,0,0,1,1
"502",2012,168,0.1032,0.048790164169432,0.31,0.0924,24.0341737472611,3,0.29,0.31,0,1,1,0
"503",2013,168,0.075,0.371563556432483,0.58,0.0723,24.0982219074033,3,0.04,0,0,1,1,0
"504",2014,168,0.1139,0.00995033085316809,0.48,0.1065,24.1964737545848,3,0.01,0,0.08,1,1,0
"505",2012,169,0.0584,0.336472236621213,NA,0.0486,24.0581453375709,5,0,0,0,0,0,0
"506",2013,169,0.0547,0.470003629245736,NA,0.0455,24.0847170340861,5,0,0,0,0,0,1
"507",2014,169,0.0625,0.598836501088704,NA,0.0508,24.1636518799661,5,0.01,0,0,0,0,1
"508",2012,170,0.0435,0.300104592450338,0.82,0.4329,23.7147669216326,4,0.18,0.31,0.44,0,1,1
"509",2013,170,0.0485,0.165514438477573,0.81,0.4813,23.7227909087391,4,0.04,0.09,0.09,1,1,1
"510",2014,170,0.0444,0.246860077931526,0.91,0.4197,23.7852539062775,4,0.03,0.07,0.08,1,1,1
"511",2012,171,0.0963,0.85015092936961,0.6,0.0552,24.4528072727792,1,0.36,0.86,0.18,1,1,1
"512",2013,171,0.1111,1.00795792039998,0.53,0.0607,24.4250121567672,1,0.04,0.12,0.03,1,1,1
"513",2014,171,0.132,1.24126858906963,1.17,0.0683,24.4107943789894,1,0.04,0.14,0.05,1,1,1
"514",2012,172,0.049,-0.544727175441672,0.35,0.0537,24.494669532565,3,0.48,0.55,0.34,1,1,1
"515",2013,172,0.1172,-0.342490308946776,0.22,0.2267,24.4787285952035,3,0.1,0.12,0.04,1,1,1
"516",2014,172,0.057,-0.400477566597125,0.27,0.2158,24.3759480027485,3,0.06,0.08,0.04,1,1,1
"520",2012,174,0.0662,0.336472236621213,1.71,0.1118,22.9392874162814,1,0.56,0.91,0.68,0,1,0
"521",2013,174,0.079,0.60431596685333,1.14,0.1244,22.9645072996994,1,0.08,0.12,0.09,0,1,0
"522",2014,174,0.0892,0.53062825106217,1.29,0.1356,22.9775006689994,1,0.07,0.13,0.07,0,1,0
"523",2012,175,0.0717,0.198850858745165,0.49,0.0777,24.4574293159005,6,0.05,0,0,1,1,1
"524",2013,175,0.0899,0.431782416425538,0.39,0.1005,24.5395485700937,6,0.01,0,0,1,1,1
"525",2014,175,0.0933,0.518793793415168,0.34,0.1052,24.5399006595281,6,0.01,0,0,1,1,1
"526",2012,176,0.061,NA,0.53,0.0889,22.9049254620116,1,0.23,0,0,0,0,1
"527",2013,176,0.0721,NA,0.45,0.1038,22.8936900263381,1,0.03,0,0,1,0,1
"528",2014,176,0.0727,NA,1.69,0.1058,22.8818650794121,1,0.03,0,0,1,0,1
"529",2012,177,0.1135,0.350656871613169,0.09,0.0608,22.2414652689462,2,0.09,0.36,0.24,0,0,0
"530",2013,177,0.111,0.756121979721334,0.08,0.0601,22.3248731702653,2,0.01,0.03,0.03,1,1,0
"531",2014,177,0.1162,0.89199803930511,0.07,0.0647,22.4199817574876,2,0.02,0.05,0.02,1,1,0
"532",2012,178,0.077,0.173953307123438,0.19,0.0434,22.3973667002764,5,0,0,0,0,0,0
"533",2013,178,0.0788,0.46373401623214,0.16,0.0451,22.4504220718319,5,0,0,0,0,0,0
"534",2014,178,0.0792,0.570979546585738,0.19,0.0449,22.5378962605526,5,0.06,0,0,0,0,0
"535",2012,179,0.0047,0.231111720963387,0.79,0.0115,23.2877535494048,4,0.27,0,0,0,1,1
"536",2013,179,0.0246,0.378436435720245,0.66,0.0614,23.2738041601632,4,0.05,0,0,1,1,1
"537",2014,179,0.0585,0.536493370514568,0.54,0.1367,23.2252753946341,4,0.06,0.04,0.11,1,1,1
"538",2012,180,0.1442,1.27815220250019,1.48,0.0995,22.2824286732748,2,0.61,0.68,0.67,0,1,1
"539",2013,180,0.1623,1.43508452528932,1.12,0.1148,22.4017610454588,2,0.1,0.12,0.12,1,1,1
"540",2014,180,0.1542,1.46093790411566,1.06,0.1141,22.4512893073741,2,0.12,0.13,0.12,1,1,1
"541",2012,181,0.0649,-0.7339691750802,0.3,0.0312,23.7179475588642,5,0.66,0,0.61,0,1,0
"542",2013,181,0.0605,-0.356674943938732,0.28,0.0298,23.7550889306448,5,0.07,0.09,0.11,1,1,1
"543",2014,181,0.0519,-0.083381608939051,0.4,0.0236,23.8788184019478,5,0.1,0.12,0.1,1,1,1
"544",2012,182,0.1409,0.667829372575655,1.28,0.1589,25.5041776460337,7,0.25,0.19,0.42,1,1,1
"545",2013,182,0.1343,0.553885113226438,1.44,0.1652,25.5613160208441,7,0.02,0.04,0.06,1,1,1
"546",2014,182,0.0986,0.46373401623214,2.96,0.1296,25.4899764738782,7,0.03,0.06,0.03,1,1,1
"547",2012,183,0.015,-1.46967597005894,0.27,0.4047,24.3399734971494,4,0,0,0,0,0,0
"548",2013,183,0.005,-0.776528789498996,0.31,0.1415,24.8948491795093,4,0,0,0,0,0,0
"549",2014,183,0.0147,-0.916290731874155,0.18,0.2324,24.9468680891884,4,0.06,0,0,0,0,0
"550",2012,184,0.0312,-2.04022082852655,1.83,0.0509,23.978666436497,6,0,0,0,0,0,0
"551",2013,184,0.0357,-1.38629436111989,1.53,0.0535,24.1810010695688,6,0,0,0,0,0,0
"552",2014,184,-0.0108,-1.20397280432594,2.13,-0.0188,24.300654915027,6,0,0,0,0,0,0
"553",2012,185,0.0635,0.883767540168595,0.61,0.1317,21.6656472280784,5,0,0,0,0,0,0
"554",2013,185,0.0449,1.51072193949494,0.55,0.0882,21.8281914876711,5,0.04,0.11,0.06,0,1,0
"555",2014,185,0.1111,2.06432790386979,0.67,0.1898,21.929236643935,5,0.06,0.11,0.04,0,1,0
"556",2012,186,0.1416,0.139761942375159,0.26,0.2063,25.1582525012327,7,0.59,0.57,0.26,1,1,1
"557",2013,186,0.1089,0.29266961396282,0.23,0.1825,25.2489381668024,7,0.07,0.06,0.03,1,1,1
"558",2014,186,0.127,0.631271776841858,0.22,0.2095,25.2445760387227,7,0.08,0.07,0.07,1,1,1
"559",2012,187,0.1617,1.3787660946991,0.18,0.1908,22.2260090107096,7,0.6,0.3,0.33,0,0,0
"560",2013,187,0.1687,1.59330853050422,0.14,0.2057,22.4254652294618,7,0.11,0,0,0,0,0
"561",2014,187,0.1697,1.5830939370945,0.16,0.2013,22.3721167517373,7,0.1,0.03,0.1,0,0,0
"562",2012,188,0.0268,-0.3147107448397,1.54,0.0285,24.1937715958739,8,0.36,0,0,0,1,1
"563",2013,188,0.0438,-0.186329578191493,1.09,0.048,24.1741418768391,8,0.04,0.03,0,1,1,1
"564",2014,188,0.0184,-0.0202027073175195,1.69,0.0235,24.0796053129667,8,0.06,0.08,0.05,1,1,0
"565",2012,189,0.033,-0.843970070294529,0.94,0.0625,23.3255035684231,1,0,0,0,0,1,0
"566",2013,189,0.0196,-0.385662480811985,0.51,0.0364,23.280880670117,1,0,0,0,0,1,0
"567",2014,189,0.0372,-0.261364764134408,0.77,0.0633,23.2685774765904,1,0.05,0,0,0,1,0
"568",2012,190,0.1844,NA,0,0.3014,22.1242517468093,5,0,0,0,0,0,0
"569",2013,190,0.1676,NA,0,0.2962,22.0970573623425,5,0,0,0,0,0,0
"570",2014,190,0.1059,NA,0,0.1965,22.0993583355817,5,0.07,0,0,0,0,0
"571",2012,191,0.0355,-0.867500567704723,0.0144,0.0563,21.942944653594,7,0,0,0,0,0,0
"572",2013,191,0.1371,-0.174353387144778,0.0076,0.1956,22.0424049228789,7,0,0,0,0,0,0
"573",2014,191,0.0501,NA,0.01,0.0695,22.0129116230105,7,0.08,0,0,0,0,0
"574",2012,192,0.1539,0.336472236621213,0.43,0.1601,23.6838371454068,6,0.3,0.47,0.39,1,0,0
"575",2013,192,0.0855,0.56531380905006,0.29,0.1188,23.7172966638606,6,0.06,0.08,0.05,1,1,0
"576",2014,192,0.1565,0.774727167552368,0.88,0.2034,23.5955867655852,6,0.05,0.08,0.06,0,0,0
"577",2012,193,0.0368,-0.0512932943875506,0.61,0.1621,23.5850323378322,4,0.49,0.69,0.39,0,1,1
"578",2013,193,0.0512,0.0198026272961797,0.69,0.2025,23.681841266104,4,0.06,0.1,0.07,1,1,1
"579",2014,193,0.0497,0.122217632724249,0.19,0.192,23.7418597796437,4,0.12,0.11,0.06,1,1,1
"580",2012,194,0.1312,1.11841491596429,0.74,0.0614,21.6253119948895,6,0.49,0,0,1,0,1
"581",2013,194,0.1296,1.22082992139236,0.45,0.0613,21.7597913520417,6,0.1,0,0,1,0,1
"582",2014,194,0.1206,1.12492959698548,0.57,0.0608,21.9461929676866,6,0.09,0,0,1,0,1
"583",2012,195,0.0405,-0.356674943938732,0.46,0.0292,24.1647090471771,1,0.3,0.57,0.28,0,1,1
"584",2013,195,0.0378,-0.0408219945202552,0.37,0.0276,24.1518189486184,1,0.09,0.1,0.02,1,1,1
"585",2014,195,0.0378,0.0392207131532813,0.56,0.0284,24.1798033136417,1,0.07,0.12,0.05,1,1,1
"586",2012,196,0.0924,0.418710334858185,0.18,0.1614,25.5219200469346,5,0.69,0.74,0.46,1,1,1
"587",2013,196,0.1089,0.598836501088704,0.18,0.194,25.6112286615625,5,0.12,0.11,0.06,1,1,1
"588",2014,196,0.1238,0.746687947487975,0.22,0.2196,25.5993711447513,5,0.12,0.11,0.08,1,1,1
"589",2012,197,0.0188,-0.105360515657826,0.14,0.0427,23.008918380029,7,0.29,0.65,0.87,1,1,1
"590",2013,197,0.0436,-0.0408219945202552,0.14,0.0942,23.0579308234039,7,0.05,0.09,0.14,1,1,1
"591",2014,197,-0.0357,0.122217632724249,0.27,-0.0722,22.8518665223334,7,0.07,0.08,0.13,0,1,1
"592",2012,198,0.0086,-1.6094379124341,1.41,0.2049,28.4893186856573,4,0.23,0.22,0.11,0,1,1
"593",2013,198,0.007,-1.89711998488588,1.48,0.1718,28.5130056625498,4,0.04,0.04,0.02,1,1,1
"594",2014,198,0.0081,-2.30258509299405,1.45,0.2133,28.576142618103,4,0.04,0.05,0.01,1,1,1
"595",2012,199,0.0856,0.350656871613169,1.61,0.0628,22.8352955682194,1,0.48,0,0.71,1,0,0
"596",2013,199,0.0887,0.357674444271816,1.63,0.0605,22.8732823312959,1,0.1,0,0.12,1,0,0
"597",2014,199,0.0881,0.46373401623214,1.49,0.0585,22.9499413358401,1,0.1,0.1,0.11,1,0,0
"598",2012,200,0.071,0.593326845277734,2.51,0.0677,23.443508078814,2,0.24,0.63,0,1,1,1
"599",2013,200,0.1179,0.631271776841858,1.79,0.1222,23.4624270330737,2,0.06,0.09,0.09,1,1,1
"600",2014,200,0.0413,0.688134638736401,2.13,0.0433,23.4412663689018,2,0.06,0.09,0.09,1,1,1
"602",2013,201,0.0097,-1.83258146374831,0.76,0.2251,25.2551554007401,4,0.03,0,0.01,1,1,1
"603",2014,201,0.0094,-1.71479842809193,0.76,0.2232,25.2646545484981,4,0.03,0,0.02,1,1,1
"604",2012,202,0.0178,0.182321556793955,0.88,0.1872,22.9995898053781,4,0.32,0.04,0.08,1,0,0
"605",2013,202,0.0183,0.215111379616945,0.91,0.188,22.9916351909821,4,0.08,0.01,0,1,0,1
"606",2014,202,0.0367,0.343589704390077,0.97,0.368,23.0540231402396,4,0.09,0.02,0.01,1,0,1
"607",2012,203,0.1547,0.0582689081239758,0.23,0.2383,22.3463626405596,7,0.67,0,0,0,0,0
"608",2013,203,0.1046,0.371563556432483,0.21,0.1911,22.4171798151831,7,0.13,0,0,0,0,0
"609",2014,203,0.1077,0.85015092936961,0.2,0.1989,22.3301737516335,7,0.1,0,0,0,0,0
"610",2012,204,0.0892,0.598836501088704,1.02,0.0831,23.7126278634926,2,0.14,0.06,0.05,1,0,1
"611",2013,204,0.1104,0.815364813284194,1.11,0.1013,23.6634325450507,2,0.03,0.03,0.01,1,0,1
"612",2014,204,0.0886,1.13783300182139,7.72,0.0774,23.4657818749299,2,0.02,0.02,0.01,1,1,1
"613",2012,205,0.0064,0.0295588022415444,2.3,0.0316,24.9454904362562,3,0,0,0,0,0,0
"614",2013,205,0.0166,-0.0304592074847086,2.59,0.0848,25.0432175799207,3,0,0,0,0,0,0
"615",2014,205,0.013,0.470003629245736,1.18,0.0632,25.1444891460231,3,0.01,0,0,0,0,0
"616",2012,206,0.0545,0.254642218373581,1.82,0.0414,22.9530651602148,1,0,0,0,0,0,0
"617",2013,206,0.0477,0.357674444271816,1.99,0.0396,23.1480685626647,1,0,0,0,0,0,0
"618",2014,206,0.0456,0.371563556432483,2.21,0.0392,23.2758311352082,1,0.08,0,0,0,0,0
"619",2012,207,0.1086,0.703097511413113,0.45,0.1878,25.1796343449884,2,0.42,0.11,0,1,1,1
"620",2013,207,0.0974,0.783901543828409,0.58,0.1832,25.2236864317354,2,0.11,0.09,0.1,1,1,1
"621",2014,207,0.078,0.78845736036427,0.63,0.1543,25.2453043827507,2,0.03,0.1,0.12,1,1,1
"622",2012,208,0.0256,NA,1.72,0.0067,23.9284483346826,2,0.17,0,0,0,1,0
"623",2013,208,0.0622,NA,1.46,0.0155,24.1002046784618,2,0,0,0,1,1,0
"624",2014,208,0.0563,NA,1.79,0.0154,24.1428269026255,2,0.03,0,0,1,1,0
"625",2012,209,0.0844,-0.174353387144778,0.64,0.0621,23.4399453647467,1,0.25,0.25,0.43,1,1,1
"626",2013,209,0.0704,-0.174353387144778,0.74,0.0511,23.3889650975081,1,0.04,0.02,0.06,1,1,1
"627",2014,209,0.0629,-0.27443684570176,0.79,0.0467,23.3926445074004,1,0.06,0,0.06,1,1,1
"628",2012,210,0.06,0.506817602368452,0.5,0.1685,22.5789229970242,6,0,0,0,0,0,0
"629",2013,210,0.0508,0.72270598280149,0.55,0.1482,22.7294644168585,6,0,0,0,0,0,0
"630",2014,210,0.0647,0.662687973075237,0.49,0.1949,22.8140181697721,6,0.01,0,0,0,0,0
"631",2012,211,0.0073,-1.6094379124341,0.47,0.039,25.1055549371732,4,0,0,0,1,0,0
"632",2013,211,0.0074,-1.42711635564015,0.51,0.0395,25.1045296807693,4,0,0,0,1,0,0
"633",2014,211,0.0075,-1.83258146374831,0.54,0.0413,25.0846687573244,4,0.03,0,0,1,0,0
"634",2012,212,0.1354,0.989541193613748,25.41,0.082,22.5837737033356,1,0.16,0,0,1,0,1
"635",2013,212,0.1242,1.20297230399235,NA,0.072,22.6157752092746,1,0.04,0,0,1,0,1
"636",2014,212,0.1366,1.24415459395877,NA,0.0838,22.6902383237311,1,0.06,0,0,1,0,1
"637",2012,213,0.0902,0.378436435720245,0.8,0.1028,22.6394528845495,5,0,0,0,0,0,0
"638",2013,213,0.0834,0.364643113587909,1.16,0.0988,22.6642926533465,5,0,0,0,0,0,0
"639",2014,213,0.0717,0.412109650826833,0.95,0.085,22.7113867300485,5,0.04,0,0,0,0,0
"640",2012,214,0.0552,-0.462035459596559,0.67,0.0616,23.3498167144695,6,0,0,0,0,0,0
"641",2013,214,0.0559,-0.261364764134408,0.61,0.0616,23.3614656561475,6,0,0,0,0,0,1
"642",2014,214,0.0477,-0.198450938723838,0.75,0.0548,23.3505397280213,6,0.04,0,0,0,0,1
"643",2012,215,0.2287,NA,1.09,0.3143,21.3772323835499,7,0.33,0,0,0,0,0
"644",2013,215,0.2061,NA,0,0.3174,21.5437053626879,7,0.04,0,0,0,0,0
"645",2014,215,0.2451,NA,0,0.3313,21.2705475866829,7,0.05,0,0,0,0,0
"646",2012,216,0.1201,0.512823626428664,0.37,0.1809,24.2612904240703,5,0.18,0.3,0.35,0,1,1
"647",2013,216,0.1345,0.482426149244293,0.24,0.2027,24.285694486092,5,0.03,0,0,1,1,1
"648",2014,216,0.066,0.78845736036427,0.35,0.1219,24.3389884049424,5,0.03,0.04,0.02,1,1,1
"650",2013,217,0.0797,0.357674444271816,1.25,0.0657,24.3119934091099,6,0.09,0.06,0.13,1,1,1
"651",2014,217,0.0987,0.576613364303994,1.81,0.0793,24.3361547788087,6,0.09,0.08,0.11,1,1,1
"655",2012,219,-0.0881,0.22314355131421,4.25,-1.25,22.257764662716,3,0,0,0,0,0,0
"657",2014,219,-0.0493,0.662687973075237,NA,-2.0449,23.2545788595486,3,0.01,0,0,0,0,0
"658",2012,220,0.0547,0.254642218373581,0.43,0.0366,24.2481546909511,1,0.13,0,0,0,0,0
"659",2013,220,0.0587,0.576613364303994,0.65,0.0385,24.2116190296115,1,0.01,0,0,0,0,0
"660",2014,220,0.0694,0.65232518603969,0.85,0.0425,24.1835808230917,1,0.01,0,0.02,0,0,0
"661",2012,221,0.028,NA,0.19,0.0633,22.7197555686148,7,0,0,0,0,0,0
"662",2013,221,0.0149,NA,0.22,0.0316,22.704267305813,7,0,0,0.09,0,0,0
"663",2014,221,0.083,NA,0.2,0.1372,22.8018319955903,7,0.08,0,0,0,0,0
"664",2012,222,0.1364,NA,0.27,5.9576,NA,1,0,0,0,0,0,1
"665",2013,222,-0.001,NA,0.25,-0.0068,22.6818101238193,1,0,0,0,0,0,1
"667",2012,223,0.0231,-0.544727175441672,0.41,0.0248,23.6462123407747,6,0.19,0.91,0.75,0,1,1
"668",2013,223,0.0399,-0.150822889734584,0.3,0.0428,23.6856998250989,6,0.04,0.11,0,0,1,1
"669",2014,223,0.0577,0.512823626428664,0.36,0.0613,23.7289484413536,6,0.07,0.1,0,0,1,1
"670",2012,224,0.0686,0.73716406597672,1.43,0.1369,23.8215546988255,1,0.61,0.69,0.49,1,1,1
"671",2013,224,0.1027,1.14740245283754,1.22,0.1675,23.8465114307994,1,0.1,0.08,0.07,1,1,1
"672",2014,224,0.126,0.879626747502564,1.37,0.1948,23.830092158006,1,0.11,0.08,0.09,1,1,1
"673",2012,225,0.1209,0.207014169384326,0.39,0.0627,23.9104445750714,8,0.2,0.34,0.34,1,1,0
"674",2013,225,0.1493,0.398776119957368,0.46,0.0873,24.0300792763804,8,0.06,0.09,0.02,1,1,0
"675",2014,225,0.1614,0.482426149244293,0.81,0.0913,23.9130423539893,8,0.05,0.09,0.02,1,1,0
"676",2012,226,0.0588,-0.127833371509885,1.12,0.0476,23.8265063182157,1,0,0,0,0,0,0
"677",2013,226,0.062,-0.0304592074847086,1.12,0.0482,23.8345564511347,1,0,0,0,1,0,0
"678",2014,226,0.0697,0.104360015324243,1.08,0.0532,23.8332192545904,1,0.02,0,0,1,0,0
"682",2012,228,0.0391,0.343589704390077,1.71,0.3829,22.9544847801695,4,0.05,0,0,0,0,0
"683",2013,228,0.0457,0.371563556432483,1.28,0.4081,22.9287892170973,4,0.01,0,0.02,0,0,1
"685",2012,229,0.0932,0.887891257352457,NA,0.0483,22.5704600130626,1,0.2,0.15,0,0,1,1
"686",2013,229,0.0953,1.00795792039998,NA,0.049,22.6393057066848,1,0.04,0.02,0,1,0,1
"687",2014,229,0.1103,1.37371557891303,NA,0.0546,22.6497018761663,1,0.04,0.02,0,1,0,1
"688",2012,230,-0.0164,0.048790164169432,10.63,-0.015,22.651157480499,6,0.37,0.8,0.35,1,0,1
"689",2013,230,0.0385,0.22314355131421,6.39,0.0325,22.6595584569068,6,0.12,0.12,0.02,1,0,1
"690",2014,230,0.119,0.246860077931526,3.16,0.0985,22.6927529939582,6,0.06,0,0,1,0,1
"691",2012,231,0.1273,0.593326845277734,0.36,0.1209,22.599180315962,1,0.26,0,0,0,1,0
"692",2013,231,0.1394,0.871293365943419,0.49,0.1394,22.5857943770627,1,0.01,0,0,1,1,0
"693",2014,231,0.0758,0.444685821261446,0.71,0.0828,22.6286515662493,1,0.03,0,0,1,1,0
"694",2012,232,0.1598,1.04380405217311,0.89,0.1982,24.2895962284193,1,0.22,0.4,0,1,1,1
"695",2013,232,0.1551,1.08518926833597,0.88,0.1987,24.3240242076652,1,0.11,0,0,1,1,1
"696",2014,232,0.1342,1.10856261952128,1.17,0.1734,24.2578571017791,1,0.13,0,0,1,1,1
"697",2012,233,0.1113,0.3293037471426,0.18,0.2434,22.0696554910425,7,0.23,0,0,1,0,0
"698",2013,233,0.0367,0.72270598280149,0.51,0.0805,22.1103368963581,7,0.04,0,0,1,0,0
"699",2014,233,0.0998,0.662687973075237,0.47,0.2047,22.2555887683963,7,0.03,0,0,1,0,0
"700",2012,234,0.0439,-0.356674943938732,0.45,0.0114,24.2328092731068,5,0,0,0,0,0,0
"701",2013,234,0.0394,0.048790164169432,0.64,0.0109,24.2724808439324,5,0.12,0,0,0,0,0
"702",2014,234,0.0292,-0.0408219945202552,1.05,0.0092,24.6698641670142,5,0.15,0,0,0,0,0
"703",2012,235,0.2018,1.06471073699243,4.17,0.2527,22.0997371091175,4,0,0,0,0,0,0
"704",2013,235,0.1926,1.35583515363518,6.24,0.2706,22.2037561209533,4,0,0,0,0,0,0
"705",2014,235,0.2182,1.48613969608961,NA,0.2965,22.2642107529352,4,0.02,0,0,0,0,0
"706",2012,236,0.0358,-0.22314355131421,0.48,0.0865,25.0471070600104,2,0.47,0.57,0,0,1,1
"707",2013,236,0.0529,0.048790164169432,0.45,0.1109,25.0076382968048,2,0.09,0.09,0,1,1,1
"708",2014,236,0.0313,0.139761942375159,0.5,0.0638,24.9251934431794,2,0.1,0.11,0,1,1,1
"710",2013,237,0.0038,-2.65926003693278,0.35,0.0476,27.5091878893108,4,0.12,0.09,0.09,1,1,1
"711",2014,237,0.0069,-2.52572864430826,0.27,0.0844,27.5282539014233,4,0.12,0.1,0.1,1,1,1
"712",2012,238,0.1059,NA,NA,0.0471,21.1366991147038,3,0,0,0,0,0,0
"713",2013,238,0.0766,NA,0.02,0.0353,21.2880113027018,3,0,0,0,0,0,0
"714",2014,238,0.0412,NA,0.23,0.0211,21.4503312357098,3,0,0,0,0,0,0
"715",2012,239,0.04,-0.0725706928348354,0.35,0.0432,22.564400061342,1,0.05,0.07,0.09,0,0,1
"716",2013,239,0.0471,0.27763173659828,0.48,0.0475,22.8626258688375,1,0.02,0.01,0.01,0,0,1
"717",2014,239,0.0634,0.343589704390077,0.32,0.0682,22.8378331806016,1,0.02,0.01,0.02,0,1,1
"718",2012,240,0.2007,NA,81.45,0.1549,21.9044407325963,2,0.39,0.59,0,0,1,1
"719",2013,240,0.193,NA,3.46,0.1546,21.9043793471263,2,0.13,0.12,0.11,1,1,1
"720",2014,240,0.1985,NA,2.62,0.1632,21.9685725047653,2,0.13,0,0,1,1,1
"721",2012,241,0.0988,0.797507195884188,0.46,0.1016,22.1499821125652,2,0.77,0.79,0.41,1,1,0
"722",2013,241,0.0903,0.783901543828409,0.53,0.0943,22.2161699331246,2,0.11,0.13,0.06,1,1,0
"723",2014,241,0.0988,0.845868267577609,0.57,0.1032,22.208047144781,2,0.1,0.11,0.07,1,1,0
"724",2012,242,0.0208,-1.17118298150295,0.38,0.0834,23.2537829979865,4,0.1,0,0,0,0,1
"725",2013,242,0.0154,-1.27296567581289,0.34,0.065,23.8994846513486,4,0.02,0,0,0,1,1
"726",2014,242,0.0127,-1.27296567581289,0.3,0.061,23.9501098314638,4,0.03,0,0,0,1,1
"727",2012,243,0.0741,0.157003748809665,0.41,0.0986,23.5136944773145,4,0.17,0,0,0,1,1
"728",2013,243,0.0816,0.451075619360217,0.33,0.1107,23.5553020178296,4,0.02,0,0,1,1,1
"729",2014,243,0.0841,0.598836501088704,0.48,0.1131,23.6047089640983,4,0.02,0,0,1,1,1
"731",2013,244,0.1382,1.01160091167848,0.25,0.1509,24.2363027003641,6,0.03,0.03,0.02,1,1,1
"732",2014,244,0.1529,1.26976054486394,0.52,0.1557,24.1658930283717,6,0.04,0.05,0.03,1,1,1
"733",2012,245,0.2827,NA,0,0.165,20.765678565578,2,0,0,0,0,0,0
"734",2013,245,0.2749,NA,0,0.1508,21.0742810950357,2,0,0,0,0,0,0
"735",2014,245,0.2877,NA,0,0.196,21.3853737449092,2,0.01,0,0,0,0,0
"736",2012,246,0.1156,0.78845736036427,3.92,0.2389,24.2879699933598,2,0.72,0.73,0.61,0,1,1
"737",2013,246,0.1292,0.959350221334602,3.4,0.2568,24.2745771904536,2,0.12,0.05,0.12,0,1,1
"738",2014,246,0.1459,1.17865499634165,4.54,0.2819,24.2635002606258,2,0.13,0.03,0.1,0,1,1
"739",2012,247,0.1021,0.693147180559945,0.17,0.1514,23.838557345558,8,0.59,0.39,0.8,1,1,0
"740",2013,247,0.1214,0.858661619037519,0.16,0.167,23.904647457387,8,0.06,0.09,0.11,1,1,1
"741",2014,247,0.1285,0.963174317773006,0.96,0.1728,23.8747189854972,8,0.09,0.13,0.13,1,1,1
"742",2012,248,0.1189,0.0953101798043249,0.08,0.1738,23.5820322554272,8,0.5,0.33,0.18,1,1,1
"743",2013,248,0.1086,-0.210721031315653,0.08,0.1894,23.6964457060299,8,0.05,0.02,0.01,1,1,1
"744",2014,248,0.0563,-0.0725706928348354,0.35,0.1136,23.6292375032928,8,0.05,0.02,0,1,1,1
"745",2012,249,0.1277,-0.328504066972036,0.29,0.0411,24.0273280411753,3,0.24,0,0.15,1,0,0
"746",2013,249,0.0758,-0.0202027073175195,0.31,0.021,24.0691266735691,3,0.07,0,0.08,1,0,0
"747",2014,249,0.0856,-0.0618754037180875,0.61,0.0258,24.1396801844134,3,0.08,0,0.09,1,0,0
"748",2012,250,0.0584,0.157003748809665,0.31,0.1304,25.3879494393555,5,0.28,0.2,0.2,0,1,1
"749",2013,250,0.0416,0.343589704390077,0.41,0.1,25.3833502538119,5,0.04,0.06,0.1,1,1,1
"750",2014,250,0.1169,0.524728528934982,0.38,0.2822,25.311645853627,5,0.04,0.05,0.09,1,1,1
"751",2012,251,0.0475,-0.174353387144778,0.36,0.1008,24.2873187581135,3,0.43,0,0,1,1,0
"752",2013,251,0.0494,-0.0943106794712413,0.33,0.1209,24.2961731148079,3,0.06,0,0,1,1,0
"753",2014,251,0.085,-0.400477566597125,0.25,0.2808,24.3070902842855,3,0.05,0,0,1,1,0
"754",2012,252,1e-04,-1.23787435600162,2.8,-0.0012,27.3837897690852,4,0.35,0,0.84,0,1,1
"755",2013,252,0.0033,-1.27296567581289,2.45,0.0865,27.4479416720107,4,0.04,0,0.12,1,1,1
"756",2014,252,0.0039,-0.867500567704723,2.35,0.0971,27.4097632855246,4,0.07,0,0,1,1,1
"758",2013,253,0.1658,0.518793793415168,0.16,0.2808,25.682123508861,7,0.03,0.06,0.08,1,1,1
"759",2014,253,0.1402,0.636576829071551,0.23,0.2542,25.8729903834445,7,0.14,0.08,0.1,1,1,1
"760",2012,254,0.0662,0.0392207131532813,0.57,0.1013,23.2632129184922,7,0.54,0.66,0.67,0,0,1
"761",2013,254,0.0896,0.29266961396282,0.67,0.1264,23.1956780891527,7,0.02,0,0.01,1,1,1
"762",2014,254,0.1166,0.262364264467491,1.24,0.2209,23.0672807397036,7,0.02,0.01,0.03,1,1,1
"763",2012,255,0.0118,-1.83258146374831,0.34,0.2235,25.14221249936,4,0.12,0,0,1,1,0
"764",2013,255,0.0126,-1.83258146374831,0.35,0.2341,25.1678257531393,4,0.01,0,0,1,1,0
"765",2014,255,0.0108,-1.83258146374831,0.58,0.2196,25.294729641867,4,0.03,0,0,1,1,0
"766",2012,256,-0.071,-0.843970070294529,0.39,-0.1253,23.3673107080727,7,0.13,0,0,0,0,1
"767",2013,256,0.0712,0.0953101798043249,0.48,0.1312,23.7084425965609,7,0.02,0,0,0,0,1
"768",2014,256,0.1463,0.524728528934982,0.47,0.1861,23.8386460727663,7,0.03,0,0,0,0,1
"769",2012,257,0.1065,0.698134722070984,NA,0.1609,22.0420840329414,7,0.42,0.45,0.53,0,0,0
"770",2013,257,0.1186,0.536493370514568,0.2,0.1863,22.1818808596459,7,0.06,0.06,0.06,0,0,1
"771",2014,257,0.0851,0.698134722070984,0.41,0.1446,22.1403318567331,7,0.07,0.05,0.07,0,0,1
"772",2012,258,0.0545,0.19062035960865,1.6,0.0943,23.2024810713122,5,0,0,0,0,0,0
"773",2013,258,0.0459,0.371563556432483,2.58,0.0903,23.4469268855628,5,0,0,0,0,0,0
"774",2014,258,0.0597,0.488580014818671,1.76,0.1204,23.4887670016843,5,0.06,0,0,0,0,0
"775",2012,259,0.0604,0.215111379616945,0.45,0.2432,23.5885476811163,3,0.3,0.5,0,0,1,0
"776",2013,259,0.0526,0.385262400790645,0.5,0.195,23.700935967682,3,0.06,0.06,0,0,1,0
"777",2014,259,0.0575,0.00995033085316809,0.59,0.238,23.8391339317404,3,0.07,0,0,0,1,0
"778",2012,260,0.0314,-0.139262067333508,1.44,0.134,24.8889848768232,11,0.18,0.14,0,1,0,0
"779",2013,260,0.0285,-0.0725706928348354,1.33,0.1261,24.961797319481,11,0.05,0.03,0,1,1,0
"780",2014,260,0.0342,-0.0100503358535015,1.22,0.1448,25.0398068354442,11,0.06,0.02,0,1,1,0
"781",2012,261,0.0633,-0.116533816255952,0.46,0.1833,24.1127279623901,8,0.13,0.05,0.03,1,1,1
"782",2013,261,-0.0905,-0.478035800943,0.6,-0.2958,23.9326568226034,8,0.05,0.01,0.01,1,1,1
"783",2014,261,0.0205,-0.673344553263766,0.63,0.0697,23.9387760043383,8,0.06,0.02,0.02,1,1,1
"784",2012,262,0.0049,0.19062035960865,0.54,0.0048,22.1015003042106,1,0,0,0,0,0,0
"785",2013,262,0.024,1.38128181929635,0.37,0.0257,22.4119885699301,1,0,0,0,0,0,1
"786",2014,262,0.0428,1.05779029414785,0.48,0.0485,22.6772364132998,1,0.1,0,0,0,0,1
"787",2012,263,0.1459,0.871293365943419,0.02,0.0921,23.4425856303069,1,0.62,0.92,0.8,1,1,1
"788",2013,263,0.1504,1.24126858906963,0.11,0.0982,23.6035872589891,1,0.03,0.11,0.12,1,1,1
"789",2014,263,0.1489,1.40118297361364,0.11,0.0969,23.676612394004,1,0.11,0.14,0.12,1,1,1
"790",2012,264,0.0188,NA,1.26,0.0486,23.4032594402661,6,0,0,0,0,0,0
"791",2013,264,0.0491,NA,1.13,0.1298,23.466039474107,6,0,0,0,0,0,0
"792",2014,264,0.0249,NA,1.28,0.0611,23.4560736891743,6,0.06,0,0,0,0,0
"793",2012,265,0.014,NA,0.06,0.7608,25.6169927127969,4,0,0,0,0,0,0
"794",2013,265,0.034,NA,0.07,0.9158,25.1290334120021,4,0,0,0,0,0,0
"795",2014,265,-0.0107,NA,0.1,NA,25.2046286272064,4,0,0,0,0,0,0
"796",2012,266,0.0761,-0.400477566597125,0.41,0.0784,24.0020318963877,6,0.36,0,0.51,1,1,1
"797",2013,266,0.0738,0.0295588022415444,0.56,0.0792,23.9959098910228,6,0.06,0,0,1,1,1
"798",2014,266,0.0781,0.231111720963387,0.82,0.0863,24.0031238667494,6,0.03,0,0,1,1,1
"799",2012,267,0.0874,-0.342490308946776,0.16,0.1243,24.1727453172266,3,0,0,0,1,0,0
"800",2013,267,0.0702,-0.23572233352107,0.14,0.1018,24.2732279918737,3,0,0,0,1,0,0
"801",2014,267,0.0732,-0.430782916092454,0.15,0.1167,24.2366603115254,3,0.08,0,0,1,0,0
"802",2012,268,-0.0781,NA,NA,-0.1532,19.9853513895039,7,0,0,0,0,0,0
"803",2013,268,-0.0895,NA,NA,-0.1736,20.8785587213524,7,0,0,0,0,0,0
"804",2014,268,-0.1383,1.92278773163446,NA,-0.2628,21.077437650667,7,0.03,0,0,0,0,0
"805",2012,269,0.0591,-0.0943106794712413,0.86,0.1576,24.1357987282723,6,0.46,0,0,0,1,1
"806",2013,269,0.0606,0.122217632724249,0.79,0.1692,24.2039827125066,6,0.05,0,0.11,1,1,1
"807",2014,269,0.0607,0.231111720963387,0.72,0.1715,24.227049890717,6,0.05,0,0.08,1,1,1
"808",2012,270,0.007,NA,0.59,0.1764,25.3027468639567,4,0.37,0.28,0,0,0,1
"809",2013,270,0.0073,NA,0.43,0.1855,25.3574830437528,4,0.03,0,0,0,0,1
"810",2014,270,0.0075,NA,0.63,0.1852,25.4232597207893,4,0.03,0,0,0,0,1
"811",2012,271,0.035,-0.0512932943875506,0.44,0.0259,23.3731259628173,8,0,0,0,0,0,0
"812",2013,271,0.0331,0.104360015324243,0.57,0.0255,23.4447586137451,8,0,0,0,0,0,0
"813",2014,271,0.0462,0,0.56,0.0337,23.4715618666171,8,0.05,0,0,0,0,0
"815",2013,272,0.094,0,NA,0.1314,22.7044052273359,7,0.11,0.11,0.09,1,0,1
"816",2014,272,0.0644,0.0953101798043249,0.31,0.1065,22.6974857422131,7,0.11,0.1,0.12,1,1,1
"817",2012,273,0.0648,0.173953307123438,0.85,0.068,22.5513572354219,1,0.13,0,0.28,0,1,0
"818",2013,273,0.0772,0.500775287912489,0.8,0.0834,22.5265750174027,1,0.03,0.13,0.1,0,1,1
"819",2014,273,0.0593,0.598836501088704,1.13,0.066,22.6225484815969,1,0.04,0.1,0.08,0,1,1
"820",2012,274,0.0232,0.494696241836107,1.6,0.2409,22.4176629053377,4,0,0,0,0,0,0
"821",2013,274,0.0265,0.2390169004705,0.87,0.2616,23.0182663395154,4,0,0,0,0,0,0
"822",2014,274,0.0217,0.385262400790645,0.94,0.2438,23.1223079064674,4,0.09,0,0,0,0,0
"823",2012,275,0.0244,-0.105360515657826,3.06,0.0285,23.4867680894725,3,0.52,0,0,0,0,0
"824",2013,275,0.0159,0.0861776962410524,3.32,0.0183,23.5972573910349,3,0.12,0,0,1,0,0
"825",2014,275,0.019,0.198850858745165,12.15,0.0258,23.4514166601556,3,0.11,0,0,1,0,0
"826",2012,276,0.0458,-0.22314355131421,1.29,0.0686,23.8211891085398,1,0.44,0,0,0,0,0
"827",2013,276,0.0437,0.0769610411361284,1.13,0.0662,23.8187846202105,1,0.07,0,0,1,1,0
"828",2014,276,0.0496,0.139761942375159,1.6,0.0707,23.7940916682336,1,0.07,0,0,1,1,0
"829",2012,277,0.1314,0.582215619852664,0.31,0.2689,25.1010334146999,7,0.55,0,0,1,1,0
"830",2013,277,0.1364,0.570979546585738,0.41,0.2938,25.1687366441768,7,0.07,0,0,1,1,0
"831",2014,277,0.1273,0.598836501088704,0.48,0.2862,25.3112898640995,7,0.06,0.1,0.14,1,1,1
"832",2012,278,0.1041,0.625938430866495,0.52,0.0947,22.4723242904546,1,0,0,0,0,0,0
"833",2013,278,0.1135,0.879626747502564,0.71,0.1008,22.5261300859066,1,0,0,0,0,0,0
"834",2014,278,0.1234,1.15373158788919,0.69,0.1078,22.6012030024155,1,0.06,0,0,0,0,0
"835",2012,279,0.0739,0,0.18,0.1899,24.8854247987524,3,0.15,0.74,0.48,1,1,1
"836",2013,279,0.0881,0.0953101798043249,0.16,0.2409,24.9637721091303,3,0.03,0.01,0.07,1,1,1
"837",2014,279,0.0098,0.122217632724249,0.2,0.0319,24.7532318652323,3,0.03,0,0,1,1,1
"838",2012,280,0.0456,0.113328685307003,0.95,0.0209,23.680257282184,3,0,0,0,0,0,0
"839",2013,280,0.0488,0.2390169004705,0.88,0.0229,23.7368380286287,3,0,0,0,0,0,0
"840",2014,280,0.0415,0.254642218373581,1.08,0.0203,23.8258774721275,3,0,0,0,0,0,0
"841",2012,281,0.0923,NA,NA,0.2458,22.4679336986406,7,0,0,0,0,0,0
"842",2013,281,0.09,NA,NA,0.2446,22.5419917544043,7,0,0,0,0,0,0
"843",2014,281,0.1001,NA,NA,0.2491,22.5748653065305,7,0.06,0,0,0,0,0
"844",2012,282,0.0621,-0.328504066972036,0.78,0.067,23.6479209254832,6,0,0,0,0,0,0
"845",2013,282,0.0595,-0.127833371509885,0.91,0.0703,23.7546547877084,6,0.08,0,0,1,0,1
"846",2014,282,0.0657,0.0198026272961797,0.83,0.0733,23.749478817754,6,0.08,0,0,1,0,1
"847",2012,283,0.016,-0.527632742082372,0.96,0.0543,24.68310710583,11,0.44,0.04,0.26,1,1,1
"848",2013,283,0.0151,-0.527632742082372,0.89,0.0522,24.7415389622172,11,0.11,0.03,0.1,1,1,1
"849",2014,283,0.0248,-0.415515443961666,0.96,0.084,24.8197248288524,11,0.11,0.06,0.1,1,1,1
"850",2012,284,0.2694,NA,0.24,0.2698,22.6057403992655,1,0,0,0,0,0,0
"851",2013,284,0.2225,NA,0.25,0.2786,23.0692934877833,1,0,0,0,0,0,0
"852",2014,284,0.1908,NA,0.45,0.2869,23.4273749488154,1,0.08,0,0,0,0,0
"853",2012,285,0.0414,-0.356674943938732,0.62,0.1304,24.1803708505469,11,0.36,0,0,1,0,1
"854",2013,285,0.0387,-0.328504066972036,0.68,0.1247,24.2051826203499,11,0,0,0,1,0,1
"855",2014,285,0.0447,-0.210721031315653,0.68,0.1394,24.2880832083836,11,0.04,0,0,1,0,1
"856",2012,286,0.0837,0.536493370514568,1.06,0.0942,25.0359155978425,2,0.32,0.36,0.13,1,1,1
"857",2013,286,0.0885,0.641853886172395,1,0.1014,25.073259862039,2,0.04,0.08,0.08,1,1,1
"858",2014,286,0.0879,0.832909122935104,1.37,0.0975,24.9790061981913,2,0.03,0.08,0.07,1,1,1
"859",2012,287,0.0779,-0.0408219945202552,0.38,0.247,25.9479258990056,5,0.34,0.28,0.25,1,1,1
"860",2013,287,0.1229,0.122217632724249,0.4,0.4265,25.8713473507223,5,0.06,0.03,0.04,1,1,1
"861",2014,287,0.0535,0.148420005118273,0.44,0.1841,25.8547904483181,5,0.06,0.09,0.04,1,1,1
"863",2013,288,0.0048,-2.65926003693278,0.27,0.0947,26.0617217645272,4,0.03,0.01,0.04,1,1,1
"864",2014,288,0.0052,-2.65926003693278,0.25,0.106,26.1127347481499,4,0.03,0.02,0.03,1,1,1
"866",2013,289,0.0815,0.548121408509688,0.29,0.1315,25.6855998473517,2,0.07,0.04,0.11,1,1,0
"867",2014,289,0.0803,0.667829372575655,0.29,0.1371,25.6378526787823,2,0.05,0.05,0,1,1,0
"868",2012,290,0.0405,-0.82098055206983,0.32,0.0528,23.8453972539968,4,0,0,0,0,0,0
"869",2013,290,0.0495,-0.510825623765991,0.3,0.0641,23.9181767843608,4,0,0,0,0,0,0
"870",2014,290,0.051,-0.579818495252942,0.31,0.066,23.9731751043948,4,0.03,0,0,0,0,0
"871",2012,291,0.1044,0.0953101798043249,0.31,0.0876,23.162247302089,6,0.27,0,0,0,1,0
"872",2013,291,0.08,0.350656871613169,0.26,0.0729,23.2522691137883,6,0.06,0,0,0,1,0
"873",2014,291,0.0807,0.343589704390077,0.23,0.0788,23.3090730716701,6,0.06,0,0,0,1,0
"874",2012,292,-0.0029,0.0769610411361284,0.94,-0.0404,24.030518772432,4,0.97,0,0,1,1,1
"875",2013,292,0.0122,0.113328685307003,0.66,0.2008,23.9248734202481,4,0.14,0.04,0.07,1,1,1
"876",2014,292,0.0247,0.207014169384326,0.68,0.4038,23.9743377600309,4,0.12,0.03,0.05,1,1,1
"877",2012,293,0.2393,1.42310833424261,NA,0.2789,24.3521298586504,2,0.81,0.93,0.64,1,0,1
"878",2013,293,0.225,1.44926916028128,NA,0.2733,24.3652633051602,2,0.09,0.13,0.08,1,0,1
"879",2014,293,0.2034,1.46787434811231,NA,0.2506,24.2839425331539,2,0.1,0.11,0.09,1,1,1
"880",2012,294,0.0098,-1.66073120682165,0.75,0.1826,26.4439283717031,4,0.14,0.08,0,1,0,1
"881",2013,294,0.0127,-1.51412773262978,0.87,0.248,26.4925114051913,4,0.03,0.02,0.06,1,0,1
"882",2014,294,0.0119,-1.6094379124341,1.08,0.2567,26.567018927856,4,0.03,0.02,0.04,1,0,1
"883",2012,295,0.0622,0.27763173659828,0.83,0.0619,23.4882003402493,8,0.33,0.19,0.35,0,1,0
"884",2013,295,0.2036,0.518793793415168,0.68,0.2139,23.4872551903727,8,0.11,0,0,1,1,0
"885",2014,295,0.1257,0.647103242058538,0.68,0.1368,23.5901983631088,8,0.1,0.14,0.05,1,1,0
"886",2012,296,0.035,-0.22314355131421,1.79,0.1231,24.4991024999162,11,0,0,0,0,0,0
"887",2013,296,0.025,-0.198450938723838,1.65,0.0948,24.5575218765684,11,0,0,0.11,0,0,0
"888",2014,296,0.0363,-0.174353387144778,1.38,0.1503,24.6123067659826,11,0.03,0,0.11,0,0,0
"890",2013,297,-9e-04,-2.52572864430826,0.76,-0.0161,27.3187471258165,4,0.06,0.05,0.08,1,1,0
"891",2014,297,0.002,-2.40794560865187,0.47,0.0274,27.3653027326885,4,0.07,0.06,0.08,1,1,0
"892",2012,298,0.0903,-0.328504066972036,0.34,0.0229,24.5959865258918,3,0,0,0,0,0,1
"893",2013,298,0.076,-0.0943106794712413,0.28,0.0217,24.631240659528,3,0,0,0,0,0,1
"894",2014,298,0.0967,-0.162518929497775,0.36,0.0295,24.6097864019621,3,0.09,0,0,0,0,1
"895",2012,299,0.0982,0.76080582903376,1.1,0.1507,23.6186251363536,8,0.21,0.55,0.87,1,1,1
"896",2013,299,0.0915,0.819779831493311,1.21,0.1472,23.7316675136011,8,0.02,0.07,0.11,1,1,1
"897",2014,299,0.0846,0.841567185678219,1.54,0.138,23.7090487796467,8,0.02,0.08,0.13,1,1,1
"898",2012,300,0.0154,0.254642218373581,0.65,0.0673,23.2935111460671,3,0,0,0,0,0,0
"899",2013,300,-0.0661,0.837247524533702,0.4,-0.2403,23.2322958316316,3,0,0,0,0,0,0
"900",2014,300,0.0683,0.470003629245736,0.31,0.215,23.4263704956556,3,0.02,0,0,0,0,0
"902",2013,301,0.1548,0.867100487683383,4e-04,0.2756,24.5413297494412,7,0.12,0.15,0.06,0,1,1
"903",2014,301,0.1693,0.78845736036427,0,0.3008,24.6063542452764,7,0,0.13,0.05,0,1,1
"904",2012,302,0.0775,NA,0.96,0.1532,23.5300748100719,2,0.39,0.61,0.39,1,0,1
"905",2013,302,0.1075,NA,0.99,0.2086,23.5300748100719,2,0.02,0.05,0.01,1,0,1
"906",2014,302,0.0961,NA,1.02,0.1735,23.4577632080635,2,0.03,0.06,0.02,1,0,1
"907",2012,303,9e-04,-0.116533816255952,0.84,0.0024,23.7103573867374,1,0.06,0.62,0.72,1,1,1
"908",2013,303,0.0237,0.00995033085316809,0.74,0.0595,23.7226414654152,1,0.01,0.1,0.08,1,1,1
"909",2014,303,0.0375,0.3293037471426,0.92,0.0946,23.7540273594198,1,0.01,0.09,0.09,1,1,1
"910",2012,304,0.4408,2.03339760317843,0.24,0.5443,21.4558692798388,5,0,0,0,0,0,0
"911",2013,304,0.1687,2.18605127673809,0.16,0.2016,21.8054099329072,5,0,0,0,0,0,0
"912",2014,304,0.102,2.36273901581379,0.06,0.1235,22.0770370063607,5,0.08,0,0,0,0,0
"913",2012,305,0.008,-2.40794560865187,0.39,0.1815,25.5219200469346,4,0,0,0,0,0,0
"914",2013,305,0.0091,-2.20727491318972,0.32,0.2052,25.4888186722097,4,0,0,0,0,0,0
"915",2014,305,0.0093,-2.12026353620009,0.21,0.2138,25.5080789955227,4,0.01,0,0,0,0,0
"916",2012,306,0.0625,1.23547147138531,NA,0.1294,21.7023435569193,7,0,0,0,0,0,0
"917",2013,306,0.0566,1.08518926833597,NA,0.113,21.7578727956386,7,0,0,0,0,0,0
"918",2014,306,0.0602,1.18172719537862,NA,0.1162,21.8569234673573,7,0.05,0,0,0,0,0
"919",2012,307,0.131,0.765467842139571,0.08,0.0993,22.4260483623598,1,0,0,0,0,0,0
"920",2013,307,0.1384,0.819779831493311,0.1383,0.108,22.5249756370276,1,0.07,0,0,0,0,0
"921",2014,307,0.1349,0.806475865866949,0.14,0.1042,22.570775321279,1,0.04,0,0,0,0,0
"922",2012,308,0.1347,0.631271776841858,0.49,0.1175,22.4656774865441,6,0.48,0.89,0.84,1,1,1
"923",2013,308,0.1316,0.936093359170335,0.35,0.1189,22.5051096413871,6,0.08,0.12,0.09,1,1,1
"924",2014,308,0.1368,0.802001585472027,0.34,0.1247,22.5481376576247,6,0.1,0.12,0.11,1,1,1
"925",2012,309,0.078,0.559615787935423,0.41,0.1615,22.6792824574225,6,0,0,0,0,0,0
"926",2013,309,0.0706,0.598836501088704,0.58,0.1662,22.8255667264473,6,0,0,0,0,0,0
"927",2014,309,0.0778,0.703097511413113,0.46,0.182,22.8530361204825,6,0.07,0,0,0,0,0
"928",2012,310,0.2048,1.28093384546206,0.1,0.0763,22.0174449091585,1,0,0,0,0,0,0
"929",2013,310,0.2257,1.42069578783722,0.08,0.0809,22.0962216336271,1,0,0,0,0,0,0
"930",2014,310,0.2213,1.28093384546206,0.07,0.0818,22.2642107529352,1,0.01,0,0,0,0,0
"931",2012,311,0.0292,-0.083381608939051,0.92,0.0704,23.6996572765613,6,0,0,0,0,0,0
"932",2013,311,0.0298,-0.0304592074847086,0.89,0.07,23.7164548792276,6,0.01,0,0,1,0,1
"933",2014,311,0.0274,0.0769610411361284,0.91,0.0623,23.7236870999865,6,0.01,0,0,1,0,1
"934",2012,312,0.0719,-0.27443684570176,0.59,0.0773,24.0074049202666,6,0.58,0.65,0.83,0,1,1
"935",2013,312,0.0758,-0.0512932943875506,0.42,0.0842,23.9800923380431,6,0.09,0.08,0.07,1,1,1
"936",2014,312,0.0833,0.207014169384326,0.56,0.0983,24.0518925257737,6,0.09,0.09,0.14,1,1,1
"937",2012,313,-0.0857,-0.371063681390832,3.38,-0.1224,24.6662059450093,10,0.35,0.63,0.49,1,1,1
"938",2013,313,-0.027,NA,1.25,-0.1101,25.1787171746846,10,0.11,0.07,0.05,1,1,1
"939",2014,313,-0.0389,NA,1.4696,NA,25.1425641712955,10,0.11,0,0,1,1,1
"940",2012,314,-0.0355,0.774727167552368,7.47,-0.1898,22.6127567946678,10,0,0,0,0,0,0
"941",2012,315,0.1776,1.49514876603197,0.11,0.104,22.8621666157633,1,0.52,0,0,0,0,1
"942",2013,315,8e-04,1.77495235091167,0.29,6e-04,23.1670900416332,1,0.08,0,0,1,1,1
"943",2014,315,0.1857,1.62334081760309,0.39,0.1257,23.0940701689176,1,0.09,0.1,0.02,1,1,1
"944",2012,316,0.0073,-1.27296567581289,0.19,0.1802,25.6183930058142,4,0.15,0,0,0,0,0
"945",2013,316,0.0073,-1.02165124753198,0.2,0.1859,25.6905899299055,4,0.02,0.01,0,0,0,0
"946",2014,316,0.0085,-1.07880966137193,0.17,0.2083,25.7643786050272,4,0.06,0.03,0,0,0,0
"947",2012,317,0.0322,NA,1.1874,0.1852,24.1438409190348,3,0.06,0.12,0.5,1,1,1
"948",2013,317,0.031,NA,1.5268,0.1881,24.2357958655367,3,0.03,0.02,0.1,1,1,1
"949",2014,317,-0.3156,NA,1.5648,-0.5498,19.4503001611335,3,0.03,0.03,0.08,1,1,1
"950",2012,318,0.1092,0.963174317773006,0.97,0.0656,22.5534022339538,8,0.78,0.75,0,1,1,0
"951",2013,318,0.1186,1.08518926833597,0.65,0.0734,22.5769040432203,8,0.12,0,0,1,1,0
"952",2014,318,0.1424,1.52388002407245,1.13,0.0774,22.4647840897377,8,0.11,0,0,1,1,0
"953",2012,319,0.2807,0.683096844706444,0.61,0.6829,22.9265829282818,1,0,0,0,0,0,0
"954",2013,319,0.0417,1.06471073699243,1.13,0.0983,22.9031181645582,1,0,0,0,0,0,0
"955",2014,319,0.0573,1.0952733874026,3.44,0.118,22.8486363105146,1,0.06,0,0,0,0,0
"956",2012,320,0.0522,0.113328685307003,0.39,0.0824,22.9412729534652,2,0.38,0.51,0,1,0,1
"957",2013,320,0.0595,0.322083499169113,0.38,0.0915,22.9240396637938,2,0.06,0,0,1,0,1
"958",2014,320,0.0619,0.231111720963387,0.37,0.0999,22.9284585839318,2,0.07,0,0,1,0,1
"960",2013,321,0.1047,0.542324290825362,0.26,0.1487,24.929449880924,3,0.07,0.12,0.12,1,0,1
"961",2014,321,0.0812,0.488580014818671,0.28,0.1119,24.9265245930256,3,0.06,0.12,0.08,1,0,1
"962",2012,322,0.0112,-0.0725706928348354,1.09,0.1114,23.3896432650523,4,0.38,0.67,0.6,0,0,0
"963",2013,322,0.0069,0.0295588022415444,1.07,0.0795,23.4285789623387,4,0.02,0,0,0,0,0
"964",2014,322,0.0325,0.104360015324243,1.16,0.3889,23.5621688464674,4,0.06,0.09,0.14,0,0,1
"965",2012,323,0.0407,NA,0.11,0.0826,23.0592012730619,7,0.45,0,0,0,0,1
"966",2013,323,0.1001,NA,0.28,0.169,23.0735659449155,7,0.05,0,0,1,0,1
"967",2014,323,0.097,NA,0.18,0.152,23.0544342079693,7,0.06,0,0,1,0,1
"968",2012,324,0.0384,-0.083381608939051,1.05,0.1421,24.8687786857429,11,0.09,0.11,0,1,0,0
"969",2013,324,0.0257,-0.116533816255952,1.12,0.0962,24.8907059542391,11,0.02,0.04,0,1,0,0
"970",2014,324,0.029,-0.0304592074847086,1.04,0.1063,24.9750414071173,11,0.02,0.03,0.01,1,0,0
"971",2012,325,0.0487,0.779324876800998,4.06,0.2933,24.2071671819977,4,0.44,0,0,0,0,1
"972",2013,325,0.0399,0.717839793150317,4.06,0.2546,24.2295737030112,4,0.07,0,0,1,1,1
"973",2014,325,0.0447,0.951657875711446,4.13,0.2885,24.1087402581433,4,0.07,0,0,1,1,1
"974",2012,326,0.0797,0.951657875711446,0.82,0.1401,21.9892941447715,6,0,0,0,0,0,0
"975",2013,326,0.0838,1.04731899428056,0.73,0.1453,22.0798738876959,6,0,0,0,0,0,0
"976",2014,326,0.0788,1.05431202977153,0.81,0.1277,22.2053248200507,6,0,0,0,0,0,0
"977",2012,327,0.0246,-0.22314355131421,1.13,0.089,24.3205506998993,11,0.59,0.48,0,0,1,1
"978",2013,327,0.0271,-0.105360515657826,1.02,0.0948,24.3407566949727,11,0.09,0.09,0,1,1,1
"979",2014,327,0.0302,0.0198026272961797,1.07,0.1052,24.4054227452995,11,0.1,0.12,0,1,1,1
"980",2012,328,0.011,-2.12026353620009,0.46,0.1843,25.8791090864965,4,0,0,0,0,0,0
"981",2013,328,0.0074,-1.66073120682165,0.52,0.1608,25.8899642666743,4,0,0,0,0,0,0
"982",2014,328,0.0097,-1.71479842809193,0.6,0.2202,25.972014736526,4,0.03,0,0,0,0,0
"984",2013,329,0.0741,-1.66073120682165,0.83,0.1314,23.0503484015408,5,0.07,0.08,0,0,0,0
"985",2014,329,0.098,-1.71479842809193,0.54,0.1782,NA,5,0.07,0.11,0,0,0,0
"986",2012,330,0.0092,NA,0.36,0.2092,26.1285614099846,4,0.41,0.17,0.27,0,1,1
"987",2013,330,0.009,NA,0.49,0.2127,26.217524094683,4,0.03,0.01,0,0,1,1
"988",2014,330,0.0076,NA,0.51,0.1916,26.33682815562,4,0.04,0.01,0.02,0,1,1
"989",2012,331,0.0623,0.0582689081239758,0.9,0.1677,22.8422886037104,2,0.59,0.04,0.5,1,0,1
"990",2013,331,0.0526,0.29266961396282,1.14,0.1387,23.3863186721179,2,0.12,0.01,0.05,0,0,1
"991",2014,331,0.1771,0.470003629245736,1.28,0.3992,23.4299818150355,2,0.12,0.02,0.02,0,0,1
"992",2012,332,0.0556,-0.105360515657826,0.53,0.0867,23.4860567167061,6,0.47,0.47,0.7,0,0,1
"993",2013,332,0.0303,-0.0618754037180875,0.56,0.0446,23.5287512311393,6,0.09,0.13,0.12,1,0,1
"994",2014,332,0.047,0.113328685307003,0.6,0.0671,23.4864353372697,6,0.07,0,0,1,0,1
"995",2012,333,0.1014,0.215111379616945,0.2,0.1499,23.3039371087188,5,0.47,0,0,0,0,0
"996",2013,333,0.0695,0.482426149244293,0.3,0.1115,23.4796616589789,5,0.1,0,0,1,0,0
"997",2014,333,0.0308,0.698134722070984,0.38,0.0532,23.5975646702169,5,0.08,0,0,1,0,0
"998",2012,334,0.0911,0.0582689081239758,0.4,0.1741,23.3596051904946,7,0.34,0.29,0.54,0,0,1
"999",2013,334,0.0558,0.27002713721306,0.39,0.1108,23.389034645792,7,0.02,0.03,0.01,1,0,1
"1000",2014,334,0.0643,0.343589704390077,0.36,0.1345,23.3288402464594,7,0.02,0,0.1,0,0,1
"1001",2012,335,0.0955,0.405465108108164,0.59,0.0265,23.2432232195151,2,0.49,0.69,0,0,1,0
"1002",2013,335,0.0802,0.488580014818671,0.51,0.0223,23.2620291595251,2,0.07,0,0,0,1,0
"1003",2014,335,0.0721,0.27002713721306,0.45,0.02,23.3010554808811,2,0.1,0,0,0,1,0
"1004",2012,336,0.0268,-0.0304592074847086,0.72,0.057,26.3302253214108,10,0.26,0.28,0.16,1,1,1
"1005",2013,336,0.0663,-0.0512932943875506,0.76,0.1417,26.3501204699154,10,0.03,0.04,0.04,1,1,1
"1006",2014,336,0.0218,-0.162518929497775,0.88,0.047,26.4028546578449,10,0.04,0.03,0.02,1,1,1
"1007",2012,337,0.0309,-0.301105092783922,0.43,0.1131,23.5090298821772,2,0.6,0.35,0.1,1,1,1
"1008",2013,337,0.0357,-0.0943106794712413,0.37,0.1349,23.469253877389,2,0.05,0.03,0.06,1,1,1
"1009",2014,337,0.0348,0.19062035960865,0.3,0.124,23.3620374114519,2,0.08,0.02,0.04,1,1,1
"1010",2012,338,0.0645,0.636576829071551,2.95,0.1892,22.4369945731219,6,0,0,0,0,0,0
"1011",2013,338,0.0227,0.751416088683921,NA,0.0684,22.5395553039177,6,0,0,0,0,0,0
"1012",2014,338,0.0279,0.858661619037519,NA,0.076,22.6338448415164,6,0.05,0,0,0,0,0
"1013",2012,339,0.0648,0.0769610411361284,0.85,0.0419,24.6268533635535,1,0.27,0.3,0,1,1,1
"1014",2013,339,0.0633,0.173953307123438,0.89,0.0409,24.5599185353498,1,0.06,0.05,0,1,1,1
"1015",2014,339,0.0425,0.104360015324243,0.78,0.0272,24.5618575642887,1,0.02,0.06,0,1,1,1
"1016",2012,340,0.1113,0.343589704390077,0.23,0.1206,22.2161699331246,1,0.71,0,0,0,1,1
"1017",2013,340,0.0947,0.518793793415168,0.29,0.1097,22.2818314190068,1,0.09,0,0,0,1,1
"1018",2014,340,0.0387,0.73716406597672,0.28,0.045,22.3682639247791,1,0.11,0,0,0,1,1
"1019",2012,341,0.1841,1.15373158788919,0.24,0.0645,22.9394212019421,1,0.14,0,0,1,0,0
"1020",2013,341,0.2143,1.37371557891303,0.21,0.0737,23.0457515916468,1,0,0,0,1,0,0
"1021",2014,341,0.2169,1.30562645805244,0.3,0.0779,23.1327302915676,1,0.03,0,0,1,0,0
"1022",2012,342,0.0434,-0.0100503358535015,0.45,0.0942,24.0354352642383,5,0.26,0.73,0,0,0,1
"1023",2013,342,0.0429,0.300104592450338,0.56,0.0973,24.1847238526208,5,0.05,0,0,1,0,1
"1024",2014,342,0.0507,0.357674444271816,0.6,0.1122,24.4810204889574,5,0.04,0,0,1,0,1
"1026",2013,343,0.0012,-0.210721031315653,1.18,0.0014,24.634288342041,10,0,0,0,0,0,0
"1027",2014,343,0.0046,-0.400477566597125,1.2,0.0084,24.8569913558924,10,0.07,0,0,0,0,0
"1028",2012,344,0.0636,-0.0408219945202552,0.37,0.1557,24.2057359387373,1,0.19,0,0,0,1,1
"1029",2013,344,0.0041,0.19062035960865,0.46,0.0106,24.2026580661936,1,0.03,0,0,1,1,1
"1030",2014,344,0.0605,0.285178942233662,0.54,0.1512,24.1442658459047,1,0.02,0.03,0,1,1,1
"1031",2012,345,0.1818,1.51292701205326,0.47,0.2544,20.9850099091344,1,0,0,0,0,0,0
"1032",2013,345,0.1482,2.07191327525904,0.34,0.2175,21.1105764787945,1,0,0,0,0,0,0
"1033",2014,345,0.1317,1.69193913394584,0.23,0.1814,21.3956999759088,1,0.04,0,0,0,0,0
"1034",2012,346,0.2216,NA,0,0.2925,22.1590168067789,4,0.38,0,0,0,0,1
"1035",2013,346,0.2249,NA,0,0.298,22.3393019334087,4,0.04,0.06,0.09,0,0,1
"1036",2014,346,0.2277,NA,0,0.3052,22.4539297401479,4,0.05,0.02,0.09,0,0,1
"1037",2012,347,0.0234,-1.46967597005894,0.23,0.0953,25.3766355365137,4,0.22,0,0,1,1,0
"1038",2013,347,0.0349,-1.30933331998376,0.25,0.1392,25.3658474079326,4,0.02,0,0,1,1,0
"1039",2014,347,0.0354,-1.23787435600162,0.26,0.1349,25.3587518201364,4,0.04,0,0,1,1,0
"1040",2012,348,0.1675,1.18172719537862,0.0012,0.0593,21.257890796401,1,0,0,0,0,0,0
"1041",2013,348,0.1818,1.6752256529721,0.001,0.0636,21.3666974252604,1,0,0,0,0,0,0
"1042",2014,348,0.1884,1.5993875765806,0.0038,0.0649,21.433761655841,1,0.06,0,0,0,0,0
"1043",2012,349,-0.4336,1.34807314829969,3.3,-0.9588,20.8313935204614,1,0,0,0,0,0,0
"1044",2013,349,-0.0419,2.0360119837525,0.9,-0.0368,21.6057929386678,1,0,0,0,0,0,0
"1045",2014,349,-0.0711,1.5953389880546,2.06,-0.0919,22.4895365434073,1,0.05,0,0,0,0,0
"1046",2012,350,0.0508,-0.63487827243597,0.32,0.0175,23.1976169727949,2,0.12,0.28,0,0,0,0
"1047",2013,350,0.0646,-0.105360515657826,0.31,0.0226,23.2228147634713,2,0.03,0.03,0,0,0,0
"1048",2014,350,0.0478,-0.174353387144778,0.85,0.023,23.8994846513486,2,0.04,0.02,0,0,0,0
"1049",2012,351,0.0439,NA,3.46,0.1008,24.6314615275402,1,0,0,0,0,0,0
"1050",2013,351,0.0396,NA,3.35,0.0879,24.6002003797021,1,0,0,0,0,0,1
"1051",2014,351,0.0416,NA,2.83,0.0882,24.6314615275402,1,0.02,0,0,0,0,1
"1052",2012,352,0.0441,-0.127833371509885,0.64,0.1045,24.947234166962,1,0.59,0,0,0,1,0
"1053",2013,352,0.0539,0.139761942375159,0.67,0.1233,24.9426853029354,1,0.09,0,0,0,1,0
"1054",2014,352,0.0581,0.336472236621213,0.87,0.1394,24.8705032469215,1,0.02,0,0,0,0,1
"1055",2012,353,0.0853,0.518793793415168,0.38,0.1347,23.720047559636,7,0.17,0.27,0.58,0,1,0
"1056",2013,353,0.1091,0.896088024556636,0.38,0.1741,23.6644363225077,7,0.02,0.06,0.08,0,1,0
"1057",2014,353,0.1515,1.15057202759882,0.35,0.2129,23.5980726425715,7,0.02,0.04,0.08,0,1,0
"1058",2012,354,0.0442,-0.446287102628419,1.15,0.049,23.290750439495,6,0.27,0.35,0.7,1,1,0
"1059",2013,354,0.0383,-0.174353387144778,0.73,0.0416,23.2838981972625,6,0.02,0.02,0.11,1,1,0
"1060",2014,354,0.0436,-0.116533816255952,0.91,0.0436,23.4042873656607,6,0.02,0.04,0.11,1,1,0
"1061",2012,355,0.1237,NA,0.06,0.07,20.8691680198365,1,0,0,0,0,0,0
"1062",2013,355,0.1186,NA,0.05,0.0695,21.1792599140866,1,0,0,0,0,0,0
"1063",2014,355,0.1133,NA,0.19,0.0675,21.4628590076742,1,0.02,0,0,0,0,0
"1064",2012,356,-0.0191,-0.579818495252942,23.35,-0.0195,24.3510142910561,6,0.28,0,0.51,0,1,1
"1065",2013,356,0.0153,-0.301105092783922,3.66,0.0149,24.329089715923,6,0.1,0.03,0.04,1,1,1
"1066",2014,356,0.0305,0.0861776962410524,4.46,0.0291,24.3436790665848,6,0.12,0.04,0.02,1,1,1
"1067",2012,357,0.0558,-0.0304592074847086,1.37,0.0636,22.8275027908106,5,0,0,0,0,0,0
"1068",2013,357,0.0618,0.262364264467491,0.99,0.0701,22.8409327648752,5,0,0,0,0,0,0
"1069",2014,357,0.0631,0.425267735404344,0.86,0.0676,22.9176467081135,5,0.01,0,0,0,0,0
"1070",2012,358,0.0743,-0.0725706928348354,0.45,0.05,25.1162942297281,5,0.91,0,0,0,1,1
"1071",2013,358,0.0691,0.165514438477573,0.46,0.0459,25.1285450234304,5,0.13,0.13,0.11,0,1,1
"1072",2014,358,0.0668,0.322083499169113,0.49,0.0431,25.1820451577187,5,0.11,0.13,0.14,0,1,1
"1074",2013,359,0.0141,-1.89711998488588,0.3,0.0829,24.8076274011151,4,0.03,0.03,0.08,1,0,1
"1076",2012,360,0.0219,0.647103242058538,2.38,0.0149,24.3833084781218,6,0.57,0.55,0.61,1,0,1
"1077",2013,360,0.1165,1.03318448334565,1.67,0.0789,24.3126563925596,6,0.04,0.05,0.15,1,0,1
"1078",2014,360,0.0846,1.11514159061932,4.61,0.0521,24.2919812981735,6,0.04,0.06,0.08,1,0,1
"1079",2012,361,0.0155,-1.17118298150295,0.75,0.2683,26.5921530616496,4,0.16,0,0,1,1,0
"1080",2013,361,0.0155,-1.13943428318836,0.55,0.2865,26.6204773952267,4,0.03,0,0,1,1,0
"1081",2014,361,0.0146,-1.07880966137193,0.83,0.28,26.721032980899,4,0.03,0,0,1,1,0
"1082",2012,362,0.068,0.0198026272961797,0.83,0.0889,25.2164871851998,6,0.38,0.74,0.43,1,1,1
"1083",2013,362,0.0636,0.262364264467491,0.62,0.0914,25.2296538226368,6,0.03,0.05,0.03,1,1,1
"1084",2014,362,0.0684,0.22314355131421,0.57,0.0955,25.2372961353611,6,0.04,0.06,0.05,1,1,1
"1086",2013,363,0.1311,1.33236601909433,0,0.4228,24.3055618056576,7,0.13,0,0,1,0,0
"1088",2012,364,0.1146,0.53062825106217,0.28,0.0998,22.9884627207257,1,0.36,0,0,1,1,1
"1089",2013,364,0.1213,0.947789398933526,0.23,0.106,23.0568649834696,1,0.04,0.01,0.02,1,1,1
"1090",2014,364,0.1032,1.15688119679209,0.25,0.0853,23.0238489272698,1,0.04,0,0,1,1,1
"1091",2012,365,0.0879,0.254642218373581,1.09,0.1427,23.809615478084,1,0.39,0.34,0.09,1,0,0
"1092",2013,365,0.104,0.470003629245736,2.29,0.1736,23.8941691632655,1,0.12,0.04,0.02,1,0,0
"1093",2014,365,0.1019,0.593326845277734,3.43,0.1735,23.8638341145459,1,0.11,0.13,0.03,1,0,1
"1094",2012,366,0.0477,NA,0.36,0.015,24.518238038571,3,0,0,0,0,1,0
"1095",2013,366,0.0593,NA,0.32,0.0197,24.5789301087052,3,0,0,0,0,1,0
"1096",2014,366,0.0782,NA,0.28,0.0277,24.5420764606524,3,0.09,0,0,0,1,0
"1097",2012,367,0.0774,1.26694760348732,NA,0.1619,23.0841198380644,7,0,0,0,0,0,0
"1098",2013,367,0.0885,1.03318448334565,0.07,0.1947,23.2353011541227,7,0,0,0,0,0,0
"1099",2014,367,0.0643,0.746687947487975,0.2,0.1468,23.4185684652261,7,0.02,0,0,0,0,0
"1100",2012,368,0.0259,-0.0304592074847086,0.45,0.2619,23.8127605021894,4,0,0,0,0,0,0
"1101",2013,368,0.0186,0.0953101798043249,1.82,0.1662,23.7238363871407,4,0.02,0.04,0.1,0,0,1
"1102",2014,368,0.0379,0.173953307123438,1.99,0.3287,23.7795286102404,4,0.02,0.06,0.08,0,0,1
"1103",2012,369,0.1687,1.44456326924387,4.95,0.2145,21.5820698187312,6,0,0,0,0,0,0
"1104",2013,369,0.1432,1.58514521986506,2.32,0.2183,21.6413353857872,6,0,0,0,0,0,0
"1105",2014,369,0.165,1.5993875765806,5.22,0.229,21.5756919538905,6,0.01,0,0,0,0,0
"1106",2012,370,-0.0431,1.10856261952128,0.68,-0.0701,21.7382385123807,5,0,0,0,0,0,0
"1107",2013,370,-0.1753,1.94304891677428,0.36,-0.3672,21.5644018952198,5,0,0,0,0,0,0
"1109",2012,371,0.02,0.314810739840034,0.93,0.1484,23.6666516301282,4,0.17,0,0,0,0,0
"1110",2013,371,0.0234,0.246860077931526,1.06,0.1649,23.7054568399337,4,0.06,0,0,1,1,1
"1111",2014,371,0.0232,0.378436435720245,1.25,0.1577,23.778492682286,4,0.03,0,0,1,1,1
"1112",2012,372,0.0038,-0.23572233352107,1.44,0.0076,26.1403524193819,10,0.41,0,0,0,1,1
"1113",2013,372,0.0461,-0.385662480811985,2.31,0.0954,26.3367515436215,10,0.06,0,0,1,1,1
"1114",2014,372,0.038,0.262364264467491,8.99,0.0757,26.1730502856925,10,0.06,0.02,0,1,1,1
"1115",2012,373,0.1567,0.765467842139571,0.71,0.2503,21.8764136582625,5,0.52,0,0,0,0,0
"1116",2013,373,0.1333,0.751416088683921,0.67,0.2363,21.9994662752692,5,0.06,0,0,0,0,0
"1117",2014,373,0.1157,0.770108221696074,0.65,0.217,22.0785853937669,5,0.04,0,0,0,0,0
"1118",2012,374,0.0698,-0.0304592074847086,0.22,0.0297,24.2860150139161,2,0.53,0.67,0,1,0,0
"1119",2013,374,0.0711,0.46373401623214,0.23,0.0339,24.2922631788835,2,0.06,0,0,1,0,0
"1120",2014,374,0.0532,0.29266961396282,0.18,0.0253,24.3390906101544,2,0.08,0,0,0,0,0
"1121",2012,375,-0.3438,2.15059873599616,NA,-0.5949,20.6721304248316,7,0.19,0,0,1,0,0
"1124",2012,376,0.1444,-0.527632742082372,0.25,0.1292,23.3572388346523,7,0.31,0.2,0,0,1,0
"1125",2013,376,0.0694,0.157003748809665,0.22,0.0638,23.4499415021718,7,0,0.03,0.13,0,1,0
"1126",2014,376,0.1095,0.398776119957368,0.26,0.1069,23.4406060849557,7,0.01,0.01,0.05,0,1,0
"1127",2012,377,0.0132,-1.46967597005894,0.88,0.2128,27.9837659470814,4,0.21,0,0,1,1,1
"1128",2013,377,0.0142,-1.30933331998376,0.99,0.2538,28.0543359652995,4,0.03,0.01,0.02,1,1,1
"1129",2014,377,0.0136,-1.20397280432594,1.11,0.2662,28.154064794347,4,0.03,0.01,0.01,1,1,1
"1130",2012,378,0.0971,NA,0.01,0.0398,NA,2,0.18,0,0,0,1,0
"1131",2013,378,0.1017,NA,0.01,0.0427,NA,2,0.02,0.05,0.02,1,1,0
"1132",2014,378,0.1026,NA,0.02,0.0408,NA,2,0.04,0,0,1,1,0
"1133",2012,379,0.0262,-0.462035459596559,0.46,0.0221,23.4573735723679,1,0.25,0.3,0.38,0,0,0
"1134",2013,379,0.0535,-0.127833371509885,0.37,0.0441,23.4669405490216,1,0.05,0.07,0.06,1,1,0
"1135",2014,379,0.0366,-0.0512932943875506,0.73,0.0327,23.7190981055007,1,0.06,0,0,1,1,0
"1136",2012,380,0.0358,0.0953101798043249,1.44,0.0599,23.8629685759104,6,0.07,0.6,0,1,1,1
"1137",2013,380,0.0043,0.300104592450338,1.66,0.007,23.8413484777779,6,0.02,0,0,1,1,1
"1138",2014,380,0.059,0.405465108108164,1.42,0.0927,23.7872173494775,6,0.02,0,0,1,1,1
"1139",2012,381,0.0421,0.29266961396282,2.25,0.1147,23.9149759937418,3,0,0,0,0,0,0
"1140",2013,381,0.0167,0.336472236621213,2.33,0.0627,24.0243481806056,3,0,0,0,0,0,1
"1141",2014,381,0.0544,0.0861776962410524,2.38,0.2768,24.6464859204678,3,0,0,0,0,0,1
"1143",2013,382,0.0857,0.357674444271816,0.54,0.0362,26.0450604436725,2,0.07,0,0,1,1,1
"1144",2014,382,0.0786,0.343589704390077,0.58,0.0336,26.0399436148264,2,0.06,0,0,1,1,1
"1145",2012,383,0.1107,0.157003748809665,3.96,0.1811,22.9709405755556,7,0,0,0,0,1,0
"1146",2013,383,0.0815,0.231111720963387,3.36,0.1441,23.0378783101532,7,0,0.13,0,1,1,0
"1147",2014,383,0.0852,0.22314355131421,2.48,0.152,23.014789982581,7,0.06,0,0,1,1,0
"1148",2012,384,0.0306,0.392042087776024,1.14,0.0545,23.2563275286215,4,0.19,0.17,0.35,1,1,1
"1149",2013,384,0.0399,0.438254930931155,0.8,0.0633,23.3972765458251,4,0.03,0.03,0.05,1,1,1
"1150",2014,384,0.1275,0.524728528934982,1.02,0.2407,23.3227652537058,4,0.02,0.03,0.03,1,1,1
"1151",2012,385,0.0433,0.182321556793955,2.08,0.0882,22.9706552944725,1,0.62,0.36,0.2,1,1,1
"1152",2013,385,0.045,0.357674444271816,2.84,0.0862,22.9996096187352,1,0.08,0.04,0.02,1,1,1
"1153",2014,385,0.0545,0.451075619360217,3.82,0.1002,22.9932244271134,1,0.09,0.05,0.04,1,1,1
"1154",2012,386,0.0592,-0.0618754037180875,0.22,0.2137,22.5646329139236,3,0,0,0,0,0,0
"1155",2013,386,0.0817,0.350656871613169,0.23,0.2771,22.7046810133277,3,0,0,0,0,0,0
"1156",2014,386,0.0622,0.198850858745165,0.33,0.2051,22.8894583050349,3,0.02,0,0,0,0,0
"1157",2012,387,0.0299,-0.287682072451781,1.14,0.0894,24.1617810326536,11,0.16,0,0.15,1,1,1
"1158",2013,387,0.0292,-0.287682072451781,1.14,0.0869,24.2468873196923,11,0.04,0,0.02,1,1,1
"1159",2014,387,0.0288,-0.198450938723838,1.13,0.0874,24.3330479697016,11,0.04,0,0.02,1,1,1
"1160",2012,388,0.1232,0.593326845277734,0.33,0.2366,22.2521240809027,7,0.61,0,0,0,1,0
"1161",2013,388,0.1061,0.76080582903376,0.31,0.2248,22.2769796006082,7,0.1,0,0,1,1,0
"1162",2014,388,0.1291,0.678033542749897,0.36,0.2646,22.3400765037099,7,0.12,0,0,1,1,0
"1163",2012,389,0.135,0.173953307123438,0.05,0.099,26.5337928690326,3,0.5,0.56,0.41,1,1,1
"1164",2013,389,0.0957,0.27763173659828,0.04,0.0774,26.5720371496375,3,0.08,0.1,0.14,1,1,1
"1165",2014,389,0.0934,0.165514438477573,0.07,0.0825,26.5797493698074,3,0.09,0.09,0.13,1,1,1
"1166",2012,390,0.0389,-1.02165124753198,0.67,0.0537,24.1249630936502,7,0.37,0.34,0.04,1,1,0
"1167",2013,390,0.0384,-0.713349887877465,0.58,0.0542,24.091802276369,7,0.07,0.07,0.03,1,1,1
"1168",2014,390,0.0333,-0.673344553263766,0.59,0.0493,24.0431808539889,7,0.07,0.07,0.07,1,1,1
"1169",2012,391,0.2351,NA,0,0.7912,23.562534516281,7,0.02,0,0,0,0,1
"1170",2013,391,0.0848,NA,0.0939,0.2919,23.5449398583704,7,0.03,0,0,1,0,1
"1171",2014,391,0.1975,NA,0.0604,1.6287,24.8497604044487,7,0.03,0,0,1,0,1
"1172",2012,392,0.179,1.01160091167848,1.36,0.1171,22.9217118901993,1,0.32,0,0,0,0,1
"1173",2013,392,0.1232,1.15373158788919,1.35,0.0834,22.8860139847527,1,0.05,0,0,1,0,1
"1174",2014,392,0.1234,1.16002091679675,1.99,0.0791,22.8449283940602,1,0.06,0,0,1,0,1
"1175",2012,393,0.0861,0.139761942375159,0.29,0.1688,22.9218672437955,5,0.51,0,0,0,0,0
"1176",2013,393,0.0819,0.405465108108164,0.27,0.1646,22.9830060574481,5,0.1,0,0,0,0,0
"1177",2014,393,0.075,0.587786664902119,0.22,0.1541,22.9886370018464,5,0.09,0,0,0,0,0
