"","Ticker","Year","StockPriceClose","PriceToEarningRatio"
"1","A",2012,28.59,8.74311926605505
"2","A",2013,33.46,15.7089201877934
"3","A",2014,40.62,25.0740740740741
"4","A",2015,39.6,33
"5","A",2016,43.37,30.9785714285714
"6","AAL",2012,10.5,-1.39627659574468
"7","AAL",2013,18.19,-2.78134556574924
"8","AAL",2014,38.92,9.90330788804071
"9","AAL",2015,45.12,4.07588075880759
"10","AAL",2016,38.18,7.93762993762994
"11","AAP",2012,76.07,14.5727969348659
"12","AAP",2013,85.21,16.0169172932331
"13","AAP",2014,130.94,19.5141579731744
"14","AAP",2015,163.65,25.5703125
"15","AAP",2016,155.49,25.0790322580645
"16","AAPL",2012,82.29,13.041204437401
"17","AAPL",2013,67.52,11.887323943662
"18","AAPL",2014,92.26,14.3038759689922
"19","AAPL",2015,120.04,13.0195227765727
"20","AAPL",2016,104.6,12.5872442839952
"21","ABBV",2012,NA,NA
"22","ABBV",2013,43.66,17.0546875
"23","ABBV",2014,55.46,50.4181818181818
"24","ABBV",2015,62.1,19.8402555910543
"25","ABBV",2016,60.67,16.7134986225895
"26","ABC",2012,38.83,13.8678571428571
"27","ABC",2013,56.84,30.8913043478261
"28","ABC",2014,74.65,64.3534482758621
"29","ABC",2015,104.1,-165.238095238095
"30","ABC",2016,83.21,13.1661392405063
"31","ABT",2012,30.11,8.09408602150538
"32","ABT",2013,35.65,22.0061728395062
"33","ABT",2014,40.95,27.4832214765101
"34","ABT",2015,46.31,15.8595890410959
"35","ABT",2016,40.49,43.0744680851064
"36","ACIW",2012,13.45,32.8048780487805
"37","ACIW",2013,16.8,31.6981132075472
"38","ACIW",2014,19.16,33.0344827586207
"39","ACIW",2015,22.25,30.9027777777778
"40","ACIW",2016,19.21,17.6238532110092
"41","ADBE",2012,32.67,19.6807228915663
"42","ADBE",2013,46.8,83.5714285714286
"43","ADBE",2014,67.45,127.264150943396
"44","ADBE",2015,80.97,65.2983870967742
"45","ADBE",2016,97.33,41.9525862068966
"46","ADI",2012,38.94,18.2816901408451
"47","ADI",2013,46.59,21.7710280373832
"48","ADI",2014,51.42,25.969696969697
"49","ADI",2015,59.66,27.1181818181818
"50","ADI",2016,60.22,21.8188405797101
"51","ADM",2012,29,15.7608695652174
"52","ADM",2013,35.31,17.480198019802
"53","ADM",2014,46.15,13.4548104956268
"54","ADM",2015,45.91,15.4060402684564
"55","ADM",2016,40.59,18.7916666666667
"56","ADP",2012,49.09,17.4078014184397
"57","ADP",2013,61.19,21.1730103806228
"58","ADP",2014,72.47,23.0796178343949
"59","ADP",2015,84.37,27.6622950819672
"60","ADP",2016,89.05,27.4
"61","ADS",2012,130.48,19.8297872340426
"62","ADS",2013,191.87,25.8584905660377
"63","ADS",2014,265.41,33.7242693773825
"64","ADS",2015,284.97,32.2
"65","ADS",2016,214.57,29.232970027248
"66","ADSK",2012,34.75,28.4836065573771
"67","ADSK",2013,39.15,36.588785046729
"68","ADSK",2014,53.83,53.83
"69","ADSK",2015,56.12,160.342857142857
"70","ADSK",2016,61.73,-42.2808219178082
"71","AEE",2012,32.2,-8.02992518703242
"72","AEE",2013,34.64,29.3559322033898
"73","AEE",2014,40.02,16.675
"74","AEE",2015,41.82,16.1467181467181
"75","AEE",2016,49.01,18.2873134328358
"76","AEP",2012,40.97,15.7576923076923
"77","AEP",2013,46.06,15.1513157894737
"78","AEP",2014,52.91,15.8413173652695
"79","AEP",2015,56.69,13.5947242206235
"80","AEP",2016,64.09,51.6854838709677
"81","AET",2012,42.69,8.87525987525988
"82","AET",2013,59.34,11.1332082551595
"83","AET",2014,78.03,13.737676056338
"84","AET",2015,109.05,16.0840707964602
"85","AET",2016,114.76,17.9032761310452
"86","AFL",2012,23.18,7.57516339869281
"87","AFL",2013,28.98,8.57396449704142
"88","AFL",2014,30.72,9.45230769230769
"89","AFL",2015,30.88,10.5753424657534
"90","AFL",2016,33.91,10.5638629283489
"91","AGN",2012,74.42,97.9210526315789
"92","AGN",2013,122.96,-23.3320683111954
"93","AGN",2014,220.03,-29.6536388140162
"94","AGN",2015,297.2,29.6903096903097
"95","AGN",2016,241.7,6.33053954950236
"96","AIG",2012,31.32,15.3529411764706
"97","AIG",2013,44.59,7.27406199021207
"98","AIG",2014,52.77,10.1480769230769
"99","AIG",2015,58.76,35.6121212121212
"100","AIG",2016,57.3,-73.4615384615385
"101","AKAM",2012,35.2,31.4285714285714
"102","AKAM",2013,43.62,27.0931677018634
"103","AKAM",2014,57.85,31.4402173913043
"104","AKAM",2015,68.47,38.4662921348315
"105","AKAM",2016,55.18,30.8268156424581
"106","ALL",2012,35.42,7.56837606837607
"107","ALL",2013,49.48,10.2869022869023
"108","ALL",2014,59.35,9.46570972886762
"109","ALL",2015,65.9,13.0495049504951
"110","ALL",2016,67.31,14.4132762312634
"111","ALXN",2012,94.3,73.671875
"112","ALXN",2013,104.99,82.6692913385827
"113","ALXN",2014,166.73,51.1441717791411
"114","ALXN",2015,177.65,265.149253731343
"115","ALXN",2016,134.86,76.625
"116","AMAT",2012,11.45,127.222222222222
"117","AMAT",2013,15.27,72.7142857142857
"118","AMAT",2014,20.9,24.0229885057471
"119","AMAT",2015,19.58,17.4821428571429
"120","AMAT",2016,24.71,16.0454545454545
"121","AME",2012,33.66,17.9042553191489
"122","AME",2013,44.11,21.0047619047619
"123","AME",2014,51.75,21.8354430379747
"124","AME",2015,53.42,21.8040816326531
"125","AME",2016,47.69,21.7762557077626
"126","AMG",2012,113.58,34.6280487804878
"127","AMG",2013,170.66,26.0549618320611
"128","AMG",2014,198.15,25.7337662337662
"129","AMG",2015,200.26,21.8386041439477
"130","AMG",2016,148,17.269544924154
"131","AMGN",2012,76.37,13.8351449275362
"132","AMGN",2013,103.93,15.6521084337349
"133","AMGN",2014,131.03,19.5567164179104
"134","AMGN",2015,158.12,17.4525386313466
"135","AMGN",2016,156.02,15.236328125
"136","AMP",2012,54.81,11.8636363636364
"137","AMP",2013,84.71,13.1537267080745
"138","AMP",2014,117.76,14.1879518072289
"139","AMP",2015,122.1,14.3985849056604
"140","AMP",2016,97.25,12.4519846350832
"141","AMT",2012,68.42,42.7625
"142","AMT",2013,76.57,55.4855072463768
"143","AMT",2014,90.47,45.235
"144","AMT",2015,95.84,67.9716312056738
"145","AMT",2016,105.85,53.459595959596
"146","AMZN",2012,220.3,-2447.77777777778
"147","AMZN",2013,298.03,505.135593220339
"148","AMZN",2014,332.55,-639.519230769231
"149","AMZN",2015,478.14,382.512
"150","AMZN",2016,699.52,142.759183673469
"151","ANDV",2012,31.2,5.94285714285714
"152","ANDV",2013,52.35,17.45
"153","ANDV",2014,59.93,9.30590062111801
"154","ANDV",2015,94.06,7.61003236245955
"155","ANDV",2016,81.71,13.3513071895425
"156","APA",2012,89.5,18.1910569105691
"157","APA",2013,82.67,15.0309090909091
"158","APA",2014,85.72,-3.93933823529412
"159","APA",2015,54.36,-1.98394160583942
"160","APA",2016,53.5,-14.4204851752022
"161","APC",2012,72.95,15.3902953586498
"162","APC",2013,87.16,55.1645569620253
"163","APC",2014,94.81,-27.3227665706052
"164","APC",2015,75.04,-5.69347496206373
"165","APC",2016,53.11,-9.00169491525424
"166","APD",2012,77.97,14.3327205882353
"167","APD",2013,90.39,19.3141025641026
"168","APD",2014,116.73,25.3210412147505
"169","APD",2015,131.87,22.4268707482993
"170","APD",2016,133.3,46.1245674740484
"171","APH",2012,28.85,17.0710059171598
"172","APH",2013,38.49,19.6377551020408
"173","APH",2014,48.44,21.9185520361991
"174","APH",2015,55.13,22.2298387096774
"175","APH",2016,59.27,22.1985018726592
"176","ATVI",2012,11.86,11.7425742574257
"177","ATVI",2013,15.4,16.2105263157895
"178","ATVI",2014,20.63,18.2566371681416
"179","ATVI",2015,27.62,23.2100840336134
"180","ATVI",2016,37.9,29.609375
"181","AVB",2012,137.92,31.9259259259259
"182","AVB",2013,129.84,46.705035971223
"183","AVB",2014,142.56,27.362763915547
"184","AVB",2015,171.93,31.2032667876588
"185","AVB",2016,176.33,23.4481382978723
"186","AWK",2012,35.26,17.5422885572139
"187","AWK",2013,40.95,19.878640776699
"188","AWK",2014,47.78,20.331914893617
"189","AWK",2015,54.23,20.5416666666667
"190","AWK",2016,72.59,27.706106870229
"191","AXP",2012,56.01,14.3984575835476
"192","AXP",2013,72.86,14.9303278688525
"193","AXP",2014,89.79,16.1492805755396
"194","AXP",2015,77.96,15.4376237623762
"195","AXP",2016,63.79,11.2902654867257
"196","AZO",2012,370,15.7580919931857
"197","AZO",2013,415.17,14.9395465994962
"198","AZO",2014,534.71,16.9372822299652
"199","AZO",2015,696.88,19.3416597280044
"200","AZO",2016,768.86,18.8909090909091
"201","BA",2012,73.23,14.3307240704501
"202","BA",2013,103.11,17.3003355704698
"203","BA",2014,128.36,17.3929539295393
"204","BA",2015,143.51,19.2889784946237
"205","BA",2016,133.11,17.4914586070959
"206","BAC",2012,8.45,33.8
"207","BAC",2013,13.45,14.9444444444444
"208","BAC",2014,16.34,38.9047619047619
"209","BAC",2015,16.58,12.6564885496183
"210","BAC",2016,15.43,10.3557046979866
"211","BAX",2012,31.52,7.54066985645933
"212","BAX",2013,37.67,10.292349726776
"213","BAX",2014,39.26,8.60964912280702
"214","BAX",2015,37.42,21.2613636363636
"215","BAX",2016,43.9,4.87236403995561
"216","BBBY",2012,63.58,15.6600985221675
"217","BBBY",2013,69.97,15.344298245614
"218","BBBY",2014,65.69,13.713987473904
"219","BBBY",2015,66.57,13.1301775147929
"220","BBBY",2016,44.99,8.82156862745098
"221","BBT",2012,30.25,11.2037037037037
"222","BBT",2013,33.05,15.0913242009132
"223","BBT",2014,38,13.9705882352941
"224","BBT",2015,38.37,14.98828125
"225","BBT",2016,37.01,13.3610108303249
"226","BBY",2012,19.67,-5.85416666666667
"227","BBY",2013,29.47,NA
"228","BBY",2014,30.27,19.7843137254902
"229","BBY",2015,35.23,10.0945558739255
"230","BBY",2016,34.86,13.6171875
"231","BCR",2012,NA,NA
"232","BCR",2013,NA,NA
"233","BCR",2014,NA,NA
"234","BCR",2015,NA,NA
"235","BCR",2016,NA,NA
"236","BDX",2012,76.36,13.6601073345259
"237","BDX",2013,98.03,15.1047765793528
"238","BDX",2014,119.31,19.9181969949917
"239","BDX",2015,143.94,42.9671641791045
"240","BDX",2016,163.87,36.4966592427617
"241","BEN",2012,39.47,13.244966442953
"242","BEN",2013,50.06,14.8545994065282
"243","BEN",2014,54.96,14.5013192612137
"244","BEN",2015,46.6,14.1641337386018
"245","BEN",2016,36.13,12.2891156462585
"246","BF.A",2012,NA,NA
"247","BF.A",2013,NA,NA
"248","BF.A",2014,NA,NA
"249","BF.A",2015,NA,NA
"250","BF.A",2016,NA,NA
"251","BG",2012,65.44,344.421052631579
"252","BG",2013,75.56,48.7483870967742
"253","BG",2014,81.23,25.6246056782334
"254","BG",2015,80.44,15.8658777120316
"255","BG",2016,61.79,12.3333333333333
"256","BHI",2012,NA,NA
"257","BHI",2013,NA,NA
"258","BHI",2014,NA,NA
"259","BHI",2015,NA,NA
"260","BHI",2016,NA,NA
"261","BIIB",2012,136.52,23.7013888888889
"262","BIIB",2013,215.28,27.5646606914213
"263","BIIB",2014,317.98,25.7057396928052
"264","BIIB",2015,352.59,22.9850065189048
"265","BIIB",2016,280.2,16.5505020673361
"266","BK",2012,22.61,13.0693641618497
"267","BK",2013,29.91,17.2890173410405
"268","BK",2014,36.46,16.9581395348837
"269","BK",2015,41.31,15.2435424354244
"270","BK",2016,40.3,12.7936507936508
"271","BKE",2012,42.71,13.346875
"272","BKE",2013,49.22,14.3081395348837
"273","BKE",2014,46.66,13.76401179941
"274","BKE",2015,42.83,12.6715976331361
"275","BKE",2016,26.5,8.66013071895425
"276","BLK",2012,185.49,13.4510514865845
"277","BLK",2013,269.72,15.9881446354475
"278","BLK",2014,319.12,16.5776623376623
"279","BLK",2015,347.16,17.5421930267812
"280","BLK",2016,350.09,18.3870798319328
"281","BLL",2012,20.79,16.632
"282","BLL",2013,23.02,16.9264705882353
"283","BLL",2014,30.19,18.2969696969697
"284","BLL",2015,34.69,34.69
"285","BLL",2016,36.81,45.4444444444444
"286","BMRN",2012,39.14,-41.2
"287","BMRN",2013,63.43,-49.5546875
"288","BMRN",2014,70.75,-76.9021739130435
"289","BMRN",2015,117.05,-109.392523364486
"290","BMRN",2016,86.7,-22.755905511811
"291","BMY",2012,33.3,28.7068965517241
"292","BMY",2013,43.85,28.474025974026
"293","BMY",2014,52.21,43.5083333333333
"294","BMY",2015,64.52,69.3763440860215
"295","BMY",2016,63.19,23.8452830188679
"296","BRK.A",2012,NA,NA
"297","BRK.A",2013,NA,NA
"298","BRK.A",2014,NA,NA
"299","BRK.A",2015,NA,NA
"300","BRK.A",2016,NA,NA
"301","BSX",2012,5.7,-1.97231833910035
"302","BSX",2013,9.6,-106.666666666667
"303","BSX",2014,12.87,-143
"304","BSX",2015,17.19,-95.5
"305","BSX",2016,21.26,85.04
"306","BWA",2012,36.09,17.2679425837321
"307","BWA",2013,44.62,16.5259259259259
"308","BWA",2014,59.53,20.8146853146853
"309","BWA",2015,51.98,19.2518518518518
"310","BWA",2016,34.55,62.8181818181818
"311","BX",2012,14.3,34.8780487804878
"312","BX",2013,22.62,11.4242424242424
"313","BX",2014,32.24,12.4961240310078
"314","BX",2015,36.84,35.4230769230769
"315","BX",2016,26.34,16.8846153846154
"316","BXP",2012,106.17,55.296875
"317","BXP",2013,105.83,21.7757201646091
"318","BXP",2014,118.46,41.8586572438163
"319","BXP",2015,128.69,34.5940860215054
"320","BXP",2016,127.66,39.159509202454
"321","C",2012,32.18,13.1885245901639
"322","C",2013,48.26,11.1198156682028
"323","C",2014,50.19,22.8136363636364
"324","C",2015,53.28,9.86666666666667
"325","C",2016,46.39,9.82838983050848
"326","CA",2012,25.18,13.0466321243523
"327","CA",2013,28.33,13.752427184466
"328","CA",2014,29.96,14.8316831683168
"329","CA",2015,29.83,15.7
"330","CA",2016,31.44,17.3701657458564
"331","CAG",2012,20.63,18.4196428571429
"332","CAG",2013,26.23,14.1783783783784
"333","CAG",2014,25.06,35.8
"334","CAG",2015,30.81,-51.35
"335","CAG",2016,35.37,-22.5286624203822
"336","CAH",2012,41.21,13.4673202614379
"337","CAH",2013,50.63,52.1958762886598
"338","CAH",2014,72.39,21.4171597633136
"339","CAH",2015,85.7,23.6740331491713
"340","CAH",2016,78.53,18.1782407407407
"341","CAM",2012,NA,NA
"342","CAM",2013,NA,NA
"343","CAM",2014,NA,NA
"344","CAM",2015,NA,NA
"345","CAM",2016,66.01,NA
"346","CAT",2012,93.87,11.0695754716981
"347","CAT",2013,86.96,15.1234782608696
"348","CAT",2014,100.71,25.8230769230769
"349","CAT",2015,78.79,18.8492822966507
"350","CAT",2016,78.7,-715.454545454545
"351","CBG",2012,NA,NA
"352","CBG",2013,NA,NA
"353","CBG",2014,NA,NA
"354","CBG",2015,NA,NA
"355","CBG",2016,NA,NA
"356","CBS",2012,32.97,13.7949790794979
"357","CBS",2013,50.77,16.8671096345515
"358","CBS",2014,58.64,11.1271347248577
"359","CBS",2015,53.49,18.5086505190311
"360","CBS",2016,53.88,19.1743772241993
"361","CCE",2012,29,NA
"362","CCE",2013,38,NA
"363","CCE",2014,45.43,NA
"364","CCE",2015,46.93,NA
"365","CCE",2016,42.12,NA
"366","CCI",2012,58.68,91.6875
"367","CCI",2013,72.55,279.038461538461
"368","CCI",2014,76.47,73.5288461538461
"369","CCI",2015,83.68,18.9321266968326
"370","CCI",2016,89.9,94.6315789473684
"371","CCL",2012,34.07,20.4011976047904
"372","CCL",2013,35.51,26.1102941176471
"373","CCL",2014,39.28,25.1794871794872
"374","CCL",2015,48.77,21.5796460176991
"375","CCL",2016,48.43,13.0188172043011
"376","CE",2012,42.05,18.0472103004292
"377","CE",2013,49.61,7.1794500723589
"378","CE",2014,58.55,14.6375
"379","CE",2015,63.71,31.855
"380","CE",2016,68.06,11.0129449838188
"381","CELG",2012,36.54,22.1454545454545
"382","CELG",2013,65.31,38.875
"383","CELG",2014,87.88,36.7698744769874
"384","CELG",2015,118.41,61.0360824742268
"385","CELG",2016,106.52,42.7791164658634
"386","CERN",2012,37.38,33.0796460176991
"387","CERN",2013,49.07,43.424778761062
"388","CERN",2014,57.19,38.1266666666667
"389","CERN",2015,66.47,43.1623376623377
"390","CERN",2016,56.63,30.6108108108108
"391","CF",2012,38.57,6.75481611208406
"392","CF",2013,40.38,8.15757575757576
"393","CF",2014,50.3,9.28044280442804
"394","CF",2015,56.38,19.0472972972973
"395","CF",2016,28.36,-23.8319327731092
"396","CHD",2012,25.97,21.1138211382114
"397","CHD",2013,31,22.1428571428571
"398","CHD",2014,34.65,22.9470198675497
"399","CHD",2015,42.32,27.4805194805195
"400","CHD",2016,46.75,26.7142857142857
"401","CHRW",2012,61.17,16.6675749318801
"402","CHRW",2013,59.02,22.2716981132075
"403","CHRW",2014,62.92,20.6295081967213
"404","CHRW",2015,68.3,19.4586894586895
"405","CHRW",2016,71.08,19.7994428969359
"406","CHTR",2012,68.45,-20.3115727002967
"407","CHTR",2013,114.05,-62.6648351648352
"408","CHTR",2014,146.57,-77.9627659574468
"409","CHTR",2015,180.29,-67.2723880597015
"410","CHTR",2016,229.5,14.3977415307403
"411","CI",2012,46.62,8.31016042780749
"412","CI",2013,71.8,13.8610038610039
"413","CI",2014,90.14,11.5121328224776
"414","CI",2015,134.44,16.7213930348259
"415","CI",2016,132.64,18.4478442280946
"416","CIT",2012,NA,NA
"417","CIT",2013,NA,NA
"418","CIT",2014,NA,NA
"419","CIT",2015,NA,NA
"420","CIT",2016,NA,NA
"421","CL",2012,50.46,19.6342412451362
"422","CL",2013,59.62,25.0504201680672
"423","CL",2014,65.91,43.3618421052632
"424","CL",2015,67.18,44.1973684210526
"425","CL",2016,70.1,25.7720588235294
"426","CLR",2012,NA,NA
"427","CLR",2013,NA,NA
"428","CLR",2014,NA,NA
"429","CLR",2015,NA,NA
"430","CLR",2016,NA,NA
"431","CLX",2012,71.13,17.3911980440098
"432","CLX",2013,85.44,19.8697674418605
"433","CLX",2014,92,21.7494089834515
"434","CLX",2015,113.29,25.9244851258581
"435","CLX",2016,126.45,25.7012195121951
"436","CMCSA",2012,16,14.0350877192982
"437","CMCSA",2013,21.63,16.8984375
"438","CMCSA",2014,26.64,16.65
"439","CMCSA",2015,29.49,18.2037037037037
"440","CMCSA",2016,31.63,17.7696629213483
"441","CME",2012,54.22,20.0814814814815
"442","CME",2013,69.14,23.6780821917808
"443","CME",2014,76.52,22.8417910447761
"444","CME",2015,93.79,25.4173441734417
"445","CME",2016,100.36,22.1545253863135
"446","CMG",2012,347.69,39.736
"447","CMG",2013,397.13,37.9302769818529
"448","CMG",2014,601.37,42.5598018400566
"449","CMG",2015,659.13,43.6509933774834
"450","CMG",2016,428.56,556.571428571429
"451","CMI",2012,103.07,11.8881199538639
"452","CMI",2013,121.39,15.346396965866
"453","CMI",2014,144.01,15.9656319290466
"454","CMI",2015,125.23,15.9732142857143
"455","CMI",2016,116.46,14.1506682867558
"456","CNO",2012,8.11,9.7710843373494
"457","CNO",2013,13.22,6.41747572815534
"458","CNO",2014,17.36,72.3333333333333
"459","CNO",2015,18.07,13
"460","CNO",2016,17.42,8.66666666666667
"461","CNP",2012,20.05,20.6701030927835
"462","CNP",2013,23.21,32.2361111111111
"463","CNP",2014,24.06,16.943661971831
"464","CNP",2015,19.6,-12.1739130434783
"465","CNP",2016,21.95,21.95
"466","CNX",2012,27.22,16.0117647058824
"467","CNX",2013,27.77,9.67595818815331
"468","CNX",2014,33.18,47.4
"469","CNX",2015,17.1,-10.4268292682927
"470","CNX",2016,12.43,-3.35945945945946
"471","COF",2012,54.32,8.89034369885434
"472","COF",2013,63.51,9.21770682148041
"473","COF",2014,78.62,10.3583662714097
"474","COF",2015,79.87,11.2970297029703
"475","COF",2016,71.28,10.3454281567489
"476","COH",2012,NA,NA
"477","COH",2013,NA,NA
"478","COH",2014,NA,NA
"479","COH",2015,NA,NA
"480","COH",2016,NA,NA
"481","COL",2012,54.09,13.033734939759
"482","COL",2013,66.54,14.528384279476
"483","COL",2014,79.03,17.8800904977376
"484","COL",2015,90,17.5438596491228
"485","COL",2016,87.1,15.8076225045372
"486","COP",2012,56,8.33333333333333
"487","COP",2013,64.64,8.75880758807588
"488","COP",2014,74.19,13.464609800363
"489","COP",2015,58.14,-16.2402234636872
"490","COP",2016,42.48,-14.5979381443299
"491","COST",2012,92.06,23.6658097686375
"492","COST",2013,111.8,24.14686825054
"493","COST",2014,121.58,26.1462365591398
"494","COST",2015,147.84,27.5307262569832
"495","COST",2016,154.35,28.9587242026266
"496","CPB",2012,33.78,14.0165975103734
"497","CPB",2013,42.73,29.6736111111111
"498","CPB",2014,43.87,16.0109489051095
"499","CPB",2015,48.33,22.6901408450704
"500","CPB",2016,59.54,32.8950276243094
"501","CRM",2012,35.73,-1786.5
"502","CRM",2013,45.94,-95.7083333333333
"503","CRM",2014,57.25,-146.794871794872
"504","CRM",2015,70.66,-168.238095238095
"505","CRM",2016,74.55,-1065
"506","CSCO",2012,18.58,12.4697986577181
"507","CSCO",2013,22.64,12.1720430107527
"508","CSCO",2014,24.25,16.2751677852349
"509","CSCO",2015,27.85,15.9142857142857
"510","CSCO",2016,28.79,13.6445497630332
"511","CSX",2012,21.61,12.072625698324
"512","CSX",2013,24.8,13.551912568306
"513","CSX",2014,30.82,16.0520833333333
"514","CSX",2015,31.44,15.72
"515","CSX",2016,28.14,15.5469613259669
"516","CTL",2012,39.27,31.416
"517","CTL",2013,34.91,-87.275
"518","CTL",2014,36.52,26.8529411764706
"519","CTL",2015,31.4,19.873417721519
"520","CTL",2016,27.95,24.0948275862069
"521","CTSH",2012,33.59,19.5290697674419
"522","CTSH",2013,38.64,19.1287128712871
"523","CTSH",2014,48.92,20.8170212765957
"524","CTSH",2015,62.28,23.5018867924528
"525","CTSH",2016,57.25,22.4509803921569
"526","CTXS",2012,58.15,31.2634408602151
"527","CTXS",2013,52.94,29.4111111111111
"528","CTXS",2014,50.37,34.265306122449
"529","CTXS",2015,55.26,27.7688442211055
"530","CTXS",2016,64.98,19.0557184750733
"531","CVS",2012,45.45,15.0496688741722
"532","CVS",2013,58.55,15.6550802139037
"533","CVS",2014,78.39,19.7954545454545
"534","CVS",2015,101.65,21.9546436285097
"535","CVS",2016,93.05,18.9897959183673
"536","CVX",2012,107.55,8.07432432432432
"537","CVX",2013,120.23,10.8412984670875
"538","CVX",2014,120.51,11.8846153846154
"539","CVX",2015,96.36,39.330612244898
"540","CVX",2016,99.87,-369.888888888889
"541","CXO",2012,93.55,22.5421686746988
"542","CXO",2013,95.1,39.7907949790795
"543","CXO",2014,121.23,24.8422131147541
"544","CXO",2015,110.48,204.592592592593
"545","CXO",2016,117.89,-10.8654377880184
"546","D",2012,52.01,98.1320754716981
"547","D",2013,59.36,20.259385665529
"548","D",2014,69.98,31.2410714285714
"549","D",2015,70.93,22.165625
"550","D",2016,73.33,21.3168604651163
"551","DAL",2012,10.07,8.46218487394958
"552","DAL",2013,20,1.6273393002441
"553","DAL",2014,37.61,48.2179487179487
"554","DAL",2015,46.11,8.19005328596803
"555","DAL",2016,43.11,7.44559585492228
"556","DD",2012,NA,NA
"557","DD",2013,NA,NA
"558","DD",2014,NA,NA
"559","DD",2015,NA,NA
"560","DD",2016,NA,NA
"561","DE",2012,81.08,10.6264744429882
"562","DE",2013,86.08,9.46974697469747
"563","DE",2014,87.82,10.1761297798378
"564","DE",2015,86.22,14.9428076256499
"565","DE",2016,84.05,17.4740124740125
"566","DFS",2012,34.84,7.81165919282511
"567","DFS",2013,47.29,9.53427419354839
"568","DFS",2014,60.38,12.3224489795918
"569","DFS",2015,57.02,11.1150097465887
"570","DFS",2016,55.92,9.69150779896014
"571","DG",2012,47.64,21.4594594594595
"572","DG",2013,53.07,18.6210526315789
"573","DG",2014,60.11,18.9621451104101
"574","DG",2015,72.59,20.7994269340974
"575","DG",2016,79.99,20.2506329113924
"576","DGX",2012,59.02,17.0578034682081
"577","DGX",2013,59.08,10.6642599277978
"578","DGX",2014,59.29,15.5616797900262
"579","DGX",2015,70.62,14.5010266940452
"580","DGX",2016,78.45,17.3946784922395
"581","DHR",2012,40.27,11.985119047619
"582","DHR",2013,49.91,13.1342105263158
"583","DHR",2014,58.65,16.1570247933884
"584","DHR",2015,66.67,14.0654008438819
"585","DHR",2016,74.9,20.5205479452055
"586","DIS",2012,46.43,14.8338658146965
"587","DIS",2013,62.89,18.6065088757396
"588","DIS",2014,84.48,19.830985915493
"589","DIS",2015,107.84,22.0081632653061
"590","DIS",2016,97.46,17.0087260034904
"591","DISCA",2012,26.91,42.7142857142857
"592","DISCA",2013,40.43,27.1342281879195
"593","DISCA",2014,39.42,23.7469879518072
"594","DISCA",2015,30.69,19.4240506329114
"595","DISCA",2016,26.72,13.6326530612245
"596","DISH",2012,NA,NA
"597","DISH",2013,NA,NA
"598","DISH",2014,NA,NA
"599","DISH",2015,NA,NA
"600","DISH",2016,NA,NA
"601","DISH ",2012,NA,NA
"602","DISH ",2013,NA,NA
"603","DISH ",2014,NA,NA
"604","DISH ",2015,NA,NA
"605","DISH ",2016,NA,NA
"606","DLTR",2012,46.52,23.1442786069652
"607","DLTR",2013,50.74,18.9328358208955
"608","DLTR",2014,56.03,20.5992647058824
"609","DLTR",2015,74.97,25.851724137931
"610","DLTR",2016,83.54,66.3015873015873
"611","DOV",2012,49.42,11.2063492063492
"612","DOV",2013,67.09,11.6072664359862
"613","DOV",2014,81.89,17.8409586056645
"614","DOV",2015,67.55,12.3717948717949
"615","DOV",2016,67.55,20.7846153846154
"616","DOW",2012,NA,NA
"617","DOW",2013,NA,NA
"618","DOW",2014,NA,NA
"619","DOW",2015,NA,NA
"620","DOW",2016,NA,NA
"621","DPS",2012,42.08,14.2162162162162
"622","DPS",2013,46.34,15.1934426229508
"623","DPS",2014,59.35,16.6713483146067
"624","DPS",2015,80.23,20.2090680100756
"625","DPS",2016,91.36,20.1233480176211
"626","DTE",2012,57.75,16.2676056338028
"627","DTE",2013,67.31,17.9015957446809
"628","DTE",2014,75.86,14.8745098039216
"629","DTE",2015,80.57,19.8938271604938
"630","DTE",2016,91.56,18.9565217391304
"631","DUK",2012,NA,NA
"632","DUK",2013,NA,NA
"633","DUK",2014,NA,NA
"634","DUK",2015,NA,NA
"635","DUK",2016,NA,NA
"636","DVA",2012,47.34,17.2773722627737
"637","DVA",2013,59.11,20.0372881355932
"638","DVA",2014,71.18,21.3753753753754
"639","DVA",2015,77.4,61.92
"640","DVA",2016,68.99,16.0815850815851
"641","DVN",2012,61.66,-118.576923076923
"642","DVN",2013,57.58,-959.666666666667
"643","DVN",2014,67.49,17.2608695652174
"644","DVN",2015,53,-1.67087011349306
"645","DVN",2016,35.85,-17.1531100478469
"646","EBAY",2012,17.77,8.92964824120603
"647","EBAY",2013,22.5,10.3211009174312
"648","EBAY",2014,22.48,562
"649","EBAY",2015,25.85,18.2042253521127
"650","EBAY",2016,27.07,4.26299212598425
"651","ECL",2012,64.96,27.6425531914894
"652","ECL",2013,89.46,28.3101265822785
"653","ECL",2014,108.52,27.6132315521628
"654","ECL",2015,113.56,34.2048192771084
"655","ECL",2016,115.24,27.8357487922705
"656","EFX",2012,46.23,20.8243243243243
"657","EFX",2013,60.89,21.4401408450704
"658","EFX",2014,73.46,24.7340067340067
"659","EFX",2015,98.53,27.7549295774648
"660","EFX",2016,120.46,29.8168316831683
"661","EIX",2012,44.14,-78.8214285714286
"662","EIX",2013,47.99,17.2625899280576
"663","EIX",2014,56.34,11.521472392638
"664","EIX",2015,61.41,19.8096774193548
"665","EIX",2016,70.63,17.7909319899244
"666","EMC",2012,NA,NA
"667","EMC",2013,NA,NA
"668","EMC",2014,NA,NA
"669","EMC",2015,NA,NA
"670","EMC",2016,29.05,NA
"671","EMN",2012,53.25,18.1740614334471
"672","EMN",2013,73.98,9.94354838709677
"673","EMN",2014,82.84,16.6680080482897
"674","EMN",2015,73.27,12.9452296819788
"675","EMN",2016,69.62,12.1078260869565
"676","EMR",2012,49.4,18.501872659176
"677","EMR",2013,60.25,21.8297101449275
"678","EMR",2014,65.14,21.4983498349835
"679","EMR",2015,53.33,13.3659147869674
"680","EMR",2016,52.22,20.7222222222222
"681","EOG",2012,53.96,51.3904761904762
"682","EOG",2013,72.88,18.1293532338308
"683","EOG",2014,99.08,18.6240601503759
"684","EOG",2015,85.32,-10.291917973462
"685","EOG",2016,83.71,-42.2777777777778
"686","EPD",2012,25.65,19
"687","EPD",2013,30.04,21.3049645390071
"688","EPD",2014,36.6,24.8979591836735
"689","EPD",2015,29.94,23.7619047619048
"690","EPD",2016,25.98,21.65
"691","EQIX",2012,166.51,58.8374558303887
"692","EQIX",2013,192.43,101.814814814815
"693","EQIX",2014,202.27,-40.7802419354839
"694","EQIX",2015,262.35,81.7289719626168
"695","EQIX",2016,343.78,192.055865921788
"696","EQR",2012,59.3,21.962962962963
"697","EQR",2013,55.41,10.7383720930233
"698","EQR",2014,62.82,36.3121387283237
"699","EQR",2015,76.16,32.271186440678
"700","EQR",2016,67.88,5.81164383561644
"701","EQT",2012,53.57,43.9098360655738
"702","EQT",2013,77.64,30.2101167315175
"703","EQT",2014,96.27,37.9015748031496
"704","EQT",2015,75.09,134.089285714286
"705","EQT",2016,67.88,-25.0479704797048
"706","ESRX",2012,55.87,31.7443181818182
"707","ESRX",2013,61.67,27.4088888888889
"708","ESRX",2014,73.66,27.9015151515151
"709","ESRX",2015,86.02,24.1629213483146
"710","ESRX",2016,72.98,13.5398886827458
"711","ETP",2012,20.9,7.08474576271186
"712","ETP",2013,32.01,-266.75
"713","ETP",2014,44.77,37.9406779661017
"714","ETP",2015,36.11,-361.1
"715","ETP",2016,26.19,-18.9782608695652
"716","ETR",2012,67.59,14.1995798319328
"717","ETR",2013,65.62,16.4461152882206
"718","ETR",2014,74.26,14.2260536398467
"719","ETR",2015,72.95,-73.6868686868687
"720","ETR",2016,75.2,-23.0674846625767
"721","EXC",2012,36.7,25.8450704225352
"722","EXC",2013,31.04,15.52
"723","EXC",2014,33.56,17.8510638297872
"724","EXC",2015,32.02,12.6062992125984
"725","EXC",2016,33.67,27.5983606557377
"726","EXPE",2012,46.02,23.01
"727","EXPE",2013,58.84,35.2335329341317
"728","EXPE",2014,78.58,26.2809364548495
"729","EXPE",2015,108.78,19.0842105263158
"730","EXPE",2016,112.62,61.8791208791209
"731","EXR",2012,30.78,27
"732","EXR",2013,42.15,27.5490196078431
"733","EXR",2014,52.07,34.0326797385621
"734","EXR",2015,72.29,46.3397435897436
"735","EXR",2016,83.81,28.8006872852234
"736","F",2012,10.96,7.77304964539007
"737","F",2013,15.34,5.21768707482993
"738","F",2014,15.89,51.258064516129
"739","F",2015,15,8.15217391304348
"740","F",2016,12.63,10.9826086956522
"741","FAST",2012,45.1,31.7605633802817
"742","FAST",2013,48.6,32.1854304635762
"743","FAST",2014,46.68,28.1204819277108
"744","FAST",2015,41.05,23.1920903954802
"745","FAST",2016,43.91,25.3815028901734
"746","FB",2012,24.67,2467
"747","FB",2013,35.48,59.1333333333333
"748","FB",2014,68.76,62.5090909090909
"749","FB",2015,88.77,68.8139534883721
"750","FB",2016,117.04,33.5358166189112
"751","FDX",2012,89.74,14
"752","FDX",2013,110.13,12.880701754386
"753","FDX",2014,149.32,19.9625668449198
"754","FDX",2015,165.33,45.2958904109589
"755","FDX",2016,162.31,24.9324116743472
"756","FE",2012,45.02,24.4673913043478
"757","FE",2013,38.82,41.2978723404255
"758","FE",2014,33.78,47.5774647887324
"759","FE",2015,34.09,24.8832116788321
"760","FE",2016,33.37,-2.30296756383713
"761","FIS",2012,32.3,20.8387096774194
"762","FIS",2013,43.8,26.0714285714286
"763","FIS",2014,55.61,23.663829787234
"764","FIS",2015,65.55,29.9315068493151
"765","FIS",2016,71.3,41.453488372093
"766","FISV",2012,17.57,15.8288288288288
"767","FISV",2013,23.46,19.2295081967213
"768","FISV",2014,31.06,41.972972972973
"769","FISV",2015,42.19,28.1266666666667
"770","FISV",2016,50.71,24.3798076923077
"771","FITB",2012,14.14,8.51807228915663
"772","FITB",2013,18.02,8.92079207920792
"773","FITB",2014,20.82,12.5421686746988
"774","FITB",2015,19.82,9.86069651741294
"775","FITB",2016,19.43,10.0673575129534
"776","FLT",2012,40.8,16.1904761904762
"777","FLT",2013,90.08,26.8095238095238
"778","FLT",2014,130.31,30.7334905660377
"779","FLT",2015,151.29,39.2961038961039
"780","FLT",2016,149.09,31.3873684210526
"781","FNMA",2012,0.27,1.125
"782","FNMA",2013,1.4,-5.6
"783","FNMA",2014,3.42,-18
"784","FNMA",2015,2.39,-47.8
"785","FNMA",2016,2.01,201
"786","FOX",2012,19.49,41.468085106383
"787","FOX",2013,29.75,9.81848184818482
"788","FOX",2014,33.25,16.7085427135678
"789","FOX",2015,31.41,8.05384615384615
"790","FOX",2016,27.24,19.1830985915493
"791","GD",2012,67.36,-71.6595744680851
"792","GD",2013,79.52,11.9220389805097
"793","GD",2014,118.9,16.0242587601078
"794","GD",2015,140.96,15.5242290748899
"795","GD",2016,146.24,17.6405307599518
"796","GE",2012,20.23,15.6821705426357
"797","GE",2013,24.01,18.9055118110236
"798","GE",2014,25.99,17.3266666666667
"799","GE",2015,26.8,-43.2258064516129
"800","GE",2016,30.35,34.1011235955056
"801","GGP",2012,17.92,-34.4615384615385
"802","GGP",2013,20.44,65.9354838709677
"803","GGP",2014,23.63,34.2463768115942
"804","GGP",2015,27.7,19.3706293706294
"805","GGP",2016,27.79,20.7388059701493
"806","GILD",2012,28.26,17.2317073170732
"807","GILD",2013,56.06,30.9723756906077
"808","GILD",2014,89.58,12.1877551020408
"809","GILD",2015,106.53,8.94458438287154
"810","GILD",2016,83.58,8.40845070422535
"811","GIS",2012,39.32,16.731914893617
"812","GIS",2013,48.39,17.3440860215054
"813","GIS",2014,51.77,18.2932862190813
"814","GIS",2015,56.08,28.4670050761421
"815","GIS",2016,63.39,22.884476534296
"816","GLW",2012,12.87,11.8073394495413
"817","GLW",2013,14.63,10.9179104477612
"818","GLW",2014,20.32,11.7456647398844
"819","GLW",2015,20.28,20.28
"820","GLW",2016,21.18,6.55727554179567
"821","GM",2012,23.49,8.04452054794521
"822","GM",2013,33.51,14.0798319327731
"823","GM",2014,34.57,20.9515151515152
"824","GM",2015,34.32,5.80710659898477
"825","GM",2016,31.33,5.22166666666667
"826","GPC",2012,62.8,15.1690821256039
"827","GPC",2013,77.58,17.6318181818182
"828","GPC",2014,88.82,19.2668112798265
"829","GPC",2015,90.42,19.5291576673866
"830","GPC",2016,95.68,20.8453159041394
"831","GPS",2012,29.08,18.6410256410256
"832","GPS",2013,38.86,16.6781115879828
"833","GPS",2014,40.64,14.8321167883212
"834","GPS",2015,35.48,12.3623693379791
"835","GPS",2016,24.33,10.9103139013453
"836","GS",2012,110.76,7.83864118895966
"837","GS",2013,156.6,10.1293661060802
"838","GS",2014,173.4,10.1581722319859
"839","GS",2015,192.97,15.8953871499176
"840","GS",2016,169.11,10.3812154696133
"841","GWW",2012,200.9,21.1029411764706
"842","GWW",2013,247.3,22.2192273135669
"843","GWW",2014,249.22,21.7659388646288
"844","GWW",2015,227.56,19.6511226252159
"845","GWW",2016,221.42,22.4336372847011
"846","HAL",2012,33.22,11.6971830985915
"847","HAL",2013,45.11,19.114406779661
"848","HAL",2014,58.73,14.2895377128954
"849","HAL",2015,41.18,-52.126582278481
"850","HAL",2016,41.9,-6.26307922272048
"851","HCA",2012,27.96,8.01146131805158
"852","HCA",2013,40.21,11.9317507418398
"853","HCA",2014,59.87,14.3918269230769
"854","HCA",2015,77.62,15.5551102204409
"855","HCA",2016,75.12,10.2904109589041
"856","HCP",2012,39.11,20.5842105263158
"857","HCP",2013,40.85,19.1784037558685
"858","HCP",2014,37.48,18.74
"859","HCP",2015,36.1,-29.8347107438017
"860","HCP",2016,31.65,23.6194029850746
"861","HD",2012,53.56,21.6842105263158
"862","HD",2013,74.47,24.8233333333333
"863","HD",2014,85.43,22.7207446808511
"864","HD",2015,116.38,24.7091295116773
"865","HD",2016,129.82,23.7765567765568
"866","HES",2012,52.69,8.85546218487395
"867","HES",2013,72.59,4.89811066126856
"868","HES",2014,87.02,11.5564409030544
"869","HES",2015,63.95,-5.93228200371058
"870","HES",2016,52.68,-2.64457831325301
"871","HIG",2012,19.34,-107.444444444444
"872","HIG",2013,29.87,82.9722222222222
"873","HIG",2014,36.46,21.0751445086705
"874","HIG",2015,43.73,11.0429292929293
"875","HIG",2016,43.61,19.2114537444934
"876","HLT",2012,NA,NA
"877","HLT",2013,NA,NA
"878","HLT",2014,NA,NA
"879","HLT",2015,NA,NA
"880","HLT",2016,NA,NA
"881","HLT ",2012,NA,NA
"882","HLT ",2013,NA,NA
"883","HLT ",2014,NA,NA
"884","HLT ",2015,NA,NA
"885","HLT ",2016,NA,NA
"886","HOG",2012,45.97,16.9007352941176
"887","HOG",2013,58.05,17.6981707317073
"888","HOG",2014,66.26,17.0773195876289
"889","HOG",2015,56.35,15.2710027100271
"890","HOG",2016,49.65,12.9634464751958
"891","HON",2012,58.72,15.9132791327913
"892","HON",2013,78.84,16.0243902439024
"893","HON",2014,93.4,17.5234521575985
"894","HON",2015,101.7,16.8377483443709
"895","HON",2016,111.53,17.9887096774194
"896","HOT",2012,NA,NA
"897","HOT",2013,NA,NA
"898","HOT",2014,NA,NA
"899","HOT",2015,NA,NA
"900","HOT",2016,NA,NA
"901","HRL",2012,14.64,15.741935483871
"902","HRL",2013,20.4,21.0309278350515
"903","HRL",2014,24.51,21.8839285714286
"904","HRL",2015,30.34,23.8897637795276
"905","HRL",2016,38.04,23.1951219512195
"906","HSIC",2012,38,17.5925925925926
"907","HSIC",2013,49.59,20.1585365853659
"908","HSIC",2014,59.8,21.9852941176471
"909","HSIC",2015,71.77,25.1824561403509
"910","HSIC",2016,81.89,26.4161290322581
"911","HST",2012,15.61,195.125
"912","HST",2013,17.69,42.1190476190476
"913","HST",2014,21.51,22.40625
"914","HST",2015,19.42,26.2432432432432
"915","HST",2016,16.21,15.8921568627451
"916","HSY",2012,67.69,23.4221453287197
"917","HSY",2013,89.77,24.8670360110803
"918","HSY",2014,97.52,25.867374005305
"919","HSY",2015,94.75,40.8405172413793
"920","HSY",2016,96.91,29.0149700598802
"921","HUM",2012,77.77,10.4109772423025
"922","HUM",2013,85.25,11.0284605433376
"923","HUM",2014,121.8,16.5489130434783
"924","HUM",2015,176.33,20.8921800947867
"925","HUM",2016,178.86,43.9459459459459
"926","IBM",2012,196.59,13.6805845511482
"927","IBM",2013,194.15,12.9953145917001
"928","IBM",2014,182.3,15.3193277310924
"929","IBM",2015,155.35,11.5760059612519
"930","IBM",2016,150.51,12.1575121163166
"931","ICE",2012,26.15,17.4333333333333
"932","ICE",2013,35.17,54.953125
"933","ICE",2014,40.57,23.7251461988304
"934","ICE",2015,47.04,20.6315789473684
"935","ICE",2016,52.3,22.0675105485232
"936","IEP",2012,NA,NA
"937","IEP",2013,NA,NA
"938","IEP",2014,NA,NA
"939","IEP",2015,NA,NA
"940","IEP",2016,NA,NA
"941","ILMN",2012,46.26,40.9380530973451
"942","ILMN",2013,72.9,81
"943","ILMN",2014,164.57,69.4388185654008
"944","ILMN",2015,191.97,61.9258064516129
"945","ILMN",2016,151.54,49.3615635179153
"946","INCY",2012,NA,NA
"947","INCY",2013,NA,NA
"948","INCY",2014,NA,NA
"949","INCY",2015,NA,NA
"950","INCY",2016,NA,NA
"951","INCY ",2012,NA,NA
"952","INCY ",2013,NA,NA
"953","INCY ",2014,NA,NA
"954","INCY ",2015,NA,NA
"955","INCY ",2016,NA,NA
"956","INTC",2012,24.97,11.7230046948357
"957","INTC",2013,23.06,12.2010582010582
"958","INTC",2014,30.33,13.1298701298701
"959","INTC",2015,32.18,13.8111587982833
"960","INTC",2016,33.33,15.7216981132075
"961","INTU",2012,58.39,22.4576923076923
"962","INTU",2013,65.15,23.0212014134276
"963","INTU",2014,81.46,26.1089743589744
"964","INTU",2015,97.2,75.9375
"965","INTU",2016,106.33,28.8157181571816
"966","IP",2012,33.08,18.3777777777778
"967","IP",2013,45.11,14.5048231511254
"968","IP",2014,48.41,37.5271317829457
"969","IP",2015,48.03,21.5381165919283
"970","IP",2016,43.59,19.9954128440367
"971","IPG",2012,10.88,11.5744680851064
"972","IPG",2013,14.91,24.4426229508197
"973","IPG",2014,18.48,16.5
"974","IPG",2015,21.1,19.3577981651376
"975","IPG",2016,22.82,15.3154362416107
"976","ISRG",2012,172.93,32.4446529080675
"977","ISRG",2013,149.97,26.8763440860215
"978","ISRG",2014,147.55,39.8783783783784
"979","ISRG",2015,169.01,32.6274131274131
"980","ISRG",2016,212.1,33.9903846153846
"981","ITT",2012,21.13,15.8872180451128
"982","ITT",2013,32.15,6.07750472589792
"983","ITT",2014,44.09,22.1557788944724
"984","ITT",2015,38.83,10.0077319587629
"985","ITT",2016,35.45,17.1256038647343
"986","ITW",2012,56.78,9.36963696369637
"987","ITW",2013,70.46,18.8395721925134
"988","ITW",2014,86.17,11.8365384615385
"989","ITW",2015,92.4,18.0116959064327
"990","ITW",2016,108.68,19.0666666666667
"991","IVZ",2012,23.84,16
"992","IVZ",2013,31.43,14.9666666666667
"993","IVZ",2014,37.43,16.488986784141
"994","IVZ",2015,36.82,16.2920353982301
"995","IVZ",2016,29.67,14.4029126213592
"996","JBHT",2012,54.85,21.1776061776062
"997","JBHT",2013,72.33,25.2020905923345
"998","JBHT",2014,76.27,24.1360759493671
"999","JBHT",2015,81.2,22.1857923497268
"1000","JBHT",2016,82.27,21.5931758530184
"1001","JCI",2012,28.15,16.3662790697674
"1002","JCI",2013,35.56,20.7953216374269
"1003","JCI",2014,44.97,24.9833333333333
"1004","JCI",2015,40.5,17.1610169491525
"1005","JCI",2016,41.92,-32.2461538461538
"1006","JNJ",2012,66.95,17.3445595854922
"1007","JNJ",2013,85.76,17.8295218295218
"1008","JNJ",2014,100.82,17.6877192982456
"1009","JNJ",2015,99.76,18.2043795620438
"1010","JNJ",2016,113.61,19.1585160202361
"1011","JNPR",2012,18.99,54.2571428571429
"1012","JNPR",2013,19.87,23.1046511627907
"1013","JNPR",2014,23.88,-32.7123287671233
"1014","JNPR",2015,26.38,16.5911949685535
"1015","JNPR",2016,24.36,15.921568627451
"1016","JPM",2012,39.22,7.54230769230769
"1017","JPM",2013,51.88,11.9539170506912
"1018","JPM",2014,58.17,10.9962192816635
"1019","JPM",2015,63.83,10.6383333333333
"1020","JPM",2016,65.62,10.6009693053312
"1021","JWN",2012,53.36,16.9936305732484
"1022","JWN",2013,58.01,16.2949438202247
"1023","JWN",2014,66.92,18.0377358490566
"1024","JWN",2015,72.7,19.5430107526882
"1025","JWN",2016,49.27,15.6412698412698
"1026","K",2012,51.56,19.310861423221
"1027","K",2013,62.25,12.6012145748988
"1028","K",2014,63.86,36.4914285714286
"1029","K",2015,66.22,38.5
"1030","K",2016,76.42,38.9897959183673
"1031","KEY",2012,8.12,9.12359550561798
"1032","KEY",2013,11.12,11.4639175257732
"1033","KEY",2014,13.55,13.6868686868687
"1034","KEY",2015,13.95,13.2857142857143
"1035","KEY",2016,12.71,15.8875
"1036","KIM",2012,19.12,45.5238095238095
"1037","KIM",2013,21.52,50.046511627907
"1038","KIM",2014,22.87,25.6966292134831
"1039","KIM",2015,25.32,12.66
"1040","KIM",2016,28.17,35.6582278481013
"1041","KLAC",2012,49.14,11.0675675675676
"1042","KLAC",2013,57.45,17.8971962616822
"1043","KLAC",2014,70.17,20.2219020172911
"1044","KLAC",2015,59.41,26.5223214285714
"1045","KLAC",2016,71.86,16.0044543429844
"1046","KMB",2012,76.89,17.39592760181
"1047","KMB",2013,94.11,17.0180831826401
"1048","KMB",2014,106.26,26.3019801980198
"1049","KMB",2015,112.45,40.5956678700361
"1050","KMB",2016,126.59,21.1335559265442
"1051","KMI",2012,34.53,98.6571428571429
"1052","KMI",2013,37.14,32.295652173913
"1053","KMI",2014,36.2,40.6741573033708
"1054","KMI",2015,34.92,349.2
"1055","KMI",2016,19.15,76.6
"1056","KMX",2012,31.08,17.3631284916201
"1057","KMX",2013,45.8,24.4919786096257
"1058","KMX",2014,49.75,23.0324074074074
"1059","KMX",2015,64.01,23.4468864468864
"1060","KMX",2016,52.89,17.4554455445545
"1061","KO",2012,37.06,18.8121827411168
"1062","KO",2013,39.66,20.8736842105263
"1063","KO",2014,40.84,25.525
"1064","KO",2015,41.24,24.6946107784431
"1065","KO",2016,43.54,29.2214765100671
"1066","KR",2012,11.82,23.1764705882353
"1067","KR",2013,17.88,12.863309352518
"1068","KR",2014,24.41,16.8344827586207
"1069","KR",2015,36.99,21.5058139534884
"1070","KR",2016,35.08,17.0291262135922
"1071","KSS",2012,49.07,11.4116279069767
"1072","KSS",2013,50.59,12.1318944844125
"1073","KSS",2014,55.57,13.720987654321
"1074","KSS",2015,59.86,14.1179245283019
"1075","KSS",2016,44.46,12.849710982659
"1076","KSU",2012,73.46,21.4169096209913
"1077","KSU",2013,109.17,34.3301886792453
"1078","KSU",2014,110.12,24.2021978021978
"1079","KSU",2015,97.76,22.2181818181818
"1080","KSU",2016,88.09,19.8848758465011
"1081","L",2012,40.14,28.0699300699301
"1082","L",2013,45.51,29.7450980392157
"1083","L",2014,43.32,27.9483870967742
"1084","L",2015,38.94,54.0833333333333
"1085","L",2016,40.38,20.9222797927461
"1086","LB",2012,46.87,17.3592592592593
"1087","LB",2013,53.56,21.0866141732283
"1088","LB",2014,62.88,20.616393442623
"1089","LB",2015,89.86,25.6742857142857
"1090","LB",2016,75.97,18.0023696682464
"1091","LH",2012,88.33,14.7462437395659
"1092","LH",2013,95.83,15.3328
"1093","LH",2014,100.5,17.005076142132
"1094","LH",2015,120.34,27.664367816092
"1095","LH",2016,125.99,17.9472934472934
"1096","LLL",2012,69.94,8.70983810709838
"1097","LLL",2013,88.67,10.7609223300971
"1098","LLL",2014,115.97,15.3399470899471
"1099","LLL",2015,119.33,-40.1784511784512
"1100","LLL",2016,137.91,15.3063263041065
"1101","LLTC",2012,NA,NA
"1102","LLTC",2013,NA,NA
"1103","LLTC",2014,NA,NA
"1104","LLTC",2015,NA,NA
"1105","LLTC",2016,NA,NA
"1106","LLY",2012,43.56,11.9016393442623
"1107","LLY",2013,52.69,12.1967592592593
"1108","LLY",2014,61.65,27.6457399103139
"1109","LLY",2015,78.8,34.8672566371681
"1110","LLY",2016,76.38,-402
"1111","LMT",2012,88.75,10.616028708134
"1112","LMT",2013,112.86,12.3614457831325
"1113","LMT",2014,169.02,15.0776092774309
"1114","LMT",2015,202.71,17.6884816753927
"1115","LMT",2016,237.99,13.6072041166381
"1116","LNC",2012,NA,NA
"1117","LNC",2013,NA,NA
"1118","LNC",2014,NA,NA
"1119","LNC",2015,NA,NA
"1120","LNC",2016,NA,NA
"1121","LNG",2012,14.92,-8.15300546448087
"1122","LNG",2013,30.04,-12.948275862069
"1123","LNG",2014,64.06,-26.2540983606557
"1124","LNG",2015,64.04,-14.893023255814
"1125","LNG",2016,37.58,-14.0749063670412
"1126","LOW",2012,29.54,20.6573426573427
"1127","LOW",2013,43.1,25.5029585798817
"1128","LOW",2014,51.38,24.0093457943925
"1129","LOW",2015,71.5,26.3837638376384
"1130","LOW",2016,74.16,27.1648351648352
"1131","LRCX",2012,37.7,27.9259259259259
"1132","LRCX",2013,47.03,71.2575757575758
"1133","LRCX",2014,65.59,18.1187845303867
"1134","LRCX",2015,76.47,20.6675675675676
"1135","LRCX",2016,86.5,16.5708812260536
"1136","LTRPA",2012,NA,NA
"1137","LTRPA",2013,NA,NA
"1138","LTRPA",2014,29.73,-99.1
"1139","LTRPA",2015,29.09,-54.8867924528302
"1140","LTRPA",2016,21.06,75.2142857142857
"1141","LUV",2012,8.97,16.0178571428571
"1142","LUV",2013,14.14,13.4666666666667
"1143","LUV",2014,28.83,17.5792682926829
"1144","LUV",2015,40.97,12.5290519877676
"1145","LUV",2016,41.58,11.712676056338
"1146","LVS",2012,47.4,25.6216216216216
"1147","LVS",2013,59.75,21.415770609319
"1148","LVS",2014,71.23,20.2357954545455
"1149","LVS",2015,51.2,20.7287449392713
"1150","LVS",2016,50.6,24.0952380952381
"1151","LYB",2012,45.27,9.20121951219512
"1152","LYB",2013,67.84,10.0503703703704
"1153","LYB",2014,93.66,11.7221526908636
"1154","LYB",2015,91.47,9.53806047966632
"1155","LYB",2016,81,8.87185104052574
"1156","M",2012,37.84,12.958904109589
"1157","M",2013,45.46,14.0308641975309
"1158","M",2014,58.39,15.1269430051813
"1159","M",2015,59.41,14.0781990521327
"1160","M",2016,38.03,11.8105590062112
"1161","MA",2012,43.11,19.6849315068493
"1162","MA",2013,61.32,23.953125
"1163","MA",2014,77.55,25.0161290322581
"1164","MA",2015,92.66,27.6597014925373
"1165","MA",2016,95.88,25.9837398373984
"1166","MAC",2012,57.28,22.8207171314741
"1167","MAC",2013,61.16,20.3866666666667
"1168","MAC",2014,66.09,6.3244019138756
"1169","MAC",2015,81.5,26.461038961039
"1170","MAC",2016,78.14,22.1988636363636
"1171","MAR",2012,37.1,21.5697674418605
"1172","MAR",2013,42.19,21.095
"1173","MAR",2014,63.3,24.9212598425197
"1174","MAR",2015,75.77,24.0539682539683
"1175","MAR",2016,69.59,26.3598484848485
"1176","MAS",2012,12.11,-36.6969696969697
"1177","MAS",2013,17.76,22.2
"1178","MAS",2014,19.75,8.29831932773109
"1179","MAS",2015,25.16,24.6666666666667
"1180","MAS",2016,31.48,21.4149659863946
"1181","MAT",2012,33.75,15.2027027027027
"1182","MAT",2013,43.02,16.6744186046512
"1183","MAT",2014,36.11,24.9034482758621
"1184","MAT",2015,25.2,23.3333333333333
"1185","MAT",2016,31.31,34.0326086956522
"1186","MCD",2012,92.53,17.2630597014925
"1187","MCD",2013,97.26,17.5243243243243
"1188","MCD",2014,96.38,19.9958506224066
"1189","MCD",2015,100.28,20.8916666666667
"1190","MCD",2016,120.14,22.0845588235294
"1191","MCHP",2012,33.76,20.4606060606061
"1192","MCHP",2013,38.37,61.8870967741935
"1193","MCHP",2014,46.16,25.3626373626374
"1194","MCHP",2015,46.67,28.2848484848485
"1195","MCHP",2016,53.92,36.1879194630872
"1196","MCK",2012,88.69,15.865831842576
"1197","MCK",2013,123.47,22.087656529517
"1198","MCK",2014,187.26,34.6136783733826
"1199","MCK",2015,213.27,34.0143540669856
"1200","MCK",2016,167.78,17.2969072164948
"1201","MCO",2012,41,13.4426229508197
"1202","MCO",2013,62.77,17.4361111111111
"1203","MCO",2014,87.45,18.9696312364425
"1204","MCO",2015,102.78,22.1987041036717
"1205","MCO",2016,98.23,72.2279411764706
"1206","MDLZ",2012,35.93,20.7687861271676
"1207","MDLZ",2013,30.69,14.013698630137
"1208","MDLZ",2014,35.91,28.0546875
"1209","MDLZ",2015,40.86,9.2027027027027
"1210","MDLZ",2016,42.83,40.7904761904762
"1211","MET",2012,30.39,27.1339285714286
"1212","MET",2013,39.54,13.5876288659794
"1213","MET",2014,47.23,8.7140221402214
"1214","MET",2015,45.75,9.9025974025974
"1215","MET",2016,39.97,59.6567164179104
"1216","MGLN",2012,48.1,8.87453874538745
"1217","MGLN",2013,55.41,12.2317880794702
"1218","MGLN",2014,58.67,20.2310344827586
"1219","MGLN",2015,61.22,50.5950413223141
"1220","MGLN",2016,62.97,19.555900621118
"1221","MGM",2012,NA,NA
"1222","MGM",2013,NA,NA
"1223","MGM",2014,NA,NA
"1224","MGM",2015,NA,NA
"1225","MGM",2016,NA,NA
"1226","MGM ",2012,NA,NA
"1227","MGM ",2013,NA,NA
"1228","MGM ",2014,NA,NA
"1229","MGM ",2015,NA,NA
"1230","MGM ",2016,NA,NA
"1231","MHK",2012,71.9,19.9168975069252
"1232","MHK",2013,119.12,24.7136929460581
"1233","MHK",2014,139.87,19.2924137931034
"1234","MHK",2015,187.18,22.5246690734055
"1235","MHK",2016,192.84,15.4519230769231
"1236","MJN",2012,NA,NA
"1237","MJN",2013,NA,NA
"1238","MJN",2014,NA,NA
"1239","MJN",2015,NA,NA
"1240","MJN",2016,NA,NA
"1241","MKC",2012,57.99,19.0756578947368
"1242","MKC",2013,69.29,23.8109965635739
"1243","MKC",2014,69.79,20.8952095808383
"1244","MKC",2015,79.47,25.5530546623794
"1245","MKC",2016,95.61,25.9105691056911
"1246","MKL",2012,439.79,16.9868675164156
"1247","MKL",2013,519.29,23.1000889679715
"1248","MKL",2014,631.46,28.3547373147732
"1249","MKL",2015,805.25,19.2920459990417
"1250","MKL",2016,904.43,28.9232491205628
"1251","MMC",2012,33.1,15.5399061032864
"1252","MMC",2013,41.01,16.8765432098765
"1253","MMC",2014,51.19,19.3169811320755
"1254","MMC",2015,56.27,18.8825503355705
"1255","MMC",2016,63.63,18.8254437869822
"1256","MMM",2012,89.11,14.0996835443038
"1257","MMM",2013,113.73,16.9241071428571
"1258","MMM",2014,142.76,19.0600801068091
"1259","MMM",2015,156.38,20.6306068601583
"1260","MMM",2016,168.51,20.6507352941176
"1261","MNST",2012,19.77,31.8870967741935
"1262","MNST",2013,18.66,28.7076923076923
"1263","MNST",2014,26.79,29.1195652173913
"1264","MNST",2015,45.46,47.8526315789474
"1265","MNST",2016,47.66,40.0504201680672
"1266","MO",2012,32.3,15.6796116504854
"1267","MO",2013,35.49,15.7035398230089
"1268","MO",2014,42.11,16.44921875
"1269","MO",2015,53.86,20.1722846441948
"1270","MO",2016,63.88,8.77472527472528
"1271","MON",2012,83.05,21.9129287598945
"1272","MON",2013,104.02,22.6130434782609
"1273","MON",2014,115.39,22.1053639846743
"1274","MON",2015,106.72,22.1871101871102
"1275","MON",2016,99.28,33.2040133779264
"1276","MOS",2012,54.49,12.3280542986425
"1277","MOS",2013,53.01,11.9932126696833
"1278","MOS",2014,47.04,17.5522388059701
"1279","MOS",2015,41.75,15.0179856115108
"1280","MOS",2016,26.69,31.4
"1281","MPC",2012,23.33,4.71313131313131
"1282","MPC",2013,38.14,11.4879518072289
"1283","MPC",2014,43.62,9.93621867881549
"1284","MPC",2015,50.71,9.64068441064639
"1285","MPC",2016,40.19,18.1855203619909
"1286","MRK",2012,41.28,20.64
"1287","MRK",2013,46.4,31.5646258503401
"1288","MRK",2014,57.2,14.0540540540541
"1289","MRK",2015,56.62,36.2948717948718
"1290","MRK",2016,57.49,40.7730496453901
"1291","MRO",2012,29.28,13.1300448430493
"1292","MRO",2013,34.68,14.0404858299595
"1293","MRO",2014,35.53,7.96636771300448
"1294","MRO",2015,22.72,-6.96932515337423
"1295","MRO",2016,13.4,-5.13409961685824
"1296","MS",2012,16.59,-829.5
"1297","MS",2013,25.7,18.8970588235294
"1298","MS",2014,32.68,20.425
"1299","MS",2015,35.88,12.3724137931034
"1300","MS",2016,29.85,10.222602739726
"1301","MSFT",2012,29.82,14.91
"1302","MSFT",2013,32.49,12.593023255814
"1303","MSFT",2014,42.45,16.1406844106464
"1304","MSFT",2015,46.71,31.5608108108108
"1305","MSFT",2016,55.26,26.3142857142857
"1306","MSI",2012,49.6,16.7567567567568
"1307","MSI",2013,60.04,14.7881773399015
"1308","MSI",2014,64.44,12.1814744801512
"1309","MSI",2015,64.7,21.4238410596027
"1310","MSI",2016,72.6,22.4074074074074
"1311","MTB",2012,88.11,11.6856763925729
"1312","MTB",2013,109.06,13.3
"1313","MTB",2014,120.83,16.2843665768194
"1314","MTB",2015,122.81,17.1044568245125
"1315","MTB",2016,119.09,15.3071979434447
"1316","MU",2012,6.65,-6.39423076923077
"1317","MU",2013,13.4,11.858407079646
"1318","MU",2014,29.2,11.496062992126
"1319","MU",2015,22.33,9.04048582995951
"1320","MU",2016,14.16,-52.4444444444444
"1321","MXIM",2012,27.33,21.1860465116279
"1322","MXIM",2013,29.75,19.5723684210526
"1323","MXIM",2014,31.22,25.3821138211382
"1324","MXIM",2015,34.94,49.2112676056338
"1325","MXIM",2016,37.26,47.1645569620253
"1326","MYL",2012,23.32,15.3421052631579
"1327","MYL",2013,33.88,21.4430379746835
"1328","MYL",2014,50.02,21.3760683760684
"1329","MYL",2015,57.84,34.0235294117647
"1330","MYL",2016,43.5,47.2826086956522
"1331","NBL",2012,46.67,16.3181818181818
"1332","NBL",2013,62.07,23.0743494423792
"1333","NBL",2014,66.06,20.2018348623853
"1334","NBL",2015,40.72,-6.70840197693575
"1335","NBL",2016,34.54,-14.8879310344828
"1336","NEE",2012,65.8,14.4298245614035
"1337","NEE",2013,79.89,17.8724832214765
"1338","NEE",2014,96.44,17.2214285714286
"1339","NEE",2015,102.49,16.9125412541254
"1340","NEE",2016,119.56,19.1296
"1341","NEM",2012,51.28,14.2049861495845
"1342","NEM",2013,32.74,-6.43222003929273
"1343","NEM",2014,23.38,22.921568627451
"1344","NEM",2015,21.12,49.1162790697674
"1345","NEM",2016,33.08,-28.0338983050847
"1346","NFLX",2012,11.86,296.5
"1347","NFLX",2013,35.27,135.653846153846
"1348","NFLX",2014,57.5,92.741935483871
"1349","NFLX",2015,91.9,328.214285714286
"1350","NFLX",2016,102.03,237.279069767442
"1351","NKE",2012,25.23,21.3813559322034
"1352","NKE",2013,32.4,24
"1353","NKE",2014,40.43,27.1342281879195
"1354","NKE",2015,55.13,29.8
"1355","NKE",2016,56.25,26.0416666666667
"1356","NLSN",2012,28.76,38.3466666666667
"1357","NLSN",2013,35.76,18.4329896907216
"1358","NLSN",2014,45.28,45.28
"1359","NLSN",2015,45.62,29.6233766233766
"1360","NLSN",2016,50.09,36.0359712230216
"1361","NLY",2012,16.3,9.53216374269006
"1362","NLY",2013,13.05,3.48930481283422
"1363","NLY",2014,11.27,-11.7395833333333
"1364","NLY",2015,10.11,24.0714285714286
"1365","NLY",2016,10.37,7.46043165467626
"1366","NOC",2012,63.63,8.14724711907811
"1367","NOC",2013,86.34,10.340119760479
"1368","NOC",2014,125.78,12.9005128205128
"1369","NOC",2015,167.84,16.1539942252166
"1370","NOC",2016,212.32,17.4175553732568
"1371","NOV",2012,67.1,11.5094339622642
"1372","NOV",2013,66.06,12.1433823529412
"1373","NOV",2014,73.91,12.6993127147766
"1374","NOV",2015,45.81,-23.0201005025126
"1375","NOV",2016,33.19,-5.17784711388455
"1376","NOW",2012,31.2,-61.1764705882353
"1377","NOW",2013,42.35,-78.4259259259259
"1378","NOW",2014,59.89,-48.6910569105691
"1379","NOW",2015,77.06,-60.6771653543307
"1380","NOW",2016,71.87,-26.1345454545455
"1381","NSC",2012,68.49,12.7541899441341
"1382","NSC",2013,77.06,12.7582781456954
"1383","NSC",2014,101.76,15.924882629108
"1384","NSC",2015,92.62,18.1607843137255
"1385","NSC",2016,88.24,15.7010676156584
"1386","NTRS",2012,45.82,16.3060498220641
"1387","NTRS",2013,55.93,18.7056856187291
"1388","NTRS",2014,64.39,19.394578313253
"1389","NTRS",2015,72.07,18.062656641604
"1390","NTRS",2016,69.98,16.1990740740741
"1391","NUE",2012,40.22,25.4556962025316
"1392","NUE",2013,47.29,31.1118421052632
"1393","NUE",2014,51.59,24.4502369668246
"1394","NUE",2015,44.62,178.48
"1395","NUE",2016,49.13,19.8104838709677
"1396","NVDA",2012,13.51,14.3723404255319
"1397","NVDA",2013,14.19,15.7666666666667
"1398","NVDA",2014,18.55,25.0675675675676
"1399","NVDA",2015,23.72,21.1785714285714
"1400","NVDA",2016,53.76,49.7777777777778
"1401","NWL",2012,18.74,13.6788321167883
"1402","NWL",2013,26.74,16.4049079754601
"1403","NWL",2014,32.35,23.962962962963
"1404","NWL",2015,41.13,31.8837209302326
"1405","NWL",2016,46.59,37.272
"1406","O",2012,39.42,45.8372093023256
"1407","O",2013,43.29,40.8396226415094
"1408","O",2014,43.48,41.8076923076923
"1409","O",2015,48.66,44.6422018348624
"1410","O",2016,61.6,54.5132743362832
"1411","OKE",2012,38.13,22.2982456140351
"1412","OKE",2013,43.82,34.503937007874
"1413","OKE",2014,61.02,40.9530201342282
"1414","OKE",2015,39.04,33.6551724137931
"1415","OKE",2016,41.17,24.8012048192771
"1416","OMC",2012,49.3,13.6565096952909
"1417","OMC",2013,62.5,16.8463611859838
"1418","OMC",2014,71.85,16.9457547169811
"1419","OMC",2015,73.81,16.7369614512472
"1420","OMC",2016,81.6,17.071129707113
"1421","ORCL",2012,29.8,15.2040816326531
"1422","ORCL",2013,33.68,14.9026548672566
"1423","ORCL",2014,40.12,16.8571428571429
"1424","ORCL",2015,40.8,18.4615384615385
"1425","ORCL",2016,39.23,18.951690821256
"1426","ORLY",2012,NA,NA
"1427","ORLY",2013,NA,NA
"1428","ORLY",2014,NA,NA
"1429","ORLY",2015,NA,NA
"1430","ORLY",2016,NA,NA
"1431","OXY",2012,84.19,14.8483245149912
"1432","OXY",2013,85.43,11.6707650273224
"1433","OXY",2014,90.57,114.645569620253
"1434","OXY",2015,74.25,-7.25806451612903
"1435","OXY",2016,71.97,-95.96
"1436","PAA",2012,41.88,17.45
"1437","PAA",2013,53.47,19.0964285714286
"1438","PAA",2014,55.31,23.2394957983193
"1439","PAA",2015,40.13,52.1168831168831
"1440","PAA",2016,26.4,61.3953488372093
"1441","PAYX",2012,31.98,21.1788079470199
"1442","PAYX",2013,38.12,24.4358974358974
"1443","PAYX",2014,42.95,25.1169590643275
"1444","PAYX",2015,49.1,26.5405405405405
"1445","PAYX",2016,55.43,26.5215311004785
"1446","PCAR",2012,41.95,13.4455128205128
"1447","PCAR",2013,53.15,16.1060606060606
"1448","PCAR",2014,63.3,16.5706806282722
"1449","PCAR",2015,60.03,13.310421286031
"1450","PCAR",2016,55.79,37.6959459459459
"1451","PCG",2012,42.92,22.3541666666667
"1452","PCG",2013,43.26,23.6393442622951
"1453","PCG",2014,45.86,14.9869281045752
"1454","PCG",2015,52.84,29.5195530726257
"1455","PCG",2016,59.8,21.5107913669065
"1456","PCLN",2012,630.5,22.7946493130875
"1457","PCLN",2013,877.95,24.3132096372196
"1458","PCLN",2014,1197.96,26.2307860740092
"1459","PCLN",2015,1219.88,24.6689585439838
"1460","PCLN",2016,1346.71,31.5758499413834
"1461","PEG",2012,31.22,12.4382470119522
"1462","PEG",2013,33.05,13.4897959183673
"1463","PEG",2014,37.67,12.5986622073579
"1464","PEG",2015,41.03,12.4333333333333
"1465","PEG",2016,43.42,24.8114285714286
"1466","PEP",2012,68.35,17.4362244897959
"1467","PEP",2013,80.34,18.5972222222222
"1468","PEP",2014,88.78,20.7915690866511
"1469","PEP",2015,96.81,26.3787465940055
"1470","PEP",2016,103.67,23.7775229357798
"1471","PFE",2012,23.2,11.9587628865979
"1472","PFE",2013,28.98,9.0846394984326
"1473","PFE",2014,30.31,21.3450704225352
"1474","PFE",2015,33.7,30.3603603603604
"1475","PFE",2016,32.83,28.0598290598291
"1476","PFG",2012,26.9,10.4263565891473
"1477","PFG",2013,39.42,13.3627118644068
"1478","PFG",2014,49.3,13.5068493150685
"1479","PFG",2015,50.69,12.4852216748768
"1480","PFG",2016,45.92,10.2044444444444
"1481","PG",2012,66.16,18.0765027322404
"1482","PG",2013,78.59,20.360103626943
"1483","PG",2014,82.39,20.5461346633416
"1484","PG",2015,79.38,32.5327868852459
"1485","PG",2016,83.72,22.6883468834688
"1486","PGR",2012,21.2,14.3243243243243
"1487","PGR",2013,25.5,13.2124352331606
"1488","PGR",2014,25.03,11.6418604651163
"1489","PGR",2015,29.02,13.4976744186047
"1490","PGR",2016,32.68,18.5681818181818
"1491","PH",2012,82.52,11.0765100671141
"1492","PH",2013,101.69,16.2444089456869
"1493","PH",2014,121.3,17.6564774381368
"1494","PH",2015,112.85,16.1908177905308
"1495","PH",2016,116.3,19.7453310696095
"1496","PLD",2012,33.67,-187.055555555556
"1497","PLD",2013,38.99,60.921875
"1498","PLD",2014,40.52,32.6774193548387
"1499","PLD",2015,41.42,25.2560975609756
"1500","PLD",2016,47.76,21.0396475770925
"1501","PM",2012,86.52,16.7350096711799
"1502","PM",2013,89.41,16.9980988593156
"1503","PM",2014,84.37,17.7247899159664
"1504","PM",2015,83.16,18.8144796380091
"1505","PM",2016,96.13,21.4575892857143
"1506","PNC",2012,60.76,11.5075757575758
"1507","PNC",2013,70.63,9.59646739130435
"1508","PNC",2014,84.71,11.6041095890411
"1509","PNC",2015,92.97,12.5805142083897
"1510","PNC",2016,90.23,12.3602739726027
"1511","PPG",2012,53.08,17.5181518151815
"1512","PPG",2013,78.46,7.04941599281222
"1513","PPG",2014,99.99,13.2965425531915
"1514","PPG",2015,107.78,20.9688715953307
"1515","PPG",2016,102.05,31.1128048780488
"1516","PPL",2012,26.44,10.1692307692308
"1517","PPL",2013,28.45,16.1647727272727
"1518","PPL",2014,31.15,11.9348659003831
"1519","PPL",2015,32.1,31.7821782178218
"1520","PPL",2016,35.8,12.831541218638
"1521","PRU",2012,54.61,54.0693069306931
"1522","PRU",2013,71.8,-46.3225806451613
"1523","PRU",2014,86.38,26.7430340557276
"1524","PRU",2015,83.13,6.83073130649137
"1525","PRU",2016,79.24,8.16065911431514
"1526","PSX",2012,40.86,6.30555555555556
"1527","PSX",2013,62.18,10.328903654485
"1528","PSX",2014,78.9,9.47178871548619
"1529","PSX",2015,79.73,10.3143596377749
"1530","PSX",2016,80.94,27.7191780821918
"1531","PX",2012,108.13,19.2745098039216
"1532","PX",2013,117.44,20.0068143100511
"1533","PX",2014,129.6,22.6178010471204
"1534","PX",2015,116.46,21.7682242990654
"1535","PX",2016,113.84,21.8502879078695
"1536","PXD",2012,101.42,67.6133333333333
"1537","PXD",2013,154.85,-25.137987012987
"1538","PXD",2014,191.47,30.0109717868339
"1539","PXD",2015,143.35,-78.3333333333333
"1540","PXD",2016,158.87,-47.5658682634731
"1541","QCOM",2012,60.98,17.3732193732194
"1542","QCOM",2013,66.36,16.9718670076726
"1543","QCOM",2014,76.12,16.3698924731183
"1544","QCOM",2015,62.75,19.4875776397516
"1545","QCOM",2016,57.42,15.0708661417323
"1546","RAI",2012,NA,NA
"1547","RAI",2013,NA,NA
"1548","RAI",2014,NA,NA
"1549","RAI",2015,NA,NA
"1550","RAI",2016,NA,NA
"1551","RCL",2012,28.65,358.125
"1552","RCL",2013,37.47,17.5093457943925
"1553","RCL",2014,59.3,17.2886297376093
"1554","RCL",2015,84.67,28.0364238410596
"1555","RCL",2016,75.89,12.7976391231029
"1556","REGN",2012,130.83,19.3822222222222
"1557","REGN",2013,239.86,64.4784946236559
"1558","REGN",2014,333.67,111.969798657718
"1559","REGN",2015,498.73,90.3496376811594
"1560","REGN",2016,394.5,51.2337662337662
"1561","RF",2012,6.47,9.11267605633803
"1562","RF",2013,9.01,12.0133333333333
"1563","RF",2014,10.29,13.0253164556962
"1564","RF",2015,9.75,13
"1565","RF",2016,9.71,11.1609195402299
"1566","RHT",2012,53.05,70.7333333333333
"1567","RHT",2013,49.67,64.5064935064935
"1568","RHT",2014,56.84,61.1182795698925
"1569","RHT",2015,74.89,78.8315789473684
"1570","RHT",2016,74.3,69.4392523364486
"1571","RL",2012,156.83,21.9957924263675
"1572","RL",2013,172.42,21.5525
"1573","RL",2014,163.21,19.3606168446026
"1574","RL",2015,129.88,16.4822335025381
"1575","RL",2016,98.23,21.2619047619048
"1576","ROK",2012,74.81,14.5828460038986
"1577","ROK",2013,96.04,17.9179104477612
"1578","ROK",2014,117.23,19.8358714043993
"1579","ROK",2015,112.73,18.5106732348112
"1580","ROK",2016,115.28,20.7338129496403
"1581","ROP",2012,101.64,20.9135802469136
"1582","ROP",2013,125.47,23.364990689013
"1583","ROP",2014,144.11,22.5171875
"1584","ROP",2015,171.01,24.9649635036496
"1585","ROP",2016,175.22,27.2503888024883
"1586","ROST",2012,30.11,21.0559440559441
"1587","ROST",2013,33.28,18.9090909090909
"1588","ROST",2014,36.73,18.9329896907216
"1589","ROST",2015,50.5,22.8506787330317
"1590","ROST",2016,59.52,23.7131474103586
"1591","RSG",2012,28.24,18.2193548387097
"1592","RSG",2013,33.25,20.5246913580247
"1593","RSG",2014,36.62,23.9346405228758
"1594","RSG",2015,41.46,19.4647887323944
"1595","RSG",2016,49.59,27.8595505617978
"1596","RTN",2012,53.9,9.53982300884956
"1597","RTN",2013,69.44,11.2727272727273
"1598","RTN",2014,97.77,13.616991643454
"1599","RTN",2015,109.29,15.8162083936324
"1600","RTN",2016,133.74,17.7139072847682
"1601","S",2012,3.8,-2.63888888888889
"1602","S",2013,6.76,-12.5185185185185
"1603","S",2014,7.36,NA
"1604","S",2015,4.46,-5.24705882352941
"1605","S",2016,5.07,-10.14
"1606","SBAC",2012,NA,NA
"1607","SBAC",2013,NA,NA
"1608","SBAC",2014,NA,NA
"1609","SBAC",2015,NA,NA
"1610","SBAC",2016,NA,NA
"1611","SBAC ",2012,NA,NA
"1612","SBAC ",2013,NA,NA
"1613","SBAC ",2014,NA,NA
"1614","SBAC ",2015,NA,NA
"1615","SBAC ",2016,NA,NA
"1616","SBUX",2012,25.63,28.4777777777778
"1617","SBUX",2013,33.71,3371
"1618","SBUX",2014,37.77,27.9777777777778
"1619","SBUX",2015,53.25,29.2582417582418
"1620","SBUX",2016,56.59,29.7842105263158
"1621","SCHW",2012,13.2,19.1304347826087
"1622","SCHW",2013,20.22,25.9230769230769
"1623","SCHW",2014,27.29,28.7263157894737
"1624","SCHW",2015,31.1,30.1941747572816
"1625","SCHW",2016,29.99,22.8931297709924
"1626","SE",2012,NA,NA
"1627","SE",2013,NA,NA
"1628","SE",2014,NA,NA
"1629","SE",2015,NA,NA
"1630","SE",2016,NA,NA
"1631","SHW",2012,128.16,21.2890365448505
"1632","SHW",2013,176.35,24.2906336088154
"1633","SHW",2014,211.01,24.060433295325
"1634","SHW",2015,271.52,24.3515695067265
"1635","SHW",2016,277.94,23.1809841534612
"1636","SIRI",2012,2.34,4.58823529411765
"1637","SIRI",2013,3.48,58
"1638","SIRI",2014,3.43,42.875
"1639","SIRI",2015,3.88,43.1111111111111
"1640","SIRI",2016,4.05,27
"1641","SJM",2012,80.49,19.8251231527094
"1642","SJM",2013,102.31,20.462
"1643","SJM",2014,100.41,18.5258302583026
"1644","SJM",2015,114.05,34.2492492492492
"1645","SJM",2016,133.97,23.2586805555556
"1646","SLB",2012,71.16,17.3560975609756
"1647","SLB",2013,80.83,16.0059405940594
"1648","SLB",2014,98.72,23.7307692307692
"1649","SLB",2015,81.83,50.2024539877301
"1650","SLB",2016,77.14,-62.2096774193548
"1651","SLG",2012,77.06,44.2873563218391
"1652","SLG",2013,88.36,80.3272727272727
"1653","SLG",2014,106.43,20.3499043977055
"1654","SLG",2015,118.78,43.9925925925926
"1655","SLG",2016,103.63,44.2863247863248
"1656","SNDK",2012,NA,NA
"1657","SNDK",2013,NA,NA
"1658","SNDK",2014,NA,NA
"1659","SNDK",2015,NA,NA
"1660","SNDK",2016,NA,NA
"1661","SO",2012,NA,NA
"1662","SO",2013,NA,NA
"1663","SO",2014,NA,NA
"1664","SO",2015,NA,NA
"1665","SO",2016,NA,NA
"1666","SPG",2012,140.59,29.7860169491525
"1667","SPG",2013,150.09,35.3985849056604
"1668","SPG",2014,164.68,36.4336283185841
"1669","SPG",2015,188.61,32.0765306122449
"1670","SPG",2016,199.81,34.0391822827939
"1671","SRCL",2012,88.93,28.8733766233766
"1672","SRCL",2013,109.62,30.7921348314607
"1673","SRCL",2014,118.56,31.2823218997361
"1674","SRCL",2015,134.67,45.1912751677852
"1675","SRCL",2016,97.2,46.7307692307692
"1676","SRE",2012,64.72,18.5977011494253
"1677","SRE",2013,82.94,20.6832917705736
"1678","SRE",2014,101.17,21.8509719222462
"1679","SRE",2015,103.22,19.2216014897579
"1680","SRE",2016,103.32,18.9230769230769
"1681","STI",2012,24.58,6.84679665738162
"1682","STI",2013,31.97,13.2655601659751
"1683","STI",2014,38.75,11.9969040247678
"1684","STI",2015,41.76,11.6648044692737
"1685","STI",2016,42.47,11.7972222222222
"1686","STJ",2012,NA,NA
"1687","STJ",2013,NA,NA
"1688","STJ",2014,NA,NA
"1689","STJ",2015,NA,NA
"1690","STJ",2016,NA,NA
"1691","STT",2012,43.05,10.25
"1692","STT",2013,64.28,14.510158013544
"1693","STT",2014,70.32,15.523178807947
"1694","STT",2015,74.12,16.5816554809843
"1695","STT",2016,64.33,12.943661971831
"1696","STZ",2012,NA,NA
"1697","STZ",2013,NA,NA
"1698","STZ",2014,NA,NA
"1699","STZ",2015,NA,NA
"1700","STZ",2016,NA,NA
"1701","SWK",2012,70.83,13.3641509433962
"1702","SWK",2013,80.98,26.2071197411003
"1703","SWK",2014,86.84,18.2436974789916
"1704","SWK",2015,101.57,17.5423143350604
"1705","SWK",2016,112.17,17.2304147465438
"1706","SYK",2012,53.65,15.8259587020649
"1707","SYK",2013,67.89,25.8136882129278
"1708","SYK",2014,83.09,62.0074626865672
"1709","SYK",2015,95.69,25.3148148148148
"1710","SYK",2016,110.61,25.4275862068966
"1711","SYMC",2012,17.05,10.7232704402516
"1712","SYMC",2013,23.65,22.311320754717
"1713","SYMC",2014,22.86,17.859375
"1714","SYMC",2015,22.77,18.0714285714286
"1715","SYMC",2016,21.15,5.70080862533693
"1716","SYY",2012,29.84,15.7052631578947
"1717","SYY",2013,33.57,20.1017964071856
"1718","SYY",2014,37.2,23.5443037974684
"1719","SYY",2015,39,33.9130434782609
"1720","SYY",2016,48.76,29.7317073170732
"1721","T",2012,33.83,27.064
"1722","T",2013,35.43,10.359649122807
"1723","T",2014,34.58,27.8870967741935
"1724","T",2015,33.8,14.2616033755274
"1725","T",2016,39.28,18.7047619047619
"1726","TAP",2012,42.54,17.4344262295082
"1727","TAP",2013,50.02,16.2402597402597
"1728","TAP",2014,67,24.2753623188406
"1729","TAP",2015,78.11,36.8443396226415
"1730","TAP",2016,97.89,10.4807280513919
"1731","TDG",2012,125.88,21.0854271356784
"1732","TDG",2013,146.01,61.092050209205
"1733","TDG",2014,180.62,57.1582278481013
"1734","TDG",2015,222.32,28.3571428571429
"1735","TDG",2016,251.8,24.2348411934552
"1736","TGT",2012,58.94,13.7710280373832
"1737","TGT",2013,66.31,14.6703539823009
"1738","TGT",2014,61.58,20.0586319218241
"1739","TGT",2015,78.16,-30.2945736434108
"1740","TGT",2016,73.53,13.8474576271186
"1741","TIF",2012,61.61,18.1205882352941
"1742","TIF",2013,75.58,23.2553846153846
"1743","TIF",2014,95.42,67.6737588652482
"1744","TIF",2015,86.08,23.0777479892761
"1745","TIF",2016,69.32,19.3091922005571
"1746","TJX",2012,41.23,21.3626943005181
"1747","TJX",2013,52.14,20.4470588235294
"1748","TJX",2014,59.42,20.2108843537415
"1749","TJX",2015,68.99,21.9015873015873
"1750","TJX",2016,75.73,22.7417417417417
"1751","TMO",2012,56.2,17.5077881619938
"1752","TMO",2013,86.69,24.9109195402299
"1753","TMO",2014,119.96,25.4692144373673
"1754","TMO",2015,130.76,26.5772357723577
"1755","TMO",2016,145.92,28.6679764243615
"1756","TMUS",2012,18.04,-0.658394160583942
"1757","TMUS",2013,23.36,467.2
"1758","TMUS",2014,30.59,101.966666666667
"1759","TMUS",2015,36.45,44.4512195121951
"1760","TMUS",2016,44.29,26.207100591716
"1761","TRI",2012,28.47,11.9121338912134
"1762","TRI",2013,33.81,211.3125
"1763","TRI",2014,36.53,15.5446808510638
"1764","TRI",2015,39.82,24.8875
"1765","TRI",2016,40.5,9.80629539951574
"1766","TRIP",2012,36.37,26.5474452554745
"1767","TRIP",2013,64.49,45.7375886524823
"1768","TRIP",2014,90.03,58.0838709677419
"1769","TRIP",2015,79.07,58.1397058823529
"1770","TRIP",2016,62.56,76.2926829268293
"1771","TROW",2012,62.04,18.4642857142857
"1772","TROW",2013,74.83,19.1871794871795
"1773","TROW",2014,81.1,17.8241758241758
"1774","TROW",2015,77.57,16.7537796976242
"1775","TROW",2016,71.13,14.9747368421053
"1776","TRV",2012,64.25,10.1984126984127
"1777","TRV",2013,83.41,8.56365503080082
"1778","TRV",2014,92.47,8.64205607476636
"1779","TRV",2015,105.64,9.70955882352941
"1780","TRV",2016,113.43,11.034046692607
"1781","TSCO",2012,44.91,23.6368421052632
"1782","TSCO",2013,59.71,25.7370689655172
"1783","TSCO",2014,67.55,25.3947368421053
"1784","TSCO",2015,87.51,29.17
"1785","TSCO",2016,83.19,25.4403669724771
"1786","TSLA",2012,31.17,-8.44715447154472
"1787","TSLA",2013,104.4,-168.387096774194
"1788","TSLA",2014,223.33,-94.6313559322034
"1789","TSLA",2015,230.04,-33.1948051948052
"1790","TSLA",2016,209.77,-44.8226495726496
"1791","TSN",2012,17.95,11.3607594936709
"1792","TSN",2013,26.82,14.5760869565217
"1793","TSN",2014,39.2,16.5400843881857
"1794","TSN",2015,42.98,14.5694915254237
"1795","TSN",2016,66.09,14.5894039735099
"1796","TWC",2012,NA,NA
"1797","TWC",2013,NA,NA
"1798","TWC",2014,NA,NA
"1799","TWC",2015,NA,NA
"1800","TWC",2016,209.56,NA
"1801","TWX",2012,38.44,12.8133333333333
"1802","TWX",2013,58.03,14.8035714285714
"1803","TWX",2014,71.55,16.4861751152074
"1804","TWX",2015,79.15,17.1320346320346
"1805","TWX",2016,77.54,15.633064516129
"1806","TXN",2012,30.08,19.9205298013245
"1807","TXN",2013,37.61,19.6910994764398
"1808","TXN",2014,47.37,18.431906614786
"1809","TXN",2015,53.96,19.1347517730496
"1810","TXN",2016,63.1,18.132183908046
"1811","TXT",2012,25.29,12.645
"1812","TXT",2013,28.59,16.3371428571429
"1813","TXT",2014,38.56,18.1032863849765
"1814","TXT",2015,42.91,17.164
"1815","TXT",2016,39.05,11.0623229461756
"1816","UA",2012,NA,NA
"1817","UA",2013,NA,NA
"1818","UA",2014,NA,NA
"1819","UA",2015,NA,NA
"1820","UA",2016,NA,NA
"1821","UAL",2012,21.21,-9.72935779816514
"1822","UAL",2013,31.65,20.6862745098039
"1823","UAL",2014,47.51,16.2150170648464
"1824","UAL",2015,59.86,3.07447354904982
"1825","UAL",2016,53.02,7.74014598540146
"1826","UHS",2012,42.06,9.28476821192053
"1827","UHS",2013,68.41,13.3093385214008
"1828","UHS",2014,94.74,17.479704797048
"1829","UHS",2015,124.48,18.414201183432
"1830","UHS",2016,122.49,17.155462184874
"1831","UNH",2012,55.07,10.4299242424242
"1832","UNH",2013,65.29,11.8709090909091
"1833","UNH",2014,83.42,14.6350877192982
"1834","UNH",2015,116.54,19.3910149750416
"1835","UNH",2016,135.41,18.6772413793103
"1836","UNM",2012,NA,NA
"1837","UNM",2013,NA,NA
"1838","UNM",2014,NA,NA
"1839","UNM",2015,NA,NA
"1840","UNM",2016,NA,NA
"1841","UPS",2012,75.66,91.1566265060241
"1842","UPS",2013,88.64,19.2277657266811
"1843","UPS",2014,100.73,30.7103658536585
"1844","UPS",2015,100.7,18.8224299065421
"1845","UPS",2016,105.87,27.3565891472868
"1846","USB",2012,31.69,11.1584507042254
"1847","USB",2013,35.86,11.9533333333333
"1848","USB",2014,42.04,13.6493506493506
"1849","USB",2015,43.39,13.7310126582278
"1850","USB",2016,42.91,13.2438271604938
"1851","UTX",2012,78.54,14.6803738317757
"1852","UTX",2013,99.09,16.9674657534247
"1853","UTX",2014,112.07,16.602962962963
"1854","UTX",2015,107.14,12.4436701509872
"1855","UTX",2016,101.23,16.5408496732026
"1856","V",2012,31.41,39.7594936708861
"1857","V",2013,45.12,23.7473684210526
"1858","V",2014,55.46,25.6759259259259
"1859","V",2015,70.75,27.422480620155
"1860","V",2016,77.9,31.4112903225806
"1861","VFC",2012,36.92,15.1934156378601
"1862","VFC",2013,47.26,17.4391143911439
"1863","VFC",2014,63.88,21.1523178807947
"1864","VFC",2015,71.06,24.9333333333333
"1865","VFC",2016,60.22,23.7086614173228
"1866","VIA",2012,52.3,14.1734417344173
"1867","VIA",2013,72.55,14.9896694214876
"1868","VIA",2014,81.44,14.9981583793738
"1869","VIA",2015,58.95,12.4630021141649
"1870","VIA",2016,43.87,12.1523545706371
"1871","VLO",2012,24.58,6.55466666666667
"1872","VLO",2013,38.63,7.77263581488934
"1873","VLO",2014,51.29,7.48759124087591
"1874","VLO",2015,61.7,7.72215269086358
"1875","VLO",2016,58.7,11.8825910931174
"1876","VMW",2012,95.22,55.3604651162791
"1877","VMW",2013,79.66,34.042735042735
"1878","VMW",2014,94.41,46.2794117647059
"1879","VMW",2015,78.52,33.5555555555556
"1880","VMW",2016,63.9,22.9856115107914
"1881","VNO",2012,59.69,20.3027210884354
"1882","VNO",2013,62.39,29.8516746411483
"1883","VNO",2014,75.64,18.2265060240964
"1884","VNO",2015,81.66,22.7465181058496
"1885","VNO",2016,77.95,17.9608294930876
"1886","VRSK",2012,46.91,24.4322916666667
"1887","VRSK",2013,61.3,30.3465346534653
"1888","VRSK",2014,61.94,26.1350210970464
"1889","VRSK",2015,72.94,24.2325581395349
"1890","VRSK",2016,79.1,22.9275362318841
"1891","VRTX",2012,47.38,-94.76
"1892","VRTX",2013,68.03,-34.3585858585859
"1893","VRTX",2014,89.48,-28.4968152866242
"1894","VRTX",2015,123.79,-53.5887445887446
"1895","VRTX",2016,88.18,-191.695652173913
"1896","VTR",2012,69.47,56.479674796748
"1897","VTR",2013,76.86,49.9090909090909
"1898","VTR",2014,74,46.25
"1899","VTR",2015,70.86,56.688
"1900","VTR",2016,64.61,34.7365591397849
"1901","VZ",2012,42,135.483870967742
"1902","VZ",2013,48.66,12.165
"1903","VZ",2014,48.61,20.0867768595041
"1904","VZ",2015,47.17,10.7940503432494
"1905","VZ",2016,51.4,16.01246105919
"1906","WAT",2012,83.25,16.0404624277457
"1907","WAT",2013,97.92,18.8307692307692
"1908","WAT",2014,106.54,21.0138067061144
"1909","WAT",2015,126.07,22.3132743362832
"1910","WAT",2016,139.53,21.7675507020281
"1911","WBA",2012,33.94,14.0247933884298
"1912","WBA",2013,49.72,18.6217228464419
"1913","WBA",2014,66.31,33.155
"1914","WBA",2015,85.36,21.34
"1915","WBA",2016,81.21,21.2591623036649
"1916","WDAY",2012,51.2,-78.7692307692308
"1917","WDAY",2013,67.79,-41.8456790123457
"1918","WDAY",2014,86.34,-85.4851485148515
"1919","WDAY",2015,81.68,-60.5037037037037
"1920","WDAY",2016,76.69,-50.1241830065359
"1921","WDC",2012,37.38,5.68085106382979
"1922","WDC",2013,61.29,15.3994974874372
"1923","WDC",2014,93.7,14.0269461077844
"1924","WDC",2015,86.1,13.9320388349515
"1925","WDC",2016,50.43,50.43
"1926","WFC",2012,32.88,9.78571428571429
"1927","WFC",2013,40.19,10.3316195372751
"1928","WFC",2014,50.35,12.280487804878
"1929","WFC",2015,54.78,13.2961165048544
"1930","WFC",2016,48.96,12.2706766917293
"1931","WFM",2012,NA,NA
"1932","WFM",2013,NA,NA
"1933","WFM",2014,NA,NA
"1934","WFM",2015,NA,NA
"1935","WFM",2016,NA,NA
"1936","WHR",2012,74.37,14.697628458498
"1937","WHR",2013,128.04,12.50390625
"1938","WHR",2014,152.88,18.7123623011016
"1939","WHR",2015,178.5,18.1586978636826
"1940","WHR",2016,167.28,14.5460869565217
"1941","WM",2012,33.66,19.125
"1942","WM",2013,40.6,193.333333333333
"1943","WM",2014,45.02,16.1362007168459
"1944","WM",2015,51.6,31.2727272727273
"1945","WM",2016,62.03,23.4075471698113
"1946","WMB",2012,31.42,22.9343065693431
"1947","WMB",2013,35.48,57.2258064516129
"1948","WMB",2014,48.97,16.7705479452055
"1949","WMB",2015,45.62,-60.0263157894737
"1950","WMB",2016,23.53,-41.280701754386
"1951","WMT",2012,67.22,14.8716814159292
"1952","WMT",2013,75.32,15.003984063745
"1953","WMT",2014,77.33,15.8463114754098
"1954","WMT",2015,72.49,14.3544554455446
"1955","WMT",2016,69.55,15.218818380744
"1956","WU",2012,16.9,10
"1957","WU",2013,16.41,11.4755244755245
"1958","WU",2014,16.76,10.5408805031447
"1959","WU",2015,19.46,12.0123456790123
"1960","WU",2016,19.69,38.6078431372549
"1961","WY",2012,23.14,32.5915492957746
"1962","WY",2013,29.69,31.2526315789474
"1963","WY",2014,31.89,10.0283018867925
"1964","WY",2015,31.67,35.5842696629214
"1965","WY",2016,30.01,21.589928057554
"1966","WYN",2012,48.91,17.7854545454545
"1967","WYN",2013,62.12,19.3520249221184
"1968","WYN",2014,76.05,18.1937799043062
"1969","WYN",2015,82.65,16.079766536965
"1970","WYN",2016,70.77,12.7974683544304
"1971","XEC",2012,62.14,15.2678132678133
"1972","XEC",2013,80.32,12.4142194744977
"1973","XEC",2014,121.09,20.1816666666667
"1974","XEC",2015,111.12,-4.00432432432432
"1975","XEC",2016,115.07,-26.2716894977169
"1976","XEL",2012,27.42,14.8216216216216
"1977","XEL",2013,28.71,15.0314136125654
"1978","XEL",2014,31.28,15.4088669950739
"1979","XEL",2015,34.77,17.9226804123711
"1980","XEL",2016,40.8,18.4615384615385
"1981","XLNX",2012,34.19,17.5333333333333
"1982","XLNX",2013,41.47,23.1675977653631
"1983","XLNX",2014,46.15,21.0730593607306
"1984","XLNX",2015,43.88,18.6723404255319
"1985","XLNX",2016,49.45,24.1219512195122
"1986","XOM",2012,86.53,8.92061855670103
"1987","XOM",2013,90.51,12.280868385346
"1988","XOM",2014,97.27,12.7986842105263
"1989","XOM",2015,82.83,21.5142857142857
"1990","XOM",2016,86.22,45.8617021276596
"1991","XRX",2012,19.76,5.61363636363636
"1992","XRX",2013,24.95,6.8543956043956
"1993","XRX",2014,32.86,9.77976190476191
"1994","XRX",2015,30.14,19.0759493670886
"1995","XRX",2016,25.7,-13.1794871794872
"1996","YHOO",2012,NA,NA
"1997","YHOO",2013,NA,NA
"1998","YHOO",2014,NA,NA
"1999","YHOO",2015,NA,NA
"2000","YHOO",2016,NA,NA
"2001","YUM",2012,48.36,14.3076923076923
"2002","YUM",2013,50.18,21.2627118644068
"2003","YUM",2014,53.39,23.0129310344828
"2004","YUM",2015,57.69,19.8931034482759
"2005","YUM",2016,59.58,14.5317073170732
"2006","ZBH",2012,62.75,14.6270396270396
"2007","ZBH",2013,80.35,17.6982378854626
"2008","ZBH",2014,101.41,24.1452380952381
"2009","ZBH",2015,108.76,141.246753246753
"2010","ZBH",2016,113.64,75.2582781456954
