Companies;YearFinancialIndicator;ROA;TobinsQ;EnergyProductivity;CarbonProductivity;WaterProductivity;WasteProductivity;SustainabilityPayLink;SustainableThemedCommitment;AuditScore;Industry;FirmSize;Leverage;NetMargin;ROE
1;2014;0,05;1,03;0,04;0,11;0,00;0,08;0,10;0,00;0,05;5;10,03;0,52;0,07;0,09
1;2013;0,07;1,07;0,79;0,72;0,54;0,57;0,10;0,00;0,05;5;10,03;0,51;0,11;0,14
1;2015;0,05;1,54;0,06;0,11;0,01;0,09;0,10;0,00;0,05;5;9,87;0,40;0,10;0,10
2;2014;0,06;;0,01;0,03;0,00;0,00;0,10;0,05;0,00;6;10,64;0,90;0,05;0,27
2;2013;0,08;0,36;0,05;0,14;0,16;0,23;0,10;0,05;0,00;6;10,63;0,69;0,06;0,28
2;2015;0,06;;0,00;0,05;0,03;0,06;0,10;0,05;0,00;6;10,68;0,54;0,05;0,23
3;2015;0,19;1,63;0,00;0,06;0,00;0,00;0,00;0,00;0,00;1;9,91;0,41;0,23;0,43
3;2014;0,19;1,53;0,00;0,00;0,00;0,00;0,00;0,00;0,00;1;9,90;0,26;0,22;0,37
3;2013;0,18;1,42;0,00;0,00;0,00;0,00;0,00;0,00;0,00;1;9,75;0,13;0,21;0,29
4;2014;0,11;2,54;0,11;0,13;0,11;0,14;0,10;0,00;0,05;7;11,42;7,41;0,23;0,34
4;2013;0,06;2,18;0,92;0,96;0,96;0,94;0,00;0,00;0,00;7;11,35;6,06;0,09;0,44
4;2015;0,20;2,17;0,10;0,15;0,12;0,11;0,10;0,00;0,05;7;11,47;4,35;0,23;0,46
5;2014;0,01;;0,04;0,03;0,02;0,03;0,10;0,00;0,05;5;10,44;3,38;0,00;0,29
5;2013;0,00;;0,22;0,13;0,07;0,16;0,10;0,00;0,05;5;10,47;1,13;0,00;0,02
5;2015;0,05;;0,07;0,04;0,02;0,05;0,10;0,00;0,05;5;10,72;0,60;0,01;0,27
6;2015;0,10;0,96;0,00;0,06;0,00;0,00;0,00;0,00;0,00;5;10,49;0,28;0,22;0,20
6;2014;0,05;0,90;0,00;0,00;0,00;0,00;0,00;0,00;0,00;5;10,40;0,16;0,11;0,10
6;2013;0,06;0,92;0,00;0,00;0,00;0,00;0,00;0,00;0,00;5;10,30;0,13;0,12;0,11
7;2014;0,04;1,66;0,02;0,01;0,02;0,03;0,10;0,00;0,05;5;10,62;1,38;0,07;0,13
7;2013;0,04;1,23;0,12;0,08;0,15;0,35;0,10;0,00;0,05;5;10,63;1,30;0,07;0,12
7;2015;0,05;1,63;0,01;0,01;0,01;0,05;0,10;0,00;0,05;5;10,62;1,29;0,08;0,14
8;2015;0,06;1,71;0,05;0,04;0,09;0,01;0,10;0,05;0,05;6;9,30;0,27;0,13;0,09
8;2013;0,03;1,69;0,20;0,43;0,40;0,02;0,00;0,05;0,05;6;9,23;0,22;0,07;0,04
8;2014;0,03;1,70;0,01;0,03;0,07;0,03;0,10;0,05;0,05;6;9,27;0,13;0,06;0,04
9;2013;0,11;2,62;0,83;0,87;0,99;0,92;0,10;0,05;0,05;7;10,02;0,18;0,26;0,15
9;2014;0,09;3,20;0,13;0,09;0,12;0,09;0,10;0,05;0,05;7;10,03;0,18;0,22;0,13
9;2015;0,10;3,82;0,06;0,08;0,08;0,03;0,10;0,05;0,05;7;10,07;0,10;0,20;0,14
10;2015;0,05;2,31;0,09;0,09;0,07;0,05;0,00;0,05;0,05;7;9,85;0,32;0,03;0,10
10;2014;0,05;1,95;0,08;0,08;0,07;0,04;0,00;0,05;0,05;7;9,84;0,28;0,03;0,11
10;2013;0,03;1,77;0,55;0,48;0,59;0,30;0,00;0,05;0,05;7;9,80;0,27;0,01;0,07
11;2015;0,04;0,48;0,01;0,02;0,06;0,00;0,10;0,05;0,00;2;10,60;0,47;0,13;0,32
11;2014;0,04;0,64;0,02;0,01;0,07;0,00;0,10;0,05;0,00;2;10,64;0,28;0,12;0,23
11;2013;0,04;0,48;0,06;0,09;0,55;0,00;0,00;0,05;0,00;2;10,64;0,27;0,12;0,22
12;2013;0,04;0,97;0,47;0,38;0,61;0,00;0,00;0,05;0,00;7;10,58;2,85;0,11;0,72
12;2015;0,03;0,94;0,00;0,07;0,00;0,00;0,00;0,05;0,00;7;10,60;2,33;0,09;0,30
12;2014;0,03;0,86;0,00;0,07;0,00;0,00;0,00;0,05;0,00;7;10,64;1,67;0,10;0,38
13;2015;-0,05;0,76;0,00;0,05;0,00;0,00;0,00;0,00;0,00;7;10,35;0,86;0,09;-0,12
13;2013;0,06;1,03;0,00;0,00;0,00;0,00;0,00;0,00;0,00;7;10,12;0,35;0,11;0,12
13;2014;0,03;0,93;0,00;0,08;0,00;0,00;0,00;0,00;0,00;7;10,31;0,33;0,05;0,05
14;2015;0,03;2,40;0,14;0,14;0,00;0,05;0,10;0,05;0,05;7;9,72;1,06;0,10;0,09
14;2014;0,03;2,65;0,10;0,14;0,00;0,03;0,10;0,05;0,05;7;9,68;0,93;0,10;0,09
14;2013;0,01;1,88;0,63;0,94;0,30;0,62;0,00;0,00;0,05;7;9,64;0,86;0,05;0,05
15;2013;0,03;0,70;0,52;0,03;0,00;0,00;0,10;0,05;0,00;11;10,32;1,05;0,10;0,09
15;2015;0,03;0,74;0,07;0,01;0,01;0,00;0,10;0,05;0,00;11;10,37;0,99;0,12;0,12
15;2014;0,03;0,80;0,09;0,01;0,00;0,00;0,10;0,05;0,00;11;10,36;0,96;0,10;0,10
16;2013;0,04;0,73;0,02;0,02;0,03;0,00;0,10;0,05;0,00;11;10,75;0,56;0,04;0,15
16;2014;0,04;0,83;0,00;0,01;0,03;0,00;0,10;0,05;0,00;11;10,78;0,54;0,04;0,14
16;2015;0,04;0,80;0,00;0,01;0,02;0,00;0,10;0,05;0,00;11;10,79;0,49;0,04;0,15
17;2013;0,03;0,71;0,65;0,74;0,00;0,00;0,00;0,05;0,00;5;10,70;0,56;0,13;0,22
17;2014;0,02;0,80;0,00;0,08;0,00;0,00;0,00;0,05;0,05;5;10,73;0,54;0,13;0,17
17;2015;0,02;0,91;0,13;0,12;0,11;0,00;0,00;0,05;0,05;5;10,73;0,49;0,12;0,14
18;2013;0,03;0,34;0,85;0,63;0,00;0,00;0,00;0,05;0,05;4;11,08;0,34;0,13;0,21
18;2014;0,02;0,29;0,09;0,09;0,09;0,12;0,10;0,05;0,05;4;11,08;0,29;0,13;0,18
18;2015;0,02;0,26;0,06;0,07;0,06;0,10;0,10;0,05;0,05;4;11,07;0,28;0,12;0,14
19;2013;0,02;1,21;0,72;0,85;0,61;0,82;0,10;0,05;0,05;5;10,02;0,89;0,13;0,09
19;2015;0,00;;0,14;0,13;0,13;0,00;0,10;0,05;0,05;5;10,09;0,56;0,04;0,02
19;2014;0,01;;0,12;0,13;0,12;0,13;0,10;0,05;0,05;5;10,09;0,52;0,12;0,07
20;2013;0,10;;0,00;0,00;0,00;0,00;0,00;0,05;0,00;4;11,73;0,41;0,19;0,12
20;2014;0,09;;0,00;0,00;0,00;0,00;0,10;0,05;0,00;4;11,71;0,21;0,17;0,12
20;2015;0,08;;0,00;0,09;0,00;0,00;0,10;0,05;0,00;4;11,70;0,20;0,15;0,11
21;2014;0,03;2,72;0,01;0,07;0,00;0,15;0,10;0,05;0,05;7;9,60;0,21;0,08;0,13
21;2015;0,02;2,16;0,05;0,04;0,00;0,15;0,10;0,05;0,05;7;9,62;0,20;0,06;0,11
21;2013;0,02;2,59;0,03;0,12;0,00;0,68;0,00;0,05;0,05;7;9,47;0,00;0,07;0,11
22;2015;0,01;0,22;0,01;0,03;0,06;0,08;0,10;0,05;0,05;4;11,02;0,40;0,06;0,02
22;2014;0,17;0,26;0,01;0,03;0,05;0,12;0,10;0,05;0,05;4;11,04;0,25;0,29;0,22
22;2013;0,09;0,19;0,19;0,21;0,31;0,72;0,00;0,05;0,05;4;11,09;0,03;0,16;0,11
23;2015;0,10;3,40;0,00;0,06;0,00;0,00;0,00;0,00;0,00;5;10,12;0,44;0,14;0,17
23;2013;0,02;7,43;0,00;0,00;0,00;0,00;0,00;0,00;0,00;5;9,52;0,27;0,03;0,04
23;2014;0,08;8,25;0,00;0,00;0,00;0,00;0,00;0,00;0,00;5;9,62;0,25;0,12;0,14
24;2015;0,09;1,13;0,10;0,10;0,09;0,03;0,10;0,05;0,00;7;10,18;0,48;0,15;0,18
24;2014;0,09;1,88;0,08;0,08;0,09;0,02;0,10;0,05;0,00;7;10,12;0,44;0,15;0,17
24;2013;0,10;1,68;0,61;0,65;0,72;0,32;0,10;0,05;0,00;7;10,08;0,36;0,14;0,18
25;2014;0,06;2,10;0,00;0,00;0,00;0,00;0,00;0,00;0,00;6;9,81;0,72;0,18;0,18
25;2015;0,07;2,04;0,00;0,05;0,00;0,00;0,00;0,00;0,00;6;9,82;0,67;0,21;0,19
25;2013;0,06;2,31;0,00;0,00;0,00;0,00;0,00;0,00;0,00;6;9,77;0,65;0,16;0,17
26;2014;0,07;1,72;0,00;0,00;0,00;0,00;0,00;0,00;0,00;4;9,89;1,34;0,26;0,21
26;2013;0,09;1,96;0,00;0,00;0,00;0,00;0,00;0,00;0,00;4;9,80;1,34;0,27;0,24
26;2015;0,10;1,32;0,00;0,06;0,00;0,00;0,00;0,00;0,00;4;9,89;1,04;0,32;0,25
27;2013;0,01;1,46;0,64;0,51;0,52;0,43;0,00;0,05;0,05;5;10,82;1,34;0,12;0,16
27;2014;0,01;1,79;0,08;0,09;0,08;0,08;0,10;0,05;0,05;5;10,84;1,17;0,13;0,20
27;2015;0,01;1,70;0,06;0,07;0,06;0,07;0,10;0,05;0,05;5;10,85;1,04;0,13;0,20
28;2015;0,01;0,16;0,00;0,07;0,00;0,00;0,00;0,00;0,00;4;11,16;1,42;0,13;0,20
28;2014;0,01;0,19;0,00;0,00;0,00;0,00;0,00;0,00;0,00;4;11,17;1,22;0,13;0,20
28;2013;0,01;0,17;0,00;0,00;0,00;0,00;0,00;0,00;0,00;4;11,16;1,03;0,12;0,15
29;2013;0,03;1,55;0,00;0,00;0,00;0,00;0,00;0,00;0,00;4;10,31;4,08;0,16;0,15
29;2014;0,04;2,53;0,00;0,00;0,00;0,00;0,00;0,00;0,00;4;10,33;3,47;0,20;0,20
29;2015;0,03;2,17;0,00;0,04;0,00;0,00;0,00;0,00;0,00;4;10,43;2,57;0,12;0,09
30;2014;-0,01;2,74;0,00;0,00;0,00;0,00;0,00;0,00;0,00;1;10,74;1,05;0,00;-0,02
30;2015;0,01;5,02;0,00;0,06;0,00;0,00;0,00;0,00;0,00;1;10,82;0,93;0,01;0,05
30;2013;0,01;4,60;0,00;0,00;0,00;0,00;0,00;0,00;0,00;1;10,60;0,47;0,00;0,03
31;2014;0,06;0,72;0,00;0,00;0,00;0,00;0,00;0,05;0,00;3;10,22;0,96;0,02;0,19
31;2015;0,09;0,91;0,06;0,08;0,07;0,09;0,00;0,05;0,00;3;10,21;0,78;0,05;0,32
31;2013;0,03;0,64;0,00;0,00;0,00;0,00;0,00;0,05;0,00;3;10,13;0,66;0,01;0,10
32;2015;-0,72;0,93;0,00;0,04;0,00;0,00;0,10;0,00;0,05;3;10,28;3,54;-2,70;-1,62
32;2014;-0,08;0,57;0,09;0,04;0,01;0,00;0,10;0,00;0,05;3;10,75;0,45;-0,39;-0,18
32;2013;0,04;0,68;0,49;0,18;0,06;0,00;0,00;0,00;0,05;3;10,79;0,30;0,14;0,07
33;2015;-0,13;0,85;0,00;0,04;0,00;0,00;0,10;0,05;0,05;3;10,67;1,23;-0,77;-0,45
33;2014;-0,03;0,93;0,10;0,03;0,05;0,00;0,10;0,05;0,05;3;10,79;0,77;-0,09;-0,09
33;2013;0,01;0,93;0,58;0,10;0,61;0,00;0,00;0,05;0,05;3;10,75;0,60;0,05;0,04
34;2013;0,06;1,49;0,07;0,17;0,23;0,92;0,10;0,05;0,05;8;10,25;0,69;0,10;0,15
34;2014;0,06;1,88;0,01;0,02;0,07;0,13;0,10;0,05;0,05;8;10,25;0,65;0,10;0,14
34;2015;0,08;1,77;0,01;0,02;0,08;0,12;0,10;0,05;0,05;8;10,24;0,53;0,14;0,18
35;2014;0,11;;0,00;0,00;0,00;0,00;0,00;0,00;0,00;7;9,85;0,92;0,13;0,24
35;2015;0,11;;0,00;0,06;0,00;0,00;0,00;0,00;0,00;7;9,87;0,87;0,14;0,25
35;2013;0,11;;0,00;0,00;0,00;0,00;0,00;0,00;0,00;7;9,79;0,50;0,14;0,24
36;2013;0,07;0,95;0,00;0,00;0,00;0,00;0,00;0,00;0,00;7;10,15;0,70;0,22;0,09
36;2014;0,06;1,03;0,00;0,00;0,00;0,00;0,00;0,00;0,00;7;10,17;0,60;0,19;0,12
36;2015;0,06;2,08;0,00;0,02;0,00;0,00;0,00;0,00;0,00;7;10,18;0,51;0,19;0,11
37;2014;0,04;1,73;0,09;0,05;0,02;0,00;0,10;0,00;0,00;4;10,21;0,72;0,41;0,08
37;2013;0,02;1,41;0,00;0,00;0,00;0,00;0,00;0,00;0,00;4;10,19;0,71;0,24;0,04
37;2015;0,04;1,87;0,06;0,06;0,01;0,04;0,10;0,00;0,00;4;10,23;0,66;0,40;0,08
38;2015;0,03;1,01;0,00;0,03;0,00;0,00;0,10;0,00;0,00;11;10,24;1,16;0,15;0,09
38;2014;0,03;0,98;0,08;0,06;0,15;0,11;0,10;0,00;0,00;11;10,21;1,11;0,14;0,09
38;2013;0,02;0,89;0,62;0,62;0,00;0,00;0,10;0,05;0,00;11;10,18;1,10;0,13;0,08
39;2013;0,04;0,66;0,58;0,63;0,30;0,07;0,00;0,00;0,00;4;11,19;2,84;0,16;0,28
39;2014;0,04;0,62;0,07;0,10;0,06;0,08;0,10;0,05;0,00;4;11,20;2,80;0,17;0,29
39;2015;0,03;0,39;0,11;0,13;0,10;0,01;0,10;0,05;0,00;4;11,21;2,32;0,16;0,24
40;2013;0,15;2,92;0,00;0,00;0,00;0,00;0,00;0,00;0,00;1;9,85;-2,43;0,11;-0,64
40;2014;0,15;3,06;0,00;0,00;0,00;0,00;0,00;0,00;0,00;1;9,89;-2,66;0,11;-0,64
40;2015;0,15;3,36;0,00;0,07;0,00;0,00;0,00;0,00;0,00;1;9,91;-2,67;0,11;-0,71
41;2015;0,05;0,92;0,08;0,08;0,12;0,10;0,10;0,05;0,05;6;10,98;1,38;0,05;0,76
41;2014;0,06;0,87;0,07;0,11;0,12;0,10;0,10;0,05;0,05;6;11,00;0,94;0,06;0,42
41;2013;0,05;1,04;0,69;0,78;0,84;0,00;0,00;0,05;0,05;6;10,97;0,54;0,05;0,47
42;2013;0,01;0,19;0,12;0,20;0,05;0,04;0,10;0,05;0,05;4;12,32;1,14;0,11;0,05
42;2014;0,00;0,11;0,02;0,03;0,02;0,01;0,10;0,05;0,05;4;12,32;1,08;0,05;0,02
42;2015;0,01;0,18;0,03;0,04;0,02;0,02;0,10;0,05;0,05;4;12,33;1,01;0,17;0,06
43;2013;0,08;;0,10;0,18;0,05;0,16;0,10;0,05;0,05;5;10,41;0,96;0,13;0,26
43;2014;0,10;;0,01;0,04;0,01;0,05;0,10;0,05;0,05;5;10,41;0,94;0,15;0,30
43;2015;0,05;;0,00;0,02;0,00;0,01;0,10;0,05;0,05;5;10,32;0,44;0,09;0,15
44;2015;0,13;1,23;0,00;0,07;0,00;0,00;0,00;0,00;0,00;1;9,84;0,58;0,07;0,33
44;2013;0,17;2,20;0,00;0,00;0,00;0,00;0,00;0,00;0,00;1;9,82;0,55;0,09;0,26
44;2014;0,14;1,70;0,00;0,00;0,00;0,00;0,00;0,00;0,00;1;9,87;0,47;0,08;0,28
45;2013;0,01;0,33;0,00;0,00;0,00;0,00;0,00;0,00;0,00;4;11,26;1,07;0,16;0,08
45;2014;0,01;0,33;0,00;0,00;0,00;0,00;0,00;0,00;0,00;4;11,27;1,07;0,22;0,09
45;2015;0,01;0,30;0,00;0,03;0,00;0,00;0,00;0,00;0,00;4;11,32;0,96;0,20;0,08
46;2013;-0,02;0,80;0,68;0,60;0,00;0,72;0,00;0,05;0,05;1;10,18;0,43;-0,02;-0,11
46;2014;0,07;0,54;0,13;0,07;0,08;0,08;0,10;0,05;0,05;1;10,20;0,35;0,02;0,23
46;2015;0,06;0,70;0,13;0,11;0,09;0,06;0,10;0,05;0,05;1;10,18;0,27;0,02;0,20
47;2015;0,03;;0,00;0,07;0,00;0,00;0,00;0,00;0,00;5;9,69;0,79;0,04;0,08
47;2014;0,06;;0,00;0,00;0,00;0,00;0,00;0,00;0,00;5;9,71;0,78;0,09;0,16
47;2013;0,16;;0,00;0,00;0,00;0,00;0,00;0,00;0,00;5;9,70;0,67;0,22;0,38
48;2014;0,08;1,45;0,02;0,04;0,03;0,01;0,10;0,05;0,00;5;10,27;1,96;0,14;0,22
48;2015;0,03;1,63;0,03;0,04;0,03;0,03;0,10;0,05;0,00;5;10,42;1,50;0,06;0,10
48;2013;0,08;1,77;0,10;0,14;0,06;0,31;0,00;0,00;0,00;5;10,08;0,74;0,11;0,19
49;2013;0,15;1,83;0,65;0,48;0,00;0,00;0,00;0,00;0,00;4;10,20;0,23;0,27;0,22
49;2014;0,14;1,57;0,00;0,08;0,00;0,00;0,10;0,00;0,00;4;10,21;0,19;0,28;0,21
49;2015;0,12;0,78;0,00;0,09;0,00;0,00;0,10;0,00;0,00;4;10,21;0,18;0,25;0,16
50;2015;0,16;5,35;0,09;0,10;0,14;0,00;0,10;0,05;0,05;2;9,64;0,88;0,17;0,39
50;2013;0,16;3,83;0,31;0,60;0,44;0,00;0,10;0,05;0,05;2;9,59;0,54;0,16;0,37
50;2014;0,16;4,43;0,06;0,09;0,13;0,00;0,10;0,05;0,05;2;9,63;0,48;0,17;0,33
51;2013;0,01;0,40;0,21;0,36;0,41;0,47;0,00;0,00;0,00;2;10,43;0,92;0,00;0,02
51;2015;0,04;0,55;0,03;0,07;0,07;0,05;0,00;0,05;0,00;2;10,25;0,51;0,02;0,11
51;2014;0,02;0,58;0,05;0,07;0,05;0,06;0,00;0,05;0,00;2;10,33;0,37;0,01;0,06
52;2015;-0,08;;0,10;0,09;0,06;0,02;0,10;0,05;0,05;3;10,38;0,24;-0,02;-0,11
52;2013;0,04;;0,75;0,75;0,61;0,14;0,10;0,05;0,05;3;10,45;0,22;0,05;0,06
52;2014;0,06;;0,07;0,10;0,00;0,00;0,10;0,05;0,05;3;10,46;0,21;0,07;0,09
53;2015;0,20;3,29;0,13;0,14;0,11;0,14;0,00;0,05;0,05;5;10,29;0,70;0,33;0,32
53;2013;0,17;5,06;0,69;0,83;0,85;0,97;0,10;0,00;0,05;5;10,07;0,13;0,27;0,23
53;2014;0,22;5,00;0,14;0,14;0,13;0,11;0,10;0,05;0,05;5;10,16;0,05;0,30;0,29
54;2015;0,01;-0,10;0,02;0,02;0,05;0,03;0,10;0,05;0,05;4;11,60;0,62;0,20;0,09
54;2014;0,01;-0,07;0,01;0,02;0,05;0,06;0,10;0,05;0,05;4;11,59;0,59;0,16;0,07
54;2013;0,01;-0,17;0,15;0,26;0,41;0,40;0,10;0,05;0,05;4;11,57;0,57;0,14;0,06
55;2013;0,28;;0,00;0,00;0,00;0,00;0,00;0,00;0,00;3;8,74;0,00;0,14;0,40
55;2014;0,27;;0,00;0,00;0,00;0,00;0,00;0,00;0,00;3;8,79;0,00;0,13;0,40
55;2015;0,28;;0,00;0,00;0,00;0,00;0,00;0,00;0,00;3;8,77;0,00;0,14;0,39
56;2013;0,01;0,26;0,75;0,71;0,00;0,00;0,10;0,00;0,00;4;11,34;0,19;0,29;0,11
56;2014;0,01;0,26;0,00;0,09;0,00;0,00;0,10;0,00;0,00;4;11,38;0,18;0,30;0,12
56;2015;0,01;0,25;0,11;0,09;0,00;0,00;0,10;0,00;0,05;4;11,35;0,17;0,29;0,12
57;2015;0,04;1,57;0,09;0,08;0,11;0,13;0,10;0,05;0,05;8;9,99;4,04;0,04;0,26
57;2014;0,06;1,59;0,07;0,05;0,08;0,09;0,10;0,05;0,05;8;9,88;2,90;0,05;0,41
57;2013;0,06;1,28;0,70;0,75;0,76;0,83;0,10;0,05;0,05;8;9,89;2,65;0,05;0,37
58;2013;-0,09;4,36;0,00;0,00;0,00;0,00;0,00;0,00;0,00;5;9,35;0,49;-0,32;-0,15
58;2014;-0,06;5,24;0,00;0,00;0,00;0,00;0,00;0,00;0,05;5;9,39;0,43;-0,18;-0,09
58;2015;-0,06;4,54;0,00;0,02;0,00;0,00;0,00;0,00;0,05;5;9,57;0,28;-0,19;-0,09
59;2013;0,07;2,30;0,18;0,34;0,49;0,28;0,10;0,05;0,05;5;10,59;0,63;0,16;0,18
59;2014;0,06;2,92;0,02;0,06;0,08;0,06;0,10;0,05;0,05;5;10,53;0,49;0,13;0,13
59;2015;0,05;3,73;0,02;0,07;0,09;0,08;0,10;0,05;0,05;5;10,50;0,46;0,09;0,10
60;2013;0,04;0,69;0,00;0,00;0,00;0,00;0,00;0,00;0,00;4;11,69;0,02;0,11;0,09
60;2014;0,04;0,75;0,00;0,00;0,00;0,00;0,00;0,00;0,00;4;11,72;0,01;0,10;0,08
60;2015;0,04;0,63;0,00;0,06;0,00;0,00;0,00;0,00;0,00;4;11,74;0,01;0,11;0,10
61;2015;-0,01;1,63;0,08;0,07;0,09;0,12;0,10;0,05;0,05;5;10,26;0,90;-0,03;-0,04
61;2013;-0,01;1,14;0,00;0,27;0,44;0,49;0,00;0,05;0,00;5;10,22;0,65;-0,02;-0,02
61;2014;-0,01;1,21;0,06;0,07;0,09;0,10;0,10;0,05;0,05;5;10,23;0,60;-0,02;-0,02
62;2015;0,08;1,23;0,00;0,09;0,00;0,00;0,00;0,00;0,00;1;9,95;0,60;0,08;0,17
62;2013;0,09;1,82;0,00;0,00;0,00;0,00;0,00;0,00;0,00;1;9,84;0,29;0,08;0,19
62;2014;0,09;1,71;0,00;0,00;0,00;0,00;0,00;0,00;0,00;1;9,86;0,20;0,08;0,18
63;2013;0,04;0,84;0,00;0,00;0,00;0,00;0,00;0,00;0,00;4;10,47;1,05;0,18;0,13
63;2014;0,05;0,79;0,00;0,00;0,00;0,00;0,00;0,00;0,00;4;10,50;0,78;0,21;0,15
63;2015;0,03;1,17;0,00;0,00;0,00;0,00;0,00;0,00;0,00;4;10,35;0,63;0,15;0,07
64;2013;0,04;1,23;0,00;0,00;0,00;0,00;0,00;0,00;0,00;4;10,30;2,05;0,35;0,14
64;2014;0,02;1,41;0,00;0,00;0,00;0,00;0,00;0,00;0,00;4;10,30;1,83;0,18;0,08
64;2015;0,03;1,49;0,00;0,08;0,00;0,00;0,00;0,00;0,00;4;10,26;1,64;0,23;0,10
65;2013;0,01;0,15;0,23;0,26;0,14;0,10;0,10;0,05;0,05;4;12,27;1,11;0,17;0,07
65;2014;0,00;0,17;0,05;0,04;0,03;0,01;0,10;0,05;0,05;4;12,27;1,11;0,09;0,03
65;2015;0,01;0,16;0,05;0,06;0,03;0,02;0,10;0,05;0,05;4;12,24;0,98;0,22;0,08
66;2015;0,07;1,20;0,06;0,03;0,09;0,07;0,10;0,00;0,05;7;10,04;0,37;0,19;0,14
66;2013;0,09;1,32;0,34;0,49;0,58;0,34;0,10;0,05;0,05;7;10,07;0,22;0,23;0,19
66;2014;0,07;1,25;0,05;0,03;0,08;0,13;0,10;0,00;0,05;7;10,04;0,22;0,19;0,14
67;2015;-0,10;1,27;0,02;0,04;0,02;0,00;0,10;0,05;0,05;2;10,20;1,86;-0,02;-0,44
67;2013;0,03;0,89;0,16;0,24;0,22;0,39;0,10;0,05;0,05;2;10,32;1,60;0,04;0,13
67;2014;0,02;0,98;0,02;0,04;0,02;0,00;0,10;0,05;0,05;2;10,29;1,38;0,02;0,07
68;2015;0,04;0,94;0,05;0,07;0,06;0,10;0,10;0,00;0,05;5;10,53;0,77;0,01;0,21
68;2014;0,04;1,00;0,10;0,06;0,00;0,10;0,10;0,00;0,05;5;10,44;0,61;0,01;0,17
68;2013;0,01;0,91;0,76;0,70;0,82;0,65;0,10;0,00;0,05;5;10,40;0,56;0,00;0,06
69;2014;0,06;;0,00;0,00;0,00;0,00;0,00;0,00;0,00;3;10,11;0,62;0,08;0,17
69;2015;0,04;;0,00;0,07;0,00;0,00;0,00;0,00;0,00;3;10,06;0,56;0,06;0,11
69;2013;0,05;;0,00;0,00;0,00;0,00;0,00;0,00;0,00;3;10,15;0,44;0,07;0,11
70;2015;0,03;0,73;0,04;0,04;0,05;0,06;0,00;0,05;0,00;6;10,89;1,71;0,04;0,13
70;2014;0,04;0,85;0,04;0,05;0,07;0,11;0,00;0,05;0,00;6;10,93;1,66;0,07;0,19
70;2013;0,04;0,87;0,37;0,35;0,44;0,70;0,00;0,05;0,00;6;10,93;1,29;0,07;0,20
71;2013;0,05;;0,76;0,72;0,00;0,00;0,00;0,05;0,05;4;9,84;1,29;0,04;0,18
71;2014;0,07;;0,13;0,12;0,00;0,00;0,10;0,00;0,05;4;9,88;1,08;0,05;0,23
71;2015;0,06;;0,10;0,13;0,00;0,00;0,10;0,00;0,05;4;10,04;0,98;0,05;0,22
72;2015;0,06;1,17;0,00;0,03;0,00;0,00;0,10;0,00;0,00;1;10,38;1,48;0,10;0,24
72;2014;0,12;1,38;0,00;0,00;0,00;0,00;0,10;0,00;0,00;1;10,38;0,93;0,21;0,37
72;2013;0,07;1,62;0,00;0,00;0,00;0,00;0,10;0,00;0,00;1;10,42;0,60;0,12;0,19
73;2015;0,08;1,93;0,13;0,13;0,11;0,12;0,10;0,05;0,05;2;10,21;2,32;0,08;0,39
73;2014;0,07;1,64;0,12;0,14;0,12;0,11;0,10;0,05;0,05;2;10,21;1,63;0,08;0,26
73;2013;0,07;1,55;0,59;0,84;0,60;0,91;0,10;0,05;0,05;2;10,21;1,05;0,08;0,24
74;2014;0,02;1,79;0,00;0,00;0,00;0,00;0,00;0,00;0,00;4;10,33;1,76;0,09;0,05
74;2015;0,07;1,86;0,00;0,07;0,00;0,00;0,00;0,00;0,00;4;10,34;1,71;0,40;0,21
74;2013;0,01;1,74;0,00;0,00;0,00;0,00;0,00;0,00;0,00;4;10,31;1,66;0,03;0,02
75;2013;0,03;1,20;0,05;0,05;0,48;0,07;0,00;0,05;0,05;1;10,60;0,33;0,07;0,05
75;2015;0,05;1,30;0,00;0,02;0,00;0,00;0,10;0,05;0,05;1;10,59;0,31;0,11;0,07
75;2014;0,03;1,19;0,01;0,01;0,06;0,01;0,10;0,05;0,05;1;10,60;0,30;0,08;0,05
76;2013;0,12;1,10;0,00;0,00;0,00;0,00;0,00;0,05;0,00;8;9,96;1,07;0,17;0,50
76;2015;0,03;1,29;0,00;0,04;0,00;0,00;0,00;0,05;0,00;8;9,93;1,04;0,05;0,12
76;2014;0,07;1,18;0,00;0,00;0,00;0,00;0,00;0,05;0,00;8;9,94;0,93;0,09;0,23
77;2015;0,07;3,74;0,14;0,02;0,15;0,00;0,10;0,00;0,05;5;10,43;2,41;0,17;0,26
77;2014;0,13;5,09;0,00;0,02;0,11;0,00;0,10;0,00;0,05;5;10,24;0,96;0,26;0,37
77;2013;0,12;5,07;0,74;0,76;0,75;0,00;0,00;0,00;0,05;5;10,13;0,75;0,22;0,26
78;2015;0,10;;0,00;0,00;0,00;0,00;0,00;0,00;0,00;5;9,74;0,15;0,12;0,14
78;2013;0,10;4,03;0,00;0,00;0,00;0,00;0,00;0,00;0,00;5;9,61;0,04;0,14;0,13
78;2014;0,10;;0,00;0,00;0,00;0,00;0,00;0,00;0,00;5;9,64;0,03;0,13;0,13
79;2015;0,06;1,19;0,00;0,03;0,00;0,00;0,00;0,00;0,00;8;10,11;1,39;0,16;0,17
79;2014;0,12;1,44;0,00;0,00;0,00;0,00;0,00;0,00;0,00;8;10,05;1,09;0,29;0,31
79;2013;0,15;1,34;0,00;0,10;0,00;0,00;0,00;0,00;0,00;8;10,03;0,61;0,27;0,28
80;2015;0,10;2,75;0,00;0,09;0,00;0,00;0,00;0,00;0,00;2;9,63;0,34;0,12;0,21
80;2014;0,10;2,54;0,05;0,00;0,07;0,03;0,00;0,00;0,00;2;9,64;0,33;0,13;0,20
80;2013;0,10;2,21;0,30;0,17;0,23;0,11;0,00;0,00;0,00;2;9,63;0,28;0,12;0,18
81;2013;0,15;3,16;0,00;0,00;0,00;0,00;0,00;0,00;0,00;6;9,45;0,53;0,03;0,34
81;2014;0,15;3,40;0,00;0,10;0,00;0,00;0,00;0,05;0,00;6;9,51;0,48;0,03;0,45
81;2015;0,16;2,86;0,00;0,01;0,00;0,00;0,00;0,05;0,00;6;9,50;0,43;0,04;0,46
82;2014;-0,01;1,60;0,00;0,00;0,00;0,00;0,00;0,00;0,00;1;10,39;143,99;-0,02;-1,23
82;2013;-0,01;1,65;0,00;0,00;0,00;0,00;0,00;0,00;0,00;1;10,24;93,91;-0,02;-1,13
82;2015;-0,01;1,42;0,00;0,02;0,00;0,00;0,00;0,00;0,00;1;10,59;-776,59;-0,03;-5,42
83;2013;0,03;0,58;0,00;0,86;0,00;0,00;0,00;0,00;0,00;5;10,74;0,47;0,05;0,15
83;2014;0,04;0,64;0,06;0,10;0,00;0,00;0,10;0,00;0,00;5;10,75;0,46;0,06;0,19
83;2015;0,04;0,80;0,07;0,10;0,10;0,00;0,10;0,00;0,00;5;10,76;0,42;0,06;0,18
84;2013;0,01;;0,00;0,00;0,00;0,00;0,00;0,00;0,00;4;10,67;2,46;0,29;0,08
84;2014;0,02;;0,00;0,00;0,00;0,00;0,00;0,00;0,00;4;10,68;2,04;0,31;0,13
84;2015;0,02;;0,00;0,07;0,00;0,00;0,00;0,00;0,00;4;10,83;1,69;0,27;0,11
85;2014;0,11;5,01;0,08;0,09;0,07;0,09;0,10;0,05;0,05;2;10,13;4,93;0,09;1,26
85;2013;0,16;4,60;0,34;0,38;0,35;0,37;0,10;0,05;0,05;2;10,14;4,93;0,13;1,00
85;2015;0,19;5,44;0,09;0,07;0,07;0,08;0,10;0,05;0,05;2;10,08;2,25;0,14;3,27
86;2015;-0,02;1,06;0,00;0,02;0,00;0,00;0,00;0,00;0,00;3;10,17;1,52;-0,13;-0,07
86;2014;0,07;1,37;0,00;0,00;0,00;0,00;0,00;0,00;0,00;3;10,18;1,21;0,20;0,22
86;2013;0,07;2,17;0,00;0,00;0,00;0,00;0,00;0,00;0,00;3;10,08;1,19;0,22;0,21
87;2013;0,13;3,17;0,32;0,33;0,34;0,49;0,10;0,05;0,05;2;9,64;13,91;0,10;4,80
87;2015;0,16;4,33;0,07;0,06;0,07;0,12;0,10;0,05;0,05;2;9,62;9,07;0,12;4,26
87;2014;0,12;3,27;0,07;0,08;0,06;0,13;0,10;0,05;0,05;2;9,67;6,39;0,09;3,72
88;2015;0,05;1,16;0,00;0,03;0,00;0,00;0,00;0,00;0,00;1;11,22;0,94;0,11;0,16
88;2013;0,04;1,09;0,00;0,00;0,00;0,00;0,00;0,00;0,00;1;11,20;0,88;0,11;0,14
88;2014;0,05;1,15;0,00;0,00;0,00;0,00;0,00;0,00;0,00;1;11,20;0,84;0,12;0,16
89;2015;0,02;0,47;0,00;0,07;0,00;0,00;0,00;0,00;0,00;4;10,83;0,11;0,37;0,06
89;2014;0,02;0,43;0,00;0,00;0,00;0,00;0,00;0,00;0,00;4;10,86;0,10;0,36;0,05
89;2013;0,02;0,50;0,00;0,00;0,00;0,00;0,00;0,00;0,00;4;10,73;0,10;0,33;0,05
90;2013;0,18;;0,00;0,00;0,00;0,00;0,00;0,00;0,00;1;9,30;0,00;0,10;0,23
90;2014;0,19;;0,00;0,00;0,00;0,00;0,00;0,00;0,00;1;9,41;0,00;0,11;0,24
90;2015;0,17;;0,00;0,06;0,00;0,00;0,00;0,00;0,00;1;9,44;0,00;0,11;0,21
91;2013;0,12;1,54;0,24;0,45;0,53;0,57;0,10;0,05;0,05;6;10,17;0,22;0,09;0,21
91;2015;0,09;0,85;0,04;0,06;0,07;0,10;0,10;0,05;0,05;6;10,18;0,21;0,07;0,18
91;2014;0,11;1,45;0,03;0,07;0,08;0,09;0,10;0,05;0,05;6;10,20;0,21;0,09;0,22
92;2015;0,01;;0,00;0,04;0,00;0,00;0,00;0,00;0,00;4;10,49;1,00;0,05;0,04
92;2014;0,01;0,21;0,00;0,00;0,00;0,00;0,00;0,00;0,00;4;10,49;0,77;0,07;0,06
92;2013;0,00;0,21;0,00;0,00;0,00;0,00;0,00;0,00;0,00;4;10,54;0,76;0,01;0,01
93;2014;-0,03;0,76;0,00;0,08;0,00;0,00;0,00;0,00;0,00;11;10,37;2,28;0,07;-0,17
93;2015;0,02;0,73;0,00;0,13;0,00;0,00;0,00;0,00;0,00;11;10,33;1,94;0,06;0,10
93;2013;0,03;0,83;0,76;0,61;0,00;0,00;0,00;0,00;0,00;11;10,34;1,76;0,07;0,14
94;2013;0,05;1,01;0,47;0,53;0,55;0,77;0,10;0,05;0,05;11;10,06;0,63;0,15;0,16
94;2014;0,01;0,95;0,04;0,11;0,09;0,12;0,10;0,05;0,05;11;10,07;0,61;0,04;0,03
94;2015;-0,03;0,49;0,08;0,10;0,10;0,12;0,10;0,05;0,05;11;10,04;0,58;-0,12;-0,08
95;2015;0,01;0,23;0,00;0,04;0,00;0,00;0,10;0,00;0,05;4;11,52;1,23;0,17;0,08
95;2014;0,01;0,28;0,02;0,04;0,00;0,00;0,10;0,00;0,05;4;11,49;1,06;0,19;0,10
95;2013;0,01;0,26;0,43;0,32;0,00;0,00;0,10;0,00;0,00;4;11,47;0,95;0,18;0,10
96;2014;0,16;;0,00;0,00;0,00;0,00;0,00;0,00;0,00;1;9,56;0,71;0,13;0,23
96;2013;0,28;;0,00;0,00;0,00;0,00;0,00;0,00;0,00;1;9,55;0,47;0,20;0,41
96;2015;0,08;;0,00;0,03;0,00;0,00;0,00;0,00;0,00;1;9,66;0,34;0,09;0,15
97;2013;0,11;1,51;0,71;0,36;0,00;0,00;0,10;0,00;0,00;6;9,85;1,49;0,13;0,47
97;2014;0,09;1,67;0,00;0,04;0,00;0,00;0,10;0,00;0,00;6;9,85;1,34;0,13;0,35
97;2015;0,09;1,69;0,00;0,06;0,00;0,00;0,10;0,00;0,00;6;9,87;1,30;0,12;0,34
98;2015;-0,04;0,84;0,05;0,06;0,10;0,10;0,10;0,05;0,05;3;10,99;0,59;-0,14;-0,10
98;2014;0,06;0,89;0,04;0,06;0,10;0,05;0,10;0,05;0,05;3;11,07;0,43;0,12;0,13
98;2013;0,08;0,88;0,18;0,36;0,67;0,29;0,10;0,05;0,05;3;11,07;0,40;0,16;0,18
99;2015;0,07;2,12;0,00;0,11;0,00;0,00;0,00;0,05;0,00;2;10,55;0,45;0,02;0,22
99;2013;0,07;1,78;0,66;0,72;0,00;0,00;0,00;0,05;0,00;2;10,51;0,44;0,02;0,19
99;2014;0,06;1,86;0,00;0,08;0,00;0,00;0,00;0,05;0,00;2;10,54;0,41;0,02;0,18
100;2015;0,08;2,27;0,06;0,07;0,03;0,05;0,10;0,05;0,05;2;9,92;1,80;0,08;0,44
100;2013;0,04;2,19;0,16;0,25;0,17;0,36;0,10;0,05;0,05;2;9,96;1,67;0,05;0,31
100;2014;0,11;2,00;0,04;0,06;0,01;0,06;0,10;0,05;0,05;2;9,92;1,39;0,11;0,56
101;2014;-0,03;4,53;0,07;0,04;0,00;0,00;0,10;0,00;0,00;7;9,97;0,44;-0,06;-0,09
101;2015;-0,01;4,71;0,00;0,06;0,00;0,00;0,10;0,00;0,00;7;10,04;0,27;-0,05;-0,02
101;2013;-0,02;4,29;0,53;0,45;0,00;0,00;0,00;0,00;0,00;7;9,91;0,09;-0,09;-0,05
102;2015;0,09;1,04;0,05;0,10;0,06;0,08;0,10;0,05;0,05;7;11,05;0,36;0,19;0,16
102;2014;0,08;0,95;0,06;0,08;0,06;0,10;0,10;0,05;0,05;7;11,02;0,35;0,16;0,14
102;2013;0,10;0,92;0,50;0,61;0,60;0,82;0,10;0,00;0,05;7;11,00;0,22;0,20;0,17
103;2015;0,06;1,00;0,12;0,07;0,05;0,04;0,10;0,05;0,05;6;10,54;0,92;0,17;0,17
103;2013;0,06;1,19;0,30;0,43;0,31;0,13;0,10;0,05;0,05;6;10,50;0,86;0,16;0,19
103;2014;0,06;1,36;0,06;0,07;0,04;0,00;0,10;0,05;0,05;6;10,52;0,85;0,15;0,18
104;2014;0,02;0,89;0,02;0,00;0,02;0,00;0,10;0,05;0,05;10;10,70;1,34;0,04;0,05
104;2015;0,02;0,72;0,01;0,02;0,02;0,09;0,10;0,05;0,05;10;10,68;1,33;0,05;0,06
104;2013;0,00;0,76;0,15;0,09;0,23;0,00;0,00;0,00;0,00;10;10,71;1,17;-0,01;-0,01
105;2014;0,15;2,54;0,09;0,04;0,04;0,10;0,10;0,05;0,05;7;10,07;0,12;0,14;0,20
105;2015;0,13;2,47;0,10;0,04;0,05;0,06;0,10;0,05;0,05;7;10,12;0,10;0,13;0,19
105;2013;0,17;3,23;0,55;0,30;0,14;0,37;0,00;0,05;0,00;7;9,91;0,00;0,14;0,22
106;2015;0,06;1,93;0,00;0,02;0,00;0,00;0,00;0,00;0,00;7;9,74;0,67;0,10;0,15
106;2014;0,05;1,70;0,00;0,00;0,00;0,00;0,00;0,00;0,00;7;9,74;0,59;0,08;0,10
106;2013;0,07;1,75;0,00;0,00;0,00;0,00;0,00;0,00;0,00;7;9,72;0,00;0,12;0,10
107;2015;0,06;1,38;0,12;0,14;0,13;0,00;0,10;0,05;0,05;2;10,97;0,74;0,03;0,14
107;2013;0,07;1,22;0,88;0,89;0,79;0,00;0,00;0,05;0,05;2;10,85;0,35;0,04;0,12
107;2014;0,06;1,54;0,13;0,14;0,12;0,00;0,10;0,05;0,05;2;10,87;0,34;0,03;0,12
108;2015;0,02;0,73;0,07;0,08;0,06;0,00;0,10;0,05;0,05;3;11,43;0,22;0,03;0,03
108;2014;0,07;0,84;0,06;0,09;0,09;0,06;0,10;0,05;0,05;3;11,42;0,16;0,09;0,13
108;2013;0,09;0,95;0,35;0,57;0,36;0,32;0,10;0,05;0,05;3;11,40;0,13;0,09;0,15
109;2013;0,03;1,59;0,00;0,00;0,00;0,00;0,00;0,00;0,00;3;9,98;0,97;0,11;0,07
109;2014;0,05;1,26;0,00;0,00;0,00;0,00;0,00;0,00;0,00;3;10,07;0,67;0,20;0,11
109;2015;0,01;1,16;0,00;0,02;0,00;0,00;0,00;0,00;0,00;3;10,10;0,48;0,04;0,01
110;2014;0,03;1,26;0,11;0,04;0,01;0,00;0,10;0,00;0,00;11;10,74;1,89;0,11;0,11
110;2015;0,03;1,15;0,00;0,03;0,00;0,00;0,10;0,00;0,00;11;10,77;1,86;0,16;0,15
110;2013;0,04;1,16;0,00;0,29;0,12;0,00;0,10;0,00;0,00;11;10,70;1,66;0,13;0,15
111;2014;0,01;;0,04;0,06;0,08;0,09;0,10;0,05;0,05;6;10,73;0,97;0,02;0,06
111;2013;0,22;;0,12;0,30;0,89;0,77;0,10;0,05;0,05;6;10,72;0,84;0,28;2,22
111;2015;0,08;;0,06;0,09;0,09;0,10;0,10;0,05;0,05;6;10,73;0,62;0,11;0,45
112;2015;0,04;;0,00;0,05;0,00;0,00;0,10;0,05;0,05;8;10,61;0,78;0,08;0,17
112;2014;0,07;;0,08;0,06;0,14;0,00;0,10;0,05;0,05;8;10,70;0,71;0,10;0,23
112;2013;0,09;;0,48;0,50;0,70;0,00;0,10;0,05;0,05;8;10,71;0,67;0,14;0,35
113;2015;0,03;0,46;0,00;0,07;0,00;0,00;0,10;0,05;0,05;6;10,76;4,21;0,07;0,25
113;2014;0,05;0,47;0,00;0,09;0,00;0,00;0,10;0,05;0,05;6;10,79;3,19;0,09;0,31
113;2013;0,06;0,49;0,62;0,42;0,14;0,00;0,00;0,05;0,05;6;10,77;2,50;0,09;0,41
114;2015;0,03;0,48;0,00;0,05;0,00;0,00;0,00;0,00;0,00;4;10,94;2,31;0,26;0,21
114;2014;0,03;0,58;0,00;0,00;0,00;0,00;0,00;0,00;0,00;4;10,92;2,13;0,27;0,21
114;2013;0,03;0,55;0,00;0,00;0,00;0,00;0,00;0,00;0,00;4;10,90;2,00;0,30;0,24
115;2015;0,10;;0,00;0,09;0,00;0,00;0,00;0,00;0,00;1;10,05;0,58;0,06;0,21
115;2013;0,10;;0,00;0,00;0,00;0,00;0,00;0,00;0,00;1;10,03;0,54;0,06;0,20
115;2014;0,10;;0,00;0,00;0,00;0,00;0,00;0,00;0,00;1;10,04;0,50;0,06;0,20
116;2013;0,09;1,18;0,18;0,25;0,48;0,14;0,10;0,05;0,00;5;9,95;0,79;0,12;0,21
116;2014;0,06;1,32;0,01;0,04;0,04;0,02;0,10;0,05;0,00;5;9,99;0,75;0,07;0,13
116;2015;0,07;1,34;0,02;0,03;0,04;0,00;0,10;0,05;0,00;5;10,00;0,75;0,09;0,16
117;2015;0,08;1,22;0,00;0,06;0,00;0,00;0,00;0,00;0,00;6;10,68;0,51;0,16;0,14
117;2013;0,08;1,15;0,00;0,00;0,00;0,00;0,00;0,00;0,00;6;10,54;0,15;0,14;0,13
117;2014;0,07;1,22;0,00;0,00;0,00;0,00;0,00;0,00;0,00;6;10,57;0,15;0,13;0,11
118;2014;0,09;1,97;0,01;0,01;0,00;0,01;0,10;0,05;0,00;1;10,94;0,37;0,16;0,17
118;2015;0,10;2,08;0,01;0,01;0,00;0,00;0,10;0,05;0,00;1;10,95;0,29;0,16;0,19
118;2013;0,08;1,70;0,28;0,09;0,00;0,01;0,00;0,00;0,00;1;10,92;0,26;0,14;0,15
119;2015;0,07;1,12;0,00;0,05;0,00;0,00;0,00;0,00;0,00;1;10,20;1,40;0,16;0,19
119;2014;0,07;1,33;0,00;0,00;0,00;0,00;0,00;0,00;0,00;1;10,20;1,08;0,18;0,19
119;2013;0,07;1,31;0,00;0,00;0,00;0,00;0,00;0,00;0,00;1;10,18;1,05;0,19;0,17
120;2013;0,04;;0,00;0,00;0,00;0,00;0,00;0,00;0,00;1;10,31;12,91;0,06;1,59
120;2014;0,04;;0,00;0,00;0,00;0,00;0,00;0,00;0,00;1;10,34;6,85;0,06;0,62
120;2015;0,03;;0,00;0,04;0,00;0,00;0,00;0,00;0,00;1;10,36;4,45;0,05;0,28
121;2015;0,02;1,27;0,00;0,09;0,00;0,00;0,00;0,00;0,00;1;10,22;1,99;0,02;0,09
121;2013;0,22;4,62;0,00;0,00;0,00;0,00;0,00;0,00;0,00;1;9,46;1,05;0,08;0,40
121;2014;0,20;3,65;0,00;0,00;0,00;0,00;0,00;0,00;0,00;1;9,53;0,48;0,07;0,44
122;2015;0,10;1,29;0,00;0,06;0,00;0,00;0,00;0,05;0,00;6;9,94;0,72;0,13;0,24
122;2014;0,09;1,46;0,08;0,06;0,00;0,00;0,00;0,05;0,00;6;9,96;0,61;0,10;0,20
122;2013;0,10;1,62;0,54;0,29;0,00;0,00;0,00;0,05;0,00;6;10,03;0,48;0,11;0,20
123;2014;0,05;;0,06;0,05;0,06;0,03;0,10;0,05;0,05;8;10,84;1,02;0,06;0,16
123;2015;0,11;;0,06;0,05;0,09;0,03;0,10;0,05;0,05;8;10,83;0,76;0,15;0,37
123;2013;0,07;;0,25;0,38;0,11;0,37;0,10;0,05;0,05;8;10,84;0,73;0,08;0,22
124;2015;0,09;2,27;0,00;0,07;0,00;0,00;0,10;0,05;0,05;2;9,95;1,32;0,12;0,34
124;2014;0,09;1,97;0,13;0,08;0,09;0,00;0,10;0,05;0,05;2;9,92;1,13;0,11;0,31
124;2013;0,07;1,17;0,28;0,39;0,27;0,47;0,00;0,05;0,05;2;9,91;1,10;0,10;0,27
125;2015;0,03;0,81;0,12;0,04;0,14;0,05;0,10;0,05;0,05;11;10,46;1,01;0,07;0,08
125;2014;0,03;0,83;0,08;0,03;0,12;0,03;0,10;0,05;0,05;11;10,45;1,00;0,07;0,11
125;2013;0,03;0,75;0,60;0,26;0,60;0,12;0,00;0,05;0,00;11;10,41;0,91;0,07;0,09
126;2015;0,02;0,73;0,02;0,02;0,06;0,09;0,10;0,05;0,05;11;11,08;0,94;0,12;0,07
126;2013;0,02;0,74;0,03;0,12;0,60;0,79;0,10;0,00;0,05;11;11,06;0,92;0,11;0,07
126;2014;0,02;0,79;0,05;0,02;0,09;0,11;0,10;0,05;0,05;11;11,08;0,91;0,08;0,05
127;2015;0,01;1,16;0,00;0,04;0,00;0,00;0,00;0,05;0,00;5;10,27;1,85;0,02;0,05
127;2013;0,04;1,21;0,29;0,11;0,24;0,03;0,10;0,00;0,00;5;10,23;1,84;0,05;0,15
127;2014;0,04;1,31;0,06;0,04;0,00;0,00;0,00;0,05;0,00;5;10,25;1,62;0,06;0,15
128;2015;-0,39;0,84;0,00;0,08;0,08;0,00;0,10;0,05;0,05;3;10,47;1,72;0,08;-1,01
128;2014;0,03;0,68;0,00;0,02;0,06;0,00;0,10;0,05;0,05;3;10,70;0,46;0,08;0,07
128;2013;0,00;0,74;0,58;0,12;0,39;0,00;0,00;0,05;0,05;3;10,63;0,39;0,00;0,00
129;2015;0,05;1,90;0,13;0,08;0,15;0,00;0,00;0,00;0,05;7;10,25;1,03;0,20;0,13
129;2014;0,00;0,59;0,10;0,11;0,00;0,00;0,00;0,00;0,05;7;10,65;0,34;0,00;0,00
129;2013;0,07;0,56;0,30;0,45;0,00;0,00;0,00;0,00;0,05;7;10,62;0,17;0,18;0,13
130;2013;0,05;1,85;0,73;0,80;0,84;0,60;0,10;0,05;0,05;8;10,29;0,82;0,07;0,14
130;2014;0,06;1,84;0,13;0,14;0,14;0,06;0,10;0,05;0,05;8;10,29;0,66;0,08;0,16
130;2015;0,05;2,06;0,13;0,14;0,14;0,08;0,10;0,05;0,05;8;10,27;0,62;0,07;0,15
131;2014;0,08;2,37;0,00;0,00;0,00;0,00;0,00;0,00;0,00;6;9,67;0,52;0,15;0,16
131;2013;0,08;2,11;0,00;0,00;0,00;0,00;0,00;0,00;0,00;6;9,66;0,50;0,15;0,16
131;2015;0,09;3,20;0,00;0,03;0,00;0,00;0,00;0,00;0,00;6;9,65;0,50;0,16;0,19
132;2013;0,02;0,61;0,00;0,00;0,00;0,00;0,00;0,00;0,00;11;10,67;0,99;0,07;0,09
132;2015;0,02;0,65;0,00;0,12;0,00;0,00;0,00;0,00;0,00;11;10,70;0,96;0,09;0,09
132;2014;0,03;0,67;0,00;0,00;0,00;0,00;0,00;0,00;0,00;11;10,70;0,93;0,12;0,15
133;2015;0,04;;0,06;0,07;0,09;0,13;0,10;0,05;0,05;7;10,67;0,26;0,08;0,10
133;2014;0,06;;0,06;0,07;0,10;0,00;0,10;0,05;0,05;7;10,66;0,25;0,11;0,12
133;2013;0,07;;0,45;0,57;0,82;0,15;0,10;0,05;0,05;7;10,66;0,25;0,12;0,13
134;2014;0,06;1,08;0,04;0,03;0,00;0,00;0,10;0,05;0,00;8;10,21;2,07;0,08;0,20
134;2015;0,05;1,01;0,03;0,03;0,00;0,00;0,10;0,05;0,00;8;10,19;1,73;0,09;0,23
134;2013;0,10;1,28;0,00;0,19;0,00;0,00;0,10;0,05;0,00;8;10,07;1,12;0,12;0,34
135;2015;0,11;1,55;0,00;0,05;0,07;0,00;0,00;0,05;0,00;6;10,33;0,54;0,12;0,31
135;2013;0,08;2,09;0,00;0,00;0,00;0,00;0,00;0,00;0,00;6;10,38;0,36;0,08;0,19
135;2014;0,09;1,86;0,00;0,04;0,00;0,00;0,00;0,05;0,00;6;10,38;0,35;0,09;0,22
136;2015;-0,15;1,67;0,00;0,05;0,00;0,00;0,00;0,00;0,00;3;10,43;0,51;-0,52;-0,30
136;2013;0,07;1,65;0,00;0,00;0,00;0,00;0,00;0,00;0,00;3;10,49;0,38;0,15;0,15
136;2014;0,09;1,56;0,00;0,04;0,00;0,00;0,00;0,00;0,00;3;10,54;0,33;0,16;0,17
137;2013;0,07;1,98;0,00;0,00;0,00;0,00;0,00;0,00;0,00;3;10,60;1,07;0,05;0,18
137;2014;0,06;1,94;0,00;0,00;0,00;0,00;0,00;0,00;0,00;3;10,67;1,06;0,06;0,17
137;2015;0,05;1,54;0,00;0,00;0,00;0,00;0,00;0,00;0,00;3;10,69;1,03;0,09;0,13
138;2014;-0,03;1,97;0,00;0,00;0,00;0,00;0,00;0,00;0,00;7;9,89;2,06;-0,11;-0,10
138;2015;0,02;2,07;0,00;0,10;0,00;0,00;0,00;0,00;0,00;7;10,02;2,03;0,07;0,09
138;2013;0,01;1,55;0,00;0,00;0,00;0,00;0,00;0,00;0,00;7;9,87;1,70;0,04;0,04
139;2015;0,04;1,78;0,00;0,02;0,00;0,00;0,00;0,00;0,00;4;10,36;1,05;0,31;0,08
139;2014;0,03;1,62;0,00;0,00;0,00;0,00;0,00;0,00;0,00;4;10,36;1,05;0,24;0,06
139;2013;0,08;1,08;0,00;0,00;0,00;0,00;0,00;0,00;0,00;4;10,36;1,03;0,76;0,18
140;2013;0,05;1,59;0,03;0,00;0,30;0,00;0,00;0,05;0,00;3;9,99;0,62;0,21;0,10
140;2014;0,05;1,10;0,00;0,02;0,03;0,00;0,00;0,05;0,00;3;10,08;0,62;0,16;0,09
140;2015;0,01;0,66;0,00;0,03;0,00;0,00;0,00;0,05;0,00;3;10,15;0,55;0,04;0,02
141;2015;0,05;1,47;0,00;0,00;0,00;0,00;0,10;0,00;0,00;5;10,73;0,80;0,02;0,14
141;2013;0,03;1,33;0,00;0,00;0,00;0,00;0,00;0,00;0,00;5;10,73;0,57;0,02;0,08
141;2014;0,04;1,47;0,00;0,00;0,00;0,00;0,10;0,00;0,00;5;10,73;0,55;0,02;0,10
142;2014;0,01;0,80;0,00;0,00;0,00;0,00;0,00;0,00;0,00;3;10,80;1,52;0,01;0,05
142;2013;0,00;0,85;0,00;0,00;0,00;0,00;0,00;0,00;0,00;3;10,64;1,43;0,00;-0,01
142;2015;0,00;0,76;0,00;0,00;0,00;0,00;0,00;0,00;0,00;3;10,81;1,38;0,00;0,00
143;2015;0,00;0,54;0,00;0,07;0,00;0,00;0,10;0,05;0,05;11;10,65;1,42;-0,02;-0,02
143;2013;0,02;0,54;0,55;0,21;0,03;0,00;0,00;0,05;0,05;11;10,64;1,26;0,06;0,08
143;2014;0,02;0,59;0,00;0,04;0,00;0,00;0,10;0,05;0,05;11;10,67;1,25;0,08;0,09
144;2015;0,00;0,46;0,10;0,11;0,05;0,09;0,10;0,05;0,05;11;10,98;1,10;0,08;0,09
144;2014;0,02;0,56;0,06;0,07;0,02;0,13;0,10;0,05;0,05;11;10,94;0,97;0,06;0,07
144;2013;0,02;0,49;0,12;0,41;0,05;0,72;0,10;0,05;0,05;11;10,90;0,80;0,07;0,08
145;2014;0,04;1,54;0,00;0,14;0,00;0,00;0,00;0,00;0,00;1;9,96;0,98;0,07;0,21
145;2015;0,06;1,60;0,00;0,05;0,00;0,00;0,00;0,00;0,00;1;10,19;0,66;0,11;0,28
145;2013;0,03;1,47;0,97;0,79;0,00;0,00;0,00;0,00;0,00;1;9,89;0,58;0,05;0,11
146;2015;0,04;2,38;0,00;0,04;0,00;0,00;0,00;0,00;0,00;4;9,78;1,69;0,24;0,09
146;2014;0,04;2,08;0,00;0,00;0,00;0,00;0,00;0,00;0,00;4;9,64;1,36;0,27;0,10
146;2013;0,05;1,68;0,00;0,00;0,00;0,00;0,00;0,00;0,00;4;9,60;1,11;0,33;0,11
147;2014;0,02;0,42;0,06;0,05;0,08;0,07;0,10;0,05;0,05;1;11,32;4,80;0,02;0,12
147;2015;0,03;0,56;0,04;0,04;0,08;0,10;0,10;0,05;0,05;1;11,35;4,64;0,05;0,27
147;2013;0,04;0,40;0,57;0,35;0,70;0,65;0,10;0,05;0,00;1;11,31;4,35;0,05;0,34
148;2015;0,21;4,28;0,00;0,01;0,00;0,00;0,00;0,00;0,00;6;9,40;0,17;0,13;0,29
148;2013;0,22;6,23;0,00;0,00;0,00;0,00;0,00;0,00;0,00;6;9,32;0,00;0,13;0,26
148;2014;0,22;5,45;0,00;0,00;0,00;0,00;0,00;0,00;0,00;6;9,37;0,00;0,13;0,26
149;2013;0,09;7,61;0,03;0,13;0,00;0,00;0,00;0,00;0,00;7;10,25;0,02;0,19;0,11
149;2014;0,11;;0,05;0,04;0,00;0,00;0,00;0,00;0,00;7;10,60;0,00;0,23;0,13
149;2015;0,08;;0,00;0,06;0,00;0,00;0,00;0,00;0,00;7;10,69;0,00;0,20;0,09
150;2015;0,03;1,22;0,01;0,02;0,00;0,06;0,10;0,00;0,05;6;10,58;0,57;0,02;0,08
150;2014;0,07;1,55;0,01;0,03;0,00;0,08;0,10;0,05;0,05;6;10,52;0,30;0,05;0,15
150;2013;0,05;0,91;0,25;0,39;0,00;0,51;0,00;0,00;0,05;6;10,53;0,16;0,04;0,10
151;2015;0,01;0,31;0,00;0,03;0,00;0,00;0,00;0,00;0,05;11;10,72;1,55;0,04;0,05
151;2014;0,01;0,36;0,00;0,00;0,00;0,00;0,00;0,00;0,05;11;10,72;1,54;0,02;0,02
151;2013;0,01;0,35;0,00;0,00;0,00;0,00;0,00;0,00;0,05;11;10,70;1,25;0,03;0,03
152;2013;0,04;1,38;0,00;0,00;0,00;0,00;0,00;0,00;0,00;7;10,14;1,23;0,10;0,09
152;2015;0,05;1,14;0,00;0,04;0,00;0,00;0,00;0,00;0,00;7;10,42;0,77;0,11;0,10
152;2014;0,03;1,51;0,00;0,00;0,00;0,00;0,00;0,00;0,00;7;10,16;0,64;0,08;0,07
153;2015;0,08;2,67;0,00;0,07;0,00;0,00;0,00;0,00;0,00;7;9,97;1,61;0,14;0,24
153;2014;0,08;2,23;0,00;0,00;0,00;0,00;0,00;0,00;0,00;7;9,97;1,13;0,15;0,22
153;2013;0,07;1,96;0,00;0,00;0,00;0,00;0,00;0,00;0,00;7;9,98;1,05;0,13;0,19
154;2013;0,01;0,18;0,08;0,15;0,00;0,00;0,00;0,00;0,05;4;11,12;0,00;0,27;0,13
154;2014;0,01;0,17;0,00;0,03;0,00;0,00;0,10;0,00;0,05;4;11,14;0,00;0,23;0,10
154;2015;0,01;0,22;0,00;0,04;0,00;0,00;0,10;0,00;0,05;4;11,15;0,00;0,25;0,11
155;2014;0,06;1,94;0,00;0,00;0,00;0,00;0,00;0,00;0,00;7;9,93;0,79;0,31;0,18
155;2015;0,04;1,97;0,00;0,08;0,00;0,00;0,00;0,00;0,00;7;9,90;0,73;0,21;0,13
155;2013;0,09;2,72;0,00;0,00;0,00;0,00;0,00;0,00;0,00;7;9,59;0,38;0,32;0,26
156;2014;0,00;1,03;0,00;0,00;0,00;0,00;0,00;0,00;0,00;4;12,51;875,59;-0,05;-0,11
156;2015;0,00;1,03;0,00;0,00;0,00;0,00;0,00;0,00;0,00;4;12,51;793,47;-0,01;-0,08
156;2013;0,03;1,03;0,00;0,00;0,00;0,00;0,00;0,00;0,00;4;12,51;339,01;-0,05;-0,73
157;2013;0,03;1,65;0,14;0,17;0,00;0,00;0,10;0,05;0,05;1;10,73;1,33;0,13;0,11
157;2014;0,03;1,61;0,00;0,11;0,00;0,00;0,10;0,05;0,05;1;10,72;1,22;0,14;0,13
157;2015;0,04;1,34;0,00;0,11;0,00;0,00;0,10;0,05;0,05;1;10,68;1,18;0,16;0,13
158;2014;0,07;0,13;0,00;0,00;0,00;0,00;0,00;0,00;0,00;6;10,55;0,33;0,08;0,20
158;2015;0,09;0,14;0,00;0,04;0,00;0,00;0,00;0,00;0,00;6;10,51;0,32;0,09;0,27
158;2013;0,07;0,90;0,00;0,00;0,00;0,00;0,00;0,00;0,00;6;10,55;0,27;0,08;0,19
159;2013;0,02;0,41;0,36;0,45;0,21;0,37;0,10;0,05;0,00;6;11,82;1,70;0,09;0,10
159;2014;0,02;0,60;0,08;0,07;0,07;0,07;0,10;0,05;0,05;6;11,81;1,56;0,10;0,12
159;2015;-0,01;0,76;0,09;0,08;0,06;0,06;0,10;0,05;0,05;6;11,69;1,48;-0,05;-0,06
160;2014;0,03;1,64;0,02;0,03;0,00;0,03;0,00;0,00;0,00;4;10,40;2,20;0,26;0,09
160;2013;0,01;1,34;0,65;0,00;0,00;0,00;0,00;0,00;0,00;4;10,41;2,02;0,11;0,04
160;2015;0,06;1,59;0,02;0,02;0,02;0,02;0,00;0,00;0,00;4;10,38;1,80;0,57;0,17
161;2015;0,40;2,90;0,00;0,13;0,00;0,00;0,00;0,00;0,00;5;10,71;1,14;0,55;1,07
161;2014;0,39;4,08;0,00;0,00;0,00;0,00;0,00;0,00;0,00;5;10,54;0,77;0,49;0,83
161;2013;0,14;5,25;0,88;0,83;0,00;0,00;0,00;0,00;0,00;5;10,35;0,35;0,27;0,28
162;2015;0,07;1,97;0,10;0,09;0,09;0,09;0,10;0,05;0,05;2;10,33;1,55;0,09;0,29
162;2014;0,06;1,67;0,08;0,09;0,08;0,08;0,10;0,05;0,05;2;10,38;1,36;0,09;0,24
162;2013;0,08;1,67;0,55;0,51;0,68;0,64;0,10;0,05;0,05;2;10,36;1,02;0,10;0,26
163;2015;0,05;0,75;0,00;0,02;0,00;0,00;0,10;0,05;0,05;7;10,46;0,24;0,14;0,07
163;2014;0,08;0,89;0,00;0,02;0,00;0,00;0,10;0,05;0,05;7;10,48;0,17;0,24;0,12
163;2013;0,07;0,74;0,12;0,00;0,00;0,00;0,10;0,05;0,00;7;10,45;0,15;0,25;0,09
164;2015;0,05;0,50;0,01;0,02;0,02;0,02;0,10;0,05;0,05;1;11,29;1,09;0,06;0,27
164;2014;0,02;0,34;0,03;0,02;0,05;0,03;0,10;0,05;0,05;1;11,25;0,90;0,02;0,07
164;2013;0,03;0,40;0,35;0,35;0,22;0,40;0,00;0,05;0,05;1;11,22;0,18;0,02;0,12
165;2014;0,09;1,80;0,00;0,00;0,00;0,00;0,00;0,00;0,00;1;9,92;0,15;0,05;0,21
165;2013;0,09;1,47;0,00;0,00;0,00;0,00;0,00;0,00;0,00;1;9,89;0,15;0,05;0,22
165;2015;0,09;1,42;0,00;0,03;0,00;0,00;0,00;0,00;0,00;1;9,91;0,08;0,05;0,22
166;2015;0,14;1,38;0,05;0,03;0,01;0,00;0,10;0,05;0,00;1;9,89;0,51;0,06;0,37
166;2014;0,16;2,05;0,00;0,06;0,00;0,00;0,10;0,05;0,00;1;9,89;0,48;0,08;0,42
166;2013;0,17;2,16;0,36;0,45;0,53;0,00;0,00;0,05;0,00;1;9,89;0,42;0,08;0,42
167;2015;0,01;0,42;0,06;0,06;0,04;0,07;0,10;0,05;0,05;4;11,94;2,32;0,16;0,07
167;2014;0,01;0,44;0,11;0,07;0,08;0,11;0,10;0,05;0,05;4;11,93;2,28;0,23;0,11
167;2013;0,01;0,41;0,50;0,53;0,36;0,41;0,10;0,05;0,05;4;11,96;2,26;0,23;0,11
168;2015;0,14;2,17;0,00;0,09;0,05;0,00;0,00;0,05;0,05;6;9,77;0,61;0,08;0,28
168;2013;0,16;3,07;0,55;0,70;0,00;0,00;0,00;0,05;0,05;6;9,72;0,14;0,08;0,25
168;2014;0,15;3,01;0,08;0,09;0,00;0,00;0,00;0,05;0,05;6;9,72;0,13;0,08;0,24
169;2015;-0,02;0,79;0,01;0,01;0,00;0,08;0,10;0,05;0,00;3;10,57;0,95;-0,03;-0,04
169;2013;0,08;1,45;0,00;0,29;0,31;0,00;0,10;0,05;0,00;3;10,47;0,58;0,07;0,15
169;2014;0,11;1,01;0,00;0,04;0,00;0,00;0,10;0,05;0,00;3;10,51;0,48;0,11;0,23
170;2013;0,06;1,60;0,00;0,00;0,00;0,00;0,00;0,00;0,00;5;10,46;-3,43;0,05;-0,18
170;2014;0,07;1,82;0,00;0,00;0,00;0,00;0,00;0,00;0,05;5;10,49;-3,73;0,05;-0,24
170;2015;0,06;1,63;0,00;0,01;0,00;0,00;0,00;0,00;0,05;5;10,52;-4,01;0,04;-0,28
171;2015;-0,03;1,27;0,07;0,03;0,07;0,08;0,10;0,05;0,05;4;10,33;1,18;-0,22;-0,06
171;2014;0,04;1,28;0,06;0,04;0,09;0,09;0,10;0,05;0,05;4;10,33;0,91;0,41;0,09
171;2013;0,05;1,18;0,32;0,18;0,31;0,44;0,00;0,05;0,05;4;10,30;0,81;0,46;0,09
172;2015;0,16;3,94;0,02;0,04;0,14;0,05;0,10;0,05;0,05;1;10,64;2,34;0,08;0,80
172;2014;0,14;3,46;0,03;0,04;0,12;0,03;0,10;0,05;0,05;1;10,62;1,65;0,07;0,52
172;2013;0,13;2,74;0,31;0,36;0,86;0,18;0,10;0,05;0,05;1;10,64;1,03;0,07;0,34
173;2015;-0,09;0,54;0,08;0,06;0,08;0,04;0,10;0,05;0,05;3;10,53;0,34;-0,46;-0,15
173;2014;0,06;0,67;0,10;0,10;0,12;0,04;0,10;0,05;0,05;3;10,59;0,27;0,16;0,10
173;2013;0,12;0,71;0,44;0,48;0,55;0,34;0,10;0,05;0,05;3;10,63;0,22;0,21;0,21
174;2013;0,00;0,05;0,12;0,29;0,04;0,00;0,10;0,05;0,05;4;11,44;0,33;0,01;0,01
174;2014;0,00;0,06;0,03;0,05;0,02;0,03;0,10;0,05;0,05;4;11,39;0,30;0,04;0,04
174;2015;0,01;0,07;0,05;0,05;0,06;0,00;0,10;0,05;0,05;4;11,36;0,29;0,09;0,09
175;2013;0,02;1,05;0,07;0,06;0,04;0,03;0,10;0,00;0,00;1;10,42;2,90;0,05;0,14
175;2014;0,03;1,13;0,04;0,00;0,00;0,00;0,10;0,00;0,00;1;10,42;2,27;0,06;0,14
175;2015;0,05;0,98;0,05;0,06;0,01;0,02;0,10;0,00;0,05;1;10,41;1,62;0,12;0,27
176;2015;0,07;1,20;0,08;0,07;0,13;0,07;0,00;0,05;0,00;1;10,00;2,63;0,13;0,29
176;2014;0,09;1,70;0,10;0,08;0,12;0,09;0,00;0,05;0,00;1;9,98;1,29;0,14;0,27
176;2013;0,08;1,83;0,84;0,56;0,91;0,68;0,00;0,05;0,00;1;9,97;1,14;0,12;0,26
177;2013;0,09;1,54;0,12;0,05;0,00;0,00;0,10;0,05;0,05;6;10,66;0,39;0,10;0,26
177;2014;0,09;1,68;0,04;0,01;0,00;0,00;0,10;0,05;0,05;6;10,66;0,34;0,11;0,23
177;2015;0,10;1,69;0,00;0,01;0,00;0,00;0,10;0,05;0,05;6;10,69;0,30;0,12;0,26
178;2015;0,06;;0,01;0,03;0,00;0,00;0,10;0,00;0,05;1;9,92;1,66;0,08;0,37
178;2014;0,07;;0,01;0,03;0,00;0,00;0,10;0,00;0,05;1;9,94;1,57;0,11;0,25
178;2013;0,07;;0,21;0,23;0,00;0,00;0,00;0,00;0,05;1;9,94;0,45;0,10;0,19
179;2015;0,03;0,29;0,00;0,00;0,00;0,00;0,00;0,00;0,00;7;10,91;0,45;0,05;0,07
180;2013;0,11;2,13;0,16;0,09;0,36;0,24;0,00;0,00;0,00;2;9,69;0,08;0,06;0,17
180;2014;0,12;2,44;0,03;0,01;0,03;0,03;0,10;0,05;0,00;2;9,74;0,07;0,06;0,17
180;2015;0,12;2,81;0,05;0,02;0,05;0,02;0,10;0,05;0,00;2;9,79;0,06;0,07;0,18
181;2014;0,08;1,77;0,00;0,00;0,00;0,00;0,00;0,00;0,00;5;9,79;0,19;0,04;0,17
181;2013;0,08;1,59;0,00;0,00;0,00;0,00;0,00;0,00;0,00;5;9,75;0,16;0,05;0,16
181;2015;0,08;1,91;0,00;0,06;0,00;0,00;0,00;0,00;0,00;5;9,81;0,16;0,05;0,17
182;2013;0,02;1,46;0,50;0,27;0,00;0,00;0,00;0,05;0,05;4;10,11;0,66;0,06;0,04
182;2015;0,05;1,32;0,05;0,06;0,04;0,11;0,10;0,05;0,05;4;10,07;0,57;0,10;0,08
182;2014;0,06;1,71;0,00;0,05;0,00;0,00;0,10;0,05;0,05;4;10,09;0,54;0,14;0,10
183;2015;0,09;3,98;0,14;0,12;0,13;0,12;0,10;0,05;0,05;2;9,73;1,56;0,07;0,48
183;2013;0,16;4,20;0,86;0,61;0,68;0,67;0,00;0,05;0,05;2;9,73;1,12;0,11;0,64
183;2014;0,15;4,31;0,14;0,10;0,12;0,12;0,10;0,05;0,05;2;9,75;1,06;0,11;0,55
184;2014;0,05;0,92;0,07;0,07;0,09;0,11;0,10;0,05;0,05;5;10,37;0,40;0,02;0,12
184;2015;0,05;1,10;0,07;0,10;0,12;0,10;0,10;0,05;0,05;5;10,39;0,37;0,02;0,13
184;2013;0,06;0,70;0,87;0,66;0,00;0,61;0,00;0,05;0,00;5;10,32;0,28;0,03;0,13
185;2014;0,10;1,59;0,02;0,02;0,04;0,06;0,10;0,05;0,05;7;11,07;2,96;0,13;0,80
185;2015;0,12;1,43;0,01;0,03;0,06;0,03;0,10;0,05;0,05;7;11,04;2,34;0,16;0,99
185;2013;0,14;1,74;0,17;0,25;0,19;0,42;0,10;0,05;0,05;7;11,10;1,44;0,17;0,83
186;2014;0,02;0,40;0,00;0,00;0,00;0,00;0,00;0,00;0,00;4;10,83;0,32;0,27;0,10
186;2015;0,01;0,47;0,00;0,06;0,00;0,00;0,00;0,00;0,00;4;10,89;0,27;0,40;0,16
186;2013;0,01;0,46;0,00;0,00;0,00;0,00;0,00;0,00;0,00;4;10,81;0,18;0,23;0,08
187;2015;-0,03;0,28;0,00;0,00;0,00;0,00;0,00;0,00;0,00;6;10,56;3,17;-0,08;-0,25
187;2014;-0,01;0,30;0,00;0,00;0,00;0,00;0,00;0,00;0,00;6;10,55;2,13;-0,02;-0,06
187;2013;0,04;0,25;0,00;0,00;0,00;0,00;0,00;0,00;0,00;6;10,50;1,53;0,05;0,19
188;2014;0,11;7,88;0,00;0,04;0,11;0,06;0,00;0,05;0,00;5;9,52;0,67;0,19;0,26
188;2013;0,04;4,53;0,00;0,00;0,00;0,00;0,00;0,00;0,00;5;9,48;0,55;0,09;0,09
188;2015;0,14;7,49;0,11;0,06;0,11;0,04;0,00;0,05;0,00;5;9,57;0,52;0,24;0,30
189;2015;0,01;20,04;0,00;0,06;0,00;0,00;0,00;0,00;0,00;9;9,00;3,62;0,01;0,17
189;2013;-0,20;13,45;0,00;0,00;0,00;0,00;0,00;0,00;0,00;9;8,80;-3,43;-0,23;0,78
189;2014;-0,07;15,85;0,00;0,00;0,00;0,00;0,00;0,00;0,00;9;8,92;-8,27;-0,09;0,35
190;2015;0,12;1,58;0,08;0,08;0,07;0,07;0,10;0,05;0,05;7;11,01;0,33;0,21;0,20
190;2013;0,11;1,34;0,56;0,59;0,57;0,26;0,10;0,05;0,05;7;10,97;0,23;0,18;0,18
190;2014;0,13;1,88;0,08;0,07;0,06;0,03;0,10;0,05;0,05;7;10,96;0,22;0,21;0,20
191;2015;0,09;6,97;0,08;0,10;0,03;0,10;0,00;0,00;0,00;7;9,58;0,48;0,10;0,21
191;2013;0,17;4,92;0,43;0,60;0,30;0,33;0,00;0,00;0,00;7;9,61;0,22;0,21;0,29
191;2014;0,16;4,87;0,00;0,11;0,00;0,00;0,00;0,00;0,00;7;9,70;0,17;0,18;0,29
192;2015;0,03;0,71;0,04;0,06;0,08;0,05;0,10;0,05;0,00;8;10,49;2,29;0,04;0,21
192;2014;0,02;0,98;0,00;0,04;0,03;0,00;0,10;0,05;0,05;8;10,46;1,69;0,02;0,08
192;2013;0,04;0,83;0,86;0,36;0,00;0,00;0,00;0,05;0,05;8;10,50;1,09;0,05;0,19
193;2015;0,04;0,87;0,00;0,05;0,00;0,00;0,00;0,05;0,00;1;10,10;0,82;0,06;0,24
193;2014;0,04;0,77;0,00;0,00;0,00;0,00;0,00;0,05;0,00;1;10,11;0,77;0,06;0,22
193;2013;0,02;0,68;0,00;0,00;0,00;0,00;0,00;0,05;0,00;1;10,11;0,51;0,04;0,12
194;2013;0,17;;0,00;0,00;0,00;0,00;0,00;0,00;0,00;5;9,60;0,00;0,30;0,19
194;2014;0,11;;0,00;0,00;0,00;0,00;0,00;0,00;0,00;5;9,60;0,00;0,20;0,13
194;2015;0,13;;0,00;0,07;0,00;0,00;0,00;0,00;0,00;5;9,69;0,00;0,25;0,15
195;2015;0,10;;0,00;0,08;0,00;0,00;0,00;0,00;0,00;7;9,57;0,18;0,14;0,28
195;2013;0,14;0,84;0,00;0,00;0,00;0,00;0,00;0,00;0,00;7;9,57;0,01;0,20;0,54
195;2014;0,05;;0,00;0,00;0,00;0,00;0,00;0,00;0,00;7;9,56;0,01;0,07;0,15
196;2015;0,12;2,31;0,07;0,05;0,08;0,06;0,00;0,00;0,00;6;10,20;1,32;0,14;0,37
196;2014;0,15;2,17;0,06;0,06;0,08;0,05;0,10;0,05;0,00;6;10,25;0,88;0,20;0,37
196;2013;0,09;1,76;0,39;0,30;0,47;0,39;0,10;0,00;0,00;6;10,30;0,29;0,12;0,17
197;2015;0,04;0,74;0,00;0,12;0,11;0,06;0,10;0,05;0,05;4;10,40;0,95;0,19;0,12
197;2014;0,05;1,13;0,11;0,06;0,10;0,07;0,10;0,05;0,05;4;10,31;0,81;0,19;0,12
197;2013;0,05;1,02;0,69;0,49;0,69;0,39;0,00;0,05;0,05;4;10,28;0,69;0,20;0,11
198;2015;0,12;2,49;0,00;0,09;0,00;0,00;0,10;0,00;0,05;6;9,56;0,77;0,07;0,33
198;2014;0,12;3,08;0,00;0,10;0,00;0,00;0,10;0,00;0,05;6;9,53;0,57;0,06;0,33
198;2013;0,13;3,39;0,26;0,49;0,00;0,00;0,10;0,00;0,05;6;9,45;0,45;0,06;0,36
199;2015;0,04;0,81;0,12;0,07;0,12;0,05;0,10;0,05;0,05;1;10,49;0,58;0,03;0,11
199;2013;0,05;0,96;0,38;0,30;0,57;0,28;0,00;0,05;0,05;1;10,49;0,50;0,04;0,14
199;2014;0,04;1,04;0,09;0,09;0,10;0,02;0,10;0,05;0,05;1;10,50;0,46;0,03;0,10
200;2015;0,12;1,98;0,12;0,12;0,11;0,08;0,10;0,05;0,05;5;11,12;0,28;0,18;0,22
200;2014;0,12;2,11;0,11;0,12;0,11;0,06;0,10;0,05;0,05;5;11,12;0,27;0,14;0,22
200;2013;0,11;1,82;0,72;0,69;0,74;0,46;0,10;0,05;0,05;5;11,12;0,25;0,19;0,20
201;2015;0,07;1,29;0,01;0,07;0,08;0,13;0,00;0,05;0,05;7;9,94;0,36;0,13;0,14
201;2014;-0,04;1,13;0,03;0,05;0,09;0,14;0,10;0,05;0,05;7;9,92;0,27;-0,07;-0,06
201;2013;0,04;0,96;0,36;0,29;0,65;0,87;0,10;0,05;0,05;7;10,01;0,14;0,09;0,06
202;2013;0,01;0,15;0,20;0,23;0,22;0,11;0,00;0,05;0,05;4;12,38;1,48;0,17;0,08
202;2014;0,01;0,10;0,04;0,04;0,04;0,02;0,10;0,05;0,05;4;12,41;1,45;0,21;0,10
202;2015;0,01;0,15;0,03;0,04;0,05;0,01;0,10;0,05;0,05;4;12,37;1,40;0,24;0,10
203;2015;0,07;1,65;0,14;0,10;0,10;0,11;0,10;0,00;0,00;1;9,93;1,99;0,05;0,30
203;2014;0,08;1,59;0,12;0,10;0,00;0,12;0,10;0,00;0,00;1;9,97;1,37;0,06;0,35
203;2013;0,09;1,43;0,66;0,48;0,00;0,71;0,10;0,00;0,00;1;9,93;1,36;0,06;0,38
204;2015;0,02;2,19;0,06;0,06;0,09;0,09;0,10;0,05;0,05;2;10,19;2,19;0,03;0,14
204;2013;0,12;1,88;0,33;0,24;0,63;0,00;0,10;0,05;0,05;2;10,19;1,79;0,12;0,62
204;2014;0,11;1,99;0,05;0,06;0,09;0,09;0,10;0,05;0,05;2;10,20;1,76;0,12;0,49
205;2015;0,01;0,21;0,01;0,03;0,00;0,02;0,10;0,05;0,05;4;10,98;0,97;0,20;0,08
205;2014;0,01;0,18;0,01;0,03;0,00;0,01;0,10;0,05;0,05;4;10,97;0,77;0,21;0,09
205;2013;0,01;0,16;0,04;0,15;0,00;0,00;0,00;0,05;0,05;4;10,97;0,76;0,21;0,09
206;2015;0,11;1,41;0,10;0,09;0,02;0,01;0,10;0,00;0,05;4;10,05;0,52;0,25;0,27
206;2014;0,03;1,41;0,12;0,08;0,01;0,00;0,10;0,00;0,05;4;10,01;0,50;0,06;0,07
206;2013;0,05;1,24;0,43;0,32;0,04;0,08;0,10;0,00;0,00;4;9,99;0,45;0,11;0,12
207;2015;0,08;2,44;0,00;0,10;0,00;0,00;0,00;0,00;0,00;7;9,66;1,07;0,71;0,17
207;2014;0,04;2,34;0,00;0,13;0,00;0,00;0,00;0,00;0,00;7;9,70;0,97;0,37;0,08
207;2013;0,02;1,45;0,66;0,67;0,00;0,00;0,00;0,00;0,00;7;9,74;0,91;0,19;0,04
208;2015;0,11;3,57;0,03;0,02;0,02;0,01;0,10;0,05;0,05;2;10,17;8,57;0,19;3,65
208;2014;0,08;3,12;0,02;0,03;0,03;0,01;0,10;0,00;0,05;2;10,19;5,33;0,15;0,15
208;2013;0,10;2,26;0,11;0,14;0,06;0,05;0,10;0,00;0,05;2;10,28;0,21;0,20;0,16
209;2014;0,08;1,60;0,00;0,00;0,00;0,00;0,00;0,00;0,00;3;10,92;7,72;0,08;0,43
209;2015;0,07;0,91;0,00;0,01;0,00;0,00;0,00;0,00;0,00;3;10,92;1,21;0,05;0,01
209;2013;0,11;0,97;0,00;0,00;0,00;0,00;0,00;0,00;0,00;3;10,88;1,11;0,10;0,46
210;2013;0,02;1,43;0,00;0,00;0,00;0,00;0,00;0,00;0,00;1;10,05;2,59;0,08;0,09
210;2015;0,00;1,36;0,00;0,08;0,00;0,00;0,00;0,00;0,00;1;10,16;1,21;0,02;0,01
210;2014;0,01;1,45;0,00;0,00;0,00;0,00;0,00;0,00;0,00;1;10,11;1,18;0,06;0,06
211;2015;0,05;2,31;0,01;0,03;0,10;0,12;0,10;0,05;0,05;2;10,95;3,54;0,04;0,20
211;2014;0,05;2,20;0,09;0,11;0,09;0,10;0,10;0,05;0,05;2;10,96;2,69;0,04;0,17
211;2013;0,05;2,19;0,79;0,42;0,11;0,00;0,10;0,05;0,05;2;10,95;2,15;0,04;0,16
212;2014;0,08;;0,08;0,00;0,00;0,00;0,10;0,05;0,00;2;10,48;1,11;0,17;0,27
212;2013;0,08;;0,53;0,17;0,00;0,00;0,00;0,05;0,00;2;10,41;0,63;0,15;0,22
212;2015;0,11;;0,10;0,03;0,00;0,00;0,10;0,05;0,00;2;10,50;0,45;0,19;0,28
213;2014;0,06;0,76;0,08;0,04;0,02;0,06;0,10;0,05;0,05;1;10,18;1,83;0,02;0,32
213;2013;0,06;0,84;0,28;0,25;0,25;0,43;0,10;0,05;0,05;1;10,18;1,43;0,02;0,33
213;2015;0,06;0,63;0,10;0,06;0,00;0,06;0,10;0,05;0,05;1;10,17;1,43;0,02;0,35
214;2015;0,05;1,24;0,00;0,01;0,00;0,00;0,00;0,00;0,00;6;9,92;0,33;0,04;0,13
214;2013;0,07;2,06;0,00;0,00;0,00;0,00;0,00;0,00;0,00;6;9,87;0,33;0,05;0,16
214;2014;0,06;1,94;0,00;0,00;0,00;0,00;0,00;0,00;0,00;6;9,91;0,32;0,04;0,14
215;2013;0,05;0,24;0,00;0,00;0,00;0,00;0,10;0,00;0,00;4;10,90;0,55;0,15;0,11
215;2015;0,06;0,14;0,00;0,03;0,00;0,00;0,10;0,00;0,00;4;10,88;0,52;0,20;0,12
215;2014;0,07;0,16;0,00;0,00;0,00;0,00;0,10;0,00;0,00;4;10,89;0,49;0,19;0,14
216;2013;0,14;3,33;0,15;0,16;0,00;0,00;0,10;0,00;0,05;1;9,82;-6,07;0,09;-0,98
216;2015;0,11;4,00;0,00;0,06;0,00;0,00;0,10;0,00;0,05;1;9,90;-8,76;0,07;-2,54
216;2014;0,16;3,47;0,00;0,04;0,00;0,00;0,10;0,00;0,05;1;9,85;-11,46;0,10;-1,77
217;2015;0,03;1,24;0,00;0,04;0,00;0,00;0,00;0,00;0,00;5;10,15;1,21;0,05;0,09
217;2013;0,09;1,44;0,00;0,00;0,00;0,00;0,00;0,00;0,00;5;9,84;1,16;0,10;0,22
217;2014;0,07;1,51;0,00;0,00;0,00;0,00;0,00;0,00;0,00;5;9,86;0,95;0,09;0,19
218;2014;0,05;0,82;0,00;0,00;0,00;0,00;0,00;0,00;0,05;6;10,14;0,75;0,05;0,11
218;2015;-0,02;0,92;0,00;0,04;0,00;0,00;0,00;0,00;0,05;6;10,08;0,72;-0,03;-0,05
218;2013;0,05;0,77;0,00;0,00;0,00;0,00;0,00;0,00;0,00;6;10,15;0,61;0,06;0,13
219;2013;0,20;;0,39;0,33;0,00;0,00;0,00;0,00;0,00;7;9,36;0,93;0,32;0,41
219;2015;0,28;;0,00;0,05;0,00;0,00;0,00;0,00;0,00;7;9,28;0,89;0,35;0,33
219;2014;0,27;;0,00;0,04;0,00;0,00;0,00;0,00;0,00;7;9,24;0,82;0,35;0,37
220;2015;0,07;2,72;0,03;0,03;0,04;0,02;0,10;0,05;0,05;5;10,55;0,55;0,12;0,16
220;2014;0,07;2,20;0,12;0,03;0,00;0,00;0,10;0,05;0,05;5;10,57;0,35;0,12;0,14
220;2013;0,14;1,62;0,27;0,18;0,30;0,35;0,00;0,05;0,05;5;10,55;0,24;0,20;0,29
221;2015;0,09;1,62;0,08;0,09;0,08;0,11;0,10;0,05;0,05;6;10,69;4,62;0,08;1,11
221;2014;0,10;1,78;0,08;0,09;0,06;0,13;0,10;0,05;0,05;6;10,57;1,81;0,08;0,85
221;2013;0,08;1,43;0,49;0,56;0,63;0,87;0,10;0,05;0,05;6;10,56;1,25;0,07;1,20
222;2015;0,00;0,08;0,03;0,08;0,04;0,01;0,10;0,00;0,00;4;11,40;0,41;0,09;0,08
222;2013;0,01;0,08;0,00;0,00;0,00;0,00;0,00;0,00;0,00;4;11,37;0,40;0,10;0,09
222;2014;0,01;0,08;0,03;0,07;0,00;0,00;0,10;0,00;0,00;4;11,40;0,33;0,11;0,10
223;2013;-0,07;1,60;0,00;0,00;0,00;0,00;0,00;0,00;0,00;3;9,99;36,60;-1,90;-1,47
223;2015;-0,06;1,28;0,00;0,01;0,00;0,00;0,00;0,00;0,00;3;10,27;-18,40;-3,60;2,17
223;2014;-0,05;1,94;0,00;0,00;0,00;0,00;0,00;0,00;0,00;3;10,10;-59,73;-2,04;3,55
224;2015;0,09;2,35;0,00;0,01;0,00;0,02;0,00;0,00;0,00;1;10,53;1,38;0,05;0,33
224;2014;0,08;1,92;0,00;0,01;0,00;0,00;0,00;0,00;0,00;1;10,53;1,01;0,05;0,23
224;2013;0,07;1,78;0,12;0,13;0,00;0,00;0,00;0,00;0,00;1;10,53;0,80;0,04;0,17
225;2015;0,01;;0,00;0,08;0,00;0,00;0,00;0,00;0,00;7;9,99;0,27;0,02;0,02
225;2014;0,09;;0,00;0,00;0,00;0,09;0,00;0,00;0,00;7;9,91;0,25;0,14;0,16
225;2013;0,09;;0,00;0,00;0,00;0,00;0,00;0,00;0,00;7;9,88;0,17;0,15;0,15
226;2015;-0,01;0,32;0,00;0,06;0,00;0,00;0,00;0,00;0,05;1;9,86;0,77;-0,03;-0,05
226;2014;0,00;0,31;0,00;0,00;0,00;0,00;0,00;0,00;0,05;1;9,87;0,74;-0,02;-0,02
226;2013;0,00;;0,00;0,00;0,00;0,00;0,00;0,00;0,05;1;9,85;0,25;-0,01;-0,01
227;2015;0,00;1,59;0,06;0,07;0,10;0,00;0,00;0,05;0,05;6;10,33;0,54;0,02;0,01
227;2014;0,01;1,67;0,03;0,04;0,11;0,00;0,00;0,05;0,05;6;10,31;0,54;0,04;0,03
227;2013;0,01;0,86;0,10;0,19;0,91;0,75;0,00;0,05;0,05;6;10,29;0,51;0,04;0,03
228;2014;0,13;2,41;0,09;0,10;0,08;0,07;0,10;0,05;0,05;1;10,35;1,37;0,19;0,38
228;2015;0,09;2,06;0,10;0,11;0,08;0,09;0,10;0,05;0,05;1;10,32;1,37;0,17;0,28
228;2013;0,10;3,15;0,36;0,61;0,69;0,49;0,10;0,05;0,05;1;10,36;1,22;0,17;0,31
229;2014;0,06;1,62;0,04;0,06;0,09;0,02;0,10;0,05;0,00;8;10,39;0,36;0,06;0,16
229;2015;0,10;1,78;0,05;0,05;0,09;0,02;0,10;0,05;0,00;8;10,36;0,35;0,11;0,31
229;2013;0,04;1,49;0,17;0,20;0,34;0,34;0,10;0,05;0,00;8;10,44;0,30;0,04;0,11
230;2015;0,19;0,98;0,00;0,02;0,00;0,00;0,10;0,00;0,00;1;10,34;1,17;0,14;0,61
230;2014;0,16;1,11;0,00;0,00;0,00;0,00;0,10;0,00;0,00;1;10,35;0,81;0,09;0,41
230;2013;0,15;0,97;0,00;0,00;0,00;0,00;0,00;0,00;0,00;1;10,35;0,46;0,09;0,32
231;2015;0,06;6,60;0,00;0,11;0,00;0,00;0,00;0,05;0,00;7;10,21;1,79;0,05;0,27
231;2014;0,07;6,26;0,12;0,13;0,00;0,00;0,00;0,05;0,00;7;10,19;1,33;0,06;0,26
231;2013;0,07;9,05;0,69;0,54;0,00;0,00;0,00;0,05;0,00;7;10,15;1,24;0,05;0,24
232;2013;0,24;1,45;0,13;0,05;0,00;0,00;0,00;0,00;0,00;4;9,96;1,36;0,37;0,43
232;2015;0,25;1,62;0,01;0,04;0,00;0,04;0,00;0,00;0,05;4;10,05;0,55;0,39;0,61
232;2014;0,24;1,52;0,02;0,01;0,00;0,02;0,00;0,00;0,05;4;10,12;0,22;0,38;0,55
233;2013;0,05;2,74;0,16;0,20;0,15;0,00;0,00;0,05;0,05;1;9,83;1,36;0,41;0,13
233;2015;0,04;3,76;0,03;0,04;0,02;0,00;0,10;0,00;0,05;1;9,78;1,12;0,38;0,09
233;2014;0,16;3,95;0,04;0,04;0,02;0,00;0,10;0,00;0,05;1;9,84;1,12;1,36;0,39
234;2013;0,10;1,25;0,63;0,37;0,80;0,35;0,10;0,00;0,05;6;9,84;6,39;0,05;0,63
234;2014;0,11;1,28;0,10;0,12;0,12;0,02;0,10;0,00;0,05;6;9,86;3,16;0,05;1,17
234;2015;0,14;1,91;0,00;0,06;0,00;0,00;0,10;0,00;0,05;6;9,75;-25,24;0,06;0,90
235;2013;0,04;2,39;0,36;0,26;0,00;0,00;0,00;0,05;0,00;1;9,81;6,39;0,03;0,65
235;2014;0,12;1,56;0,00;0,01;0,00;0,00;0,10;0,05;0,00;1;9,83;3,16;0,10;0,16
235;2015;0,06;1,48;0,00;0,03;0,00;0,00;0,10;0,05;0,00;1;9,82;0,68;0,05;0,13
236;2014;0,08;3,03;0,02;0,11;0,00;0,00;0,10;0,05;0,05;1;10,54;0,71;0,08;0,17
236;2015;0,06;3,28;0,13;0,13;0,00;0,00;0,10;0,05;0,05;1;10,58;0,68;0,06;0,14
236;2013;0,14;2,96;0,39;0,22;0,40;0,00;0,10;0,05;0,05;1;10,56;0,49;0,14;0,30
237;2014;0,13;1,94;0,06;0,04;0,00;0,00;0,10;0,00;0,00;7;9,67;3,40;0,18;0,48
237;2013;0,13;2,06;0,26;0,23;0,00;0,00;0,10;0,00;0,00;7;9,60;1,17;0,17;0,32
237;2015;0,16;1,94;0,00;0,03;0,00;0,00;0,10;0,00;0,00;7;9,74;0,89;0,20;0,38
238;2014;0,07;0,96;0,00;0,12;0,00;0,00;0,00;0,00;0,00;5;10,74;1,13;0,17;0,17
238;2013;0,09;1,05;0,00;0,00;0,00;0,00;0,00;0,00;0,00;5;10,56;0,59;0,18;0,17
238;2015;0,04;0,89;0,10;0,15;0,00;0,00;0,00;0,00;0,00;5;10,74;0,50;0,10;0,08
239;2014;0,03;4,42;0,00;0,00;0,00;0,00;0,00;0,00;0,00;4;9,67;0,99;0,01;0,19
239;2015;0,04;4,12;0,00;0,02;0,00;0,00;0,00;0,00;0,00;4;9,71;0,87;0,01;0,23
239;2013;0,03;3,88;0,00;0,00;0,00;0,00;0,00;0,00;0,00;4;9,64;0,56;0,01;0,15
240;2013;0,20;1,05;0,81;0,47;0,57;0,00;0,00;0,05;0,05;2;10,86;6,24;0,27;0,12
240;2015;0,19;1,39;0,09;0,10;0,11;0,00;0,10;0,05;0,05;2;10,80;0,52;0,27;0,27
240;2014;0,21;1,15;0,08;0,09;0,09;0,00;0,10;0,05;0,05;2;10,82;0,50;0,30;0,07
241;2013;0,00;0,07;0,59;0,92;0,96;0,82;0,00;0,05;0,05;4;11,95;0,35;0,05;0,05
241;2015;0,01;0,07;0,09;0,12;0,10;0,10;0,10;0,05;0,05;4;11,94;0,31;0,07;0,07
241;2014;0,01;0,08;0,09;0,12;0,09;0,09;0,10;0,05;0,05;4;11,96;0,27;0,08;0,09
242;2014;0,04;;0,00;0,00;0,00;0,00;0,00;0,00;0,00;3;9,32;0,23;0,02;0,07
242;2015;0,02;;0,00;0,00;0,00;0,00;0,00;0,00;0,00;3;9,32;0,22;0,01;0,03
242;2013;0,08;;0,00;0,00;0,00;0,00;0,00;0,00;0,00;3;9,25;0,02;0,04;0,12
243;2013;-0,01;0,94;0,61;0,44;0,44;0,43;0,00;0,05;0,00;1;10,42;3,18;-0,02;-0,04
243;2014;-0,01;0,89;0,06;0,08;0,06;0,06;0,10;0,05;0,05;1;10,43;3,16;-0,01;-0,03
243;2015;-0,02;0,99;0,08;0,09;0,04;0,06;0,10;0,05;0,05;1;10,40;2,42;-0,05;-0,08
244;2013;0,04;1,32;0,09;0,05;0,07;0,09;0,00;0,00;0,05;1;9,93;0,48;0,05;0,08
244;2014;0,06;1,41;0,00;0,02;0,01;0,01;0,00;0,00;0,05;1;9,92;0,32;0,07;0,12
244;2015;0,06;1,53;0,00;0,02;0,01;0,02;0,00;0,05;0,05;1;10,00;0,25;0,08;0,13
245;2015;0,17;;0,10;0,13;0,00;0,00;0,10;0,05;0,05;2;9,60;5,23;0,16;0,28
245;2013;0,19;;0,69;0,39;0,59;0,00;0,00;0,05;0,05;2;9,54;3,46;0,15;0,61
245;2014;0,19;;0,09;0,13;0,12;0,11;0,10;0,05;0,05;2;9,58;2,62;0,16;0,29
246;2015;0,09;2,65;0,15;0,10;0,11;0,07;0,10;0,05;0,00;2;9,65;0,63;0,09;0,24
246;2014;0,10;2,33;0,12;0,11;0,13;0,06;0,10;0,05;0,00;2;9,64;0,57;0,10;0,23
246;2013;0,09;2,19;0,86;0,77;0,79;0,41;0,10;0,05;0,00;2;9,65;0,53;0,09;0,22
247;2013;0,02;0,28;0,00;0,10;0,00;0,00;0,00;0,00;0,05;4;10,38;0,34;0,07;0,05
247;2014;0,01;0,28;0,00;0,02;0,00;0,00;0,00;0,05;0,05;4;10,40;0,30;0,06;0,04
247;2015;0,02;0,36;0,00;0,03;0,00;0,00;0,00;0,05;0,05;4;10,40;0,29;0,11;0,08
248;2015;0,09;1,76;0,01;0,02;0,00;0,00;0,10;0,05;0,05;4;10,26;0,68;0,12;0,24
248;2014;0,08;1,82;0,00;0,02;0,00;0,00;0,10;0,05;0,05;4;10,25;0,48;0,11;0,19
248;2013;0,08;1,57;0,08;0,17;0,00;0,00;0,00;0,05;0,05;4;10,23;0,33;0,11;0,19
249;2015;0,15;2,94;0,06;0,04;0,05;0,03;0,10;0,05;0,05;6;10,51;0,75;0,16;0,38
249;2014;0,15;3,56;0,03;0,03;0,03;0,02;0,10;0,05;0,05;6;10,50;0,52;0,16;0,31
249;2013;0,14;2,75;0,15;0,16;0,10;0,95;0,00;0,05;0,05;6;10,53;0,25;0,15;0,26
250;2013;0,25;;0,00;0,00;0,00;0,00;0,00;0,00;0,00;2;9,15;0,00;0,15;0,39
250;2014;0,27;;0,00;0,00;0,00;0,00;0,00;0,00;0,00;2;9,29;0,00;0,20;0,37
250;2015;0,11;;0,00;0,01;0,00;0,00;0,00;0,00;0,00;2;9,75;0,00;0,20;0,14
251;2014;0,15;3,25;0,08;0,12;0,05;0,12;0,00;0,05;0,05;2;10,54;4,55;0,21;1,42
251;2015;0,16;4,10;0,12;0,13;0,03;0,10;0,00;0,05;0,05;2;10,51;4,50;0,21;1,78
251;2013;0,13;2,61;0,63;0,72;0,73;0,61;0,00;0,05;0,05;2;10,54;3,40;0,19;1,24
252;2015;0,08;2,24;0,12;0,09;0,13;0,13;0,10;0,05;0,05;8;10,33;2,23;0,13;0,27
252;2014;0,11;2,62;0,09;0,06;0,09;0,11;0,10;0,05;0,05;8;10,37;1,02;0,17;0,24
252;2013;0,11;2,36;0,61;0,59;0,39;0,80;0,10;0,05;0,00;8;10,38;0,24;0,17;0,19
253;2015;0,06;0,66;0,03;0,05;0,02;0,00;0,10;0,05;0,05;8;10,24;0,40;0,11;0,10
253;2014;0,06;0,93;0,02;0,05;0,02;0,01;0,10;0,05;0,05;8;10,26;0,35;0,11;0,09
253;2013;0,06;0,81;0,85;0,50;0,33;0,18;0,10;0,05;0,05;8;10,29;0,27;0,12;0,09
254;2014;0,11;0,94;0,05;0,07;0,00;0,08;0,10;0,00;0,00;3;10,48;1,24;0,22;0,38
254;2015;0,07;0,84;0,05;0,08;0,00;0,09;0,10;0,00;0,00;3;10,63;0,90;0,11;0,14
254;2013;0,09;0,98;0,33;0,24;0,00;0,15;0,10;0,00;0,00;3;10,45;0,67;0,13;0,36
255;2014;0,09;1,69;0,02;0,04;0,06;0,10;0,10;0,05;0,05;5;10,99;0,90;0,04;0,23
255;2013;0,08;1,41;0,24;0,28;0,20;0,20;0,00;0,05;0,05;5;11,02;0,61;0,03;0,24
255;2015;0,13;1,58;0,04;0,04;0,05;0,09;0,10;0,05;0,05;5;11,01;0,29;0,04;0,32
256;2015;0,04;0,46;0,03;0,05;0,00;0,00;0,10;0,05;0,00;3;10,51;0,59;0,11;0,10
256;2013;0,04;0,91;0,24;0,43;0,00;0,00;0,10;0,05;0,00;3;10,55;0,50;0,10;0,09
256;2014;0,12;0,67;0,03;0,06;0,00;0,00;0,10;0,05;0,00;3;10,56;0,44;0,28;0,25
257;2015;-0,06;0,41;0,00;0,07;0,00;0,00;0,10;0,05;0,05;4;11,90;0,39;0,16;-0,11
257;2013;0,05;0,28;0,17;0,35;0,00;0,84;0,00;0,05;0,05;4;11,92;0,33;0,12;0,09
257;2014;0,08;0,42;0,04;0,04;0,00;0,12;0,10;0,05;0,05;4;11,90;0,25;0,27;0,15
258;2015;0,00;2,19;0,02;0,14;0,08;0,10;0,10;0,05;0,05;7;11,26;2,80;0,13;0,00
258;2013;0,00;1,68;0,35;0,42;0,57;0,82;0,10;0,05;0,05;7;11,19;2,35;0,09;0,05
258;2014;0,01;1,89;0,05;0,03;0,06;0,08;0,10;0,05;0,05;7;11,24;2,27;0,16;0,08
259;2014;0,06;1,30;0,01;0,02;0,00;0,01;0,10;0,05;0,05;7;10,02;0,53;0,13;0,14
259;2013;0,12;1,34;0,59;0,54;0,66;0,67;0,00;0,00;0,05;7;10,07;0,20;0,22;0,23
259;2015;0,13;1,66;0,04;0,02;0,01;0,03;0,10;0,05;0,05;7;9,92;0,16;0,21;0,22
260;2014;0,01;0,16;0,00;0,01;0,00;0,00;0,10;0,05;0,00;4;10,99;0,81;0,22;0,09
260;2015;0,01;0,16;0,00;0,03;0,00;0,00;0,10;0,05;0,00;4;11,09;0,71;0,21;0,08
260;2013;0,01;0,16;0,15;0,12;0,00;0,00;0,10;0,05;0,00;4;10,93;0,49;0,23;0,11
261;2015;0,09;0,73;0,00;0,03;0,00;0,00;0,00;0,00;0,05;7;10,39;0,51;0,14;0,17
261;2013;0,11;1,10;0,17;0,13;0,00;0,00;0,00;0,00;0,05;7;10,30;0,46;0,16;0,22
261;2014;0,17;1,69;0,00;0,02;0,00;0,00;0,00;0,00;0,05;7;10,35;0,39;0,22;0,35
262;2015;0,05;2,49;0,06;0,07;0,05;0,07;0,00;0,00;0,05;7;9,63;0,44;0,09;0,09
262;2014;0,09;2,01;0,06;0,06;0,06;0,06;0,00;0,00;0,05;7;9,64;0,41;0,14;0,14
262;2013;0,12;1,71;0,39;0,42;0,45;0,53;0,00;0,00;0,00;7;9,60;0,20;0,19;0,18
263;2013;0,05;1,45;0,00;0,00;0,00;0,00;0,00;0,00;0,00;5;10,18;2,58;0,09;0,21
263;2014;0,06;1,63;0,00;0,00;0,00;0,00;0,00;0,00;0,00;5;10,20;1,76;0,12;0,28
263;2015;0,04;1,37;0,00;0,06;0,00;0,00;0,00;0,00;0,00;5;10,35;0,64;0,09;0,09
264;2015;-0,10;0,89;0,00;0,07;0,00;0,00;0,00;0,05;0,00;3;10,38;0,77;-0,78;-0,22
264;2014;0,06;1,01;0,05;0,06;0,06;0,00;0,00;0,05;0,00;3;10,35;0,59;0,24;0,12
264;2013;0,05;1,47;0,65;0,30;0,50;0,00;0,00;0,05;0,00;3;10,29;0,50;0,20;0,11
265;2014;0,02;0,99;0,01;0,05;0,03;0,00;0,10;0,05;0,00;11;10,87;0,63;0,07;0,05
265;2013;-0,09;0,93;0,10;0,18;0,14;0,00;0,10;0,00;0,00;11;10,84;0,61;0,13;-0,21
265;2015;0,01;0,94;0,04;0,06;0,02;0,00;0,10;0,05;0,00;11;10,92;0,54;0,03;0,02
266;2015;0,01;0,47;0,04;0,06;0,02;0,02;0,10;0,05;0,05;8;10,40;1,07;0,02;0,06
266;2014;0,04;0,51;0,04;0,05;0,01;0,01;0,10;0,05;0,05;8;10,40;0,48;0,05;0,16
266;2013;0,02;0,62;0,12;0,13;0,05;0,03;0,10;0,05;0,05;8;10,39;0,37;0,03;0,10
267;2015;0,17;4,84;0,00;0,10;0,00;0,00;0,00;0,00;0,05;1;10,01;0,15;0,12;0,28
267;2013;0,17;3,98;0,00;0,00;0,00;0,00;0,00;0,00;0,00;1;9,73;0,11;0,11;0,26
267;2014;0,16;2,88;0,00;0,00;0,00;0,00;0,00;0,00;0,05;1;9,85;0,09;0,10;0,27
268;2015;0,04;4,59;0,12;0,11;0,14;0,12;0,10;0,05;0,05;1;10,35;1,59;0,09;0,12
268;2014;0,02;4,06;0,02;0,03;0,11;0,12;0,10;0,05;0,05;1;10,28;1,28;0,06;0,07
268;2013;0,05;3,46;0,89;0,62;0,92;0,80;0,10;0,05;0,05;1;10,25;1,13;0,13;0,13
269;2015;0,08;;0,00;0,06;0,00;0,00;0,00;0,00;0,00;6;10,18;1,16;0,08;0,33
269;2014;0,08;;0,00;0,00;0,00;0,00;0,00;0,00;0,00;6;10,19;0,82;0,09;0,22
269;2013;0,07;;0,00;0,00;0,00;0,00;0,00;0,00;0,00;6;10,19;0,56;0,08;0,20
270;2015;0,00;-0,72;0,00;0,00;0,00;0,00;0,00;0,00;0,00;4;10,88;0,26;0,59;0,03
270;2014;-0,01;-0,82;0,00;0,00;0,00;0,00;0,00;0,00;0,00;4;10,95;0,10;0,00;-0,08
270;2013;0,03;-0,78;0,00;0,00;0,00;0,00;0,00;0,00;0,00;4;13,91;0,07;0,92;0,28
271;2015;-0,03;1,63;0,00;0,03;0,00;0,00;0,10;0,05;0,05;6;10,39;0,24;0,08;-0,04
271;2014;0,07;1,26;0,10;0,06;0,00;0,00;0,10;0,05;0,05;6;10,42;0,15;0,12;0,12
271;2013;0,07;1,03;0,35;0,36;0,00;0,51;0,10;0,05;0,05;6;10,42;0,14;0,10;0,11
272;2013;0,06;0,79;0,00;0,00;0,00;0,00;0,10;0,00;0,00;3;10,54;0,79;0,17;0,18
272;2015;0,05;0,35;0,00;0,08;0,00;0,00;0,10;0,00;0,00;3;10,43;0,77;0,15;0,13
272;2014;0,06;0,65;0,00;0,00;0,00;0,00;0,10;0,00;0,00;3;10,53;0,72;0,17;0,16
273;2013;-0,09;;0,00;0,00;0,00;0,00;0,00;0,00;0,00;7;9,07;1,05;-0,17;-0,23
273;2014;-0,14;6,84;0,00;0,00;0,00;0,00;0,00;0,00;0,00;7;9,15;1,05;-0,26;-0,44
273;2015;-0,12;7,77;0,00;0,03;0,00;0,00;0,00;0,00;0,00;7;9,26;0,84;-0,20;-0,40
274;2013;0,01;1,13;0,29;0,46;0,00;0,00;0,00;0,05;0,05;6;10,51;0,79;0,18;0,09
274;2015;0,01;1,01;0,01;0,05;0,00;0,08;0,10;0,05;0,05;6;10,53;0,77;0,20;0,11
274;2014;0,01;1,26;0,05;0,05;0,00;0,11;0,10;0,05;0,05;6;10,52;0,72;0,19;0,10
275;2015;0,02;;0,00;0,03;0,00;0,00;0,00;0,00;0,05;4;11,07;0,59;0,02;0,05
275;2013;0,03;-0,13;0,21;0,37;0,28;0,00;0,00;0,00;0,05;4;11,01;0,57;0,03;0,06
275;2014;0,05;;0,05;0,03;0,00;0,00;0,00;0,00;0,05;4;11,04;0,56;0,03;0,09
276;2013;0,08;1,11;0,00;0,00;0,00;0,00;0,00;0,00;0,00;8;10,18;0,57;0,11;0,10
276;2014;0,08;1,00;0,00;0,00;0,00;0,00;0,00;0,00;0,00;8;10,19;0,33;0,13;0,14
276;2015;0,08;0,89;0,00;0,05;0,00;0,00;0,00;0,00;0,00;8;10,15;0,32;0,12;0,14
277;2015;0,05;1,63;0,12;0,11;0,10;0,12;0,10;0,05;0,05;7;9,86;1,47;0,06;0,20
277;2014;0,06;1,10;0,12;0,11;0,11;0,09;0,10;0,00;0,05;7;9,84;1,13;0,07;0,19
277;2013;0,08;1,00;0,81;0,74;0,94;0,48;0,00;0,00;0,05;7;9,76;0,80;0,08;0,23
278;2015;0,05;1,92;0,08;0,04;0,10;0,08;0,00;0,05;0,05;1;9,86;1,33;0,09;0,15
278;2014;0,18;1,82;0,05;0,03;0,13;0,10;0,00;0,05;0,05;1;9,82;0,95;0,29;0,53
278;2013;0,09;1,65;0,20;0,13;0,00;0,28;0,00;0,05;0,00;1;9,78;0,94;0,20;0,24
279;2014;0,03;1,47;0,00;0,00;0,00;0,00;0,00;0,00;0,00;4;10,04;0,95;0,24;0,04
279;2013;0,03;1,27;0,00;0,00;0,00;0,00;0,00;0,00;0,00;4;10,00;0,87;0,26;0,04
279;2015;0,02;1,54;0,00;0,09;0,00;0,00;0,00;0,00;0,00;4;10,07;0,79;0,25;0,05
280;2015;0,02;0,92;0,00;0,11;0,00;0,00;0,10;0,00;0,00;3;10,19;27,17;0,03;0,55
280;2014;0,02;1,22;0,00;0,12;0,00;0,00;0,10;0,00;0,00;3;10,18;12,15;0,03;0,51
280;2013;0,02;1,09;0,00;0,52;0,00;0,00;0,00;0,00;0,00;3;10,25;3,85;0,02;0,12
281;2014;0,05;1,15;0,12;0,07;0,00;0,00;0,10;0,05;0,00;1;10,33;1,60;0,07;0,34
281;2015;0,05;1,08;0,00;0,07;0,00;0,00;0,10;0,05;0,00;1;10,34;1,45;0,07;0,44
281;2013;0,05;1,08;0,55;0,44;0,00;0,00;0,00;0,00;0,00;1;10,34;1,13;0,07;0,30
282;2015;0,09;1,49;0,08;0,06;0,10;0,14;0,10;0,05;0,05;7;11,03;0,87;0,25;0,19
282;2014;0,12;1,82;0,00;0,07;0,00;0,00;0,10;0,05;0,00;7;10,99;0,68;0,28;0,23
282;2013;0,13;1,77;0,51;0,55;0,00;0,00;0,10;0,05;0,00;7;10,93;0,52;0,29;0,25
283;2013;0,11;2,41;0,00;0,00;0,00;0,00;0,00;0,00;0,00;1;9,78;0,71;0,10;0,33
283;2015;0,14;3,92;0,00;0,06;0,00;0,00;0,00;0,00;0,00;1;9,82;0,71;0,12;0,46
283;2014;0,12;3,17;0,00;0,00;0,00;0,00;0,00;0,00;0,00;1;9,82;0,69;0,11;0,38
284;2015;-0,16;1,29;0,00;0,03;0,00;0,00;0,10;0,05;0,05;3;10,64;0,28;0,28;-0,26
284;2014;0,01;1,13;0,02;0,03;0,01;0,07;0,10;0,05;0,05;3;10,75;0,20;0,03;0,02
284;2013;0,09;1,10;0,10;0,15;0,74;0,48;0,10;0,05;0,05;3;10,84;0,16;0,24;0,14
285;2015;0,01;0,90;0,00;0,00;0,00;0,00;0,00;0,00;0,00;3;10,35;1,32;0,01;0,04
285;2014;0,04;1,29;0,00;0,00;0,00;0,00;0,00;0,00;0,00;3;10,35;1,08;0,02;0,11
285;2013;0,05;1,27;0,00;0,00;0,00;0,00;0,00;0,00;0,00;3;10,31;0,88;0,02;0,14
286;2013;0,09;;0,00;0,00;0,00;0,00;0,00;0,00;0,00;7;9,78;0,00;0,25;0,34
286;2014;0,10;;0,00;0,00;0,00;0,00;0,00;0,00;0,00;7;9,80;0,00;0,25;0,36
286;2015;0,11;;0,00;0,06;0,00;0,00;0,00;0,00;0,00;7;9,78;0,00;0,26;0,40
287;2014;0,07;1,02;0,00;0,08;0,00;0,00;0,10;0,00;0,05;6;10,31;0,83;0,07;0,19
287;2015;0,08;0,67;0,00;0,08;0,00;0,00;0,10;0,00;0,05;6;10,32;0,83;0,08;0,23
287;2013;0,06;0,88;0,00;0,00;0,00;0,00;0,00;0,00;0,00;6;10,32;0,02;0,07;0,19
288;2015;0,01;0,67;0,14;0,11;0,06;0,10;0,10;0,05;0,05;11;10,80;0,97;0,05;0,05
288;2014;0,03;0,66;0,08;0,11;0,03;0,10;0,10;0,05;0,05;11;10,78;0,96;0,08;0,09
288;2013;0,02;0,59;0,68;0,44;0,04;0,26;0,10;0,05;0,05;11;10,75;0,89;0,05;0,06
289;2015;0,15;;0,00;0,08;0,00;0,00;0,00;0,00;0,00;1;10,24;0,70;0,28;0,30
289;2014;0,18;;0,00;0,00;0,00;0,00;0,00;0,00;0,00;1;10,17;0,45;0,29;0,30
289;2013;0,20;;0,00;0,00;0,00;0,00;0,00;0,00;0,00;1;10,02;0,25;0,28;0,33
290;2014;0,04;0,81;0,00;0,00;0,00;0,00;0,10;0,00;0,05;11;10,55;0,68;0,14;0,13
290;2013;0,04;0,72;0,00;0,36;0,00;0,00;0,10;0,00;0,05;11;10,51;0,68;0,12;0,11
290;2015;0,05;0,76;0,00;0,04;0,00;0,00;0,10;0,00;0,05;11;10,57;0,68;0,16;0,13
291;2015;0,08;2,42;0,03;0,03;0,08;0,07;0,10;0,05;0,05;2;10,84;2,42;0,09;0,37
291;2014;0,08;2,30;0,02;0,04;0,08;0,08;0,10;0,05;0,05;2;10,85;1,92;0,10;0,30
291;2013;0,09;1,90;0,29;0,32;0,36;0,13;0,10;0,05;0,05;2;10,89;1,00;0,10;0,29
292;2015;0,04;1,28;0,09;0,06;0,09;0,04;0,10;0,05;0,05;5;11,22;0,45;0,14;0,10
292;2014;0,05;1,16;0,04;0,06;0,03;0,04;0,10;0,05;0,05;5;11,23;0,44;0,18;0,12
292;2013;0,12;1,13;0,40;0,34;0,28;0,25;0,10;0,05;0,05;5;11,24;0,40;0,43;0,28
293;2015;0,01;0,06;0,02;0,03;0,02;0,03;0,10;0,05;0,05;4;11,34;0,35;0,10;0,12
293;2013;0,00;0,07;0,08;0,18;0,00;0,00;0,10;0,05;0,05;4;11,32;0,27;0,09;0,09
293;2014;0,01;0,07;0,02;0,03;0,01;0,04;0,10;0,05;0,05;4;11,34;0,25;0,11;0,11
294;2013;0,08;1,73;0,11;0,24;0,09;0,45;0,10;0,05;0,00;2;11,16;0,32;0,13;0,16
294;2015;0,07;1,77;0,04;0,05;0,05;0,00;0,10;0,05;0,00;2;11,11;0,29;0,12;0,14
294;2014;0,07;1,95;0,04;0,07;0,04;0,11;0,10;0,05;0,00;2;11,13;0,29;0,12;0,14
295;2015;0,04;0,58;0,00;0,03;0,00;0,00;0,00;0,00;0,00;4;10,47;0,37;0,05;0,14
295;2014;0,04;0,56;0,00;0,00;0,00;0,00;0,00;0,00;0,00;4;10,41;0,31;0,06;0,17
295;2013;0,05;0,60;0,32;0,00;0,00;0,00;0,00;0,00;0,00;4;10,39;0,30;0,07;0,19
296;2014;0,07;1,41;0,08;0,06;0,00;0,00;0,00;0,05;0,00;6;10,10;0,57;0,07;0,17
296;2013;0,08;1,42;0,55;0,27;0,00;0,00;0,00;0,05;0,00;6;10,11;0,47;0,08;0,17
296;2015;0,09;1,11;0,00;0,06;0,00;0,00;0,00;0,05;0,00;6;10,07;0,28;0,08;0,20
297;2015;0,03;1,10;0,12;0,12;0,03;0,05;0,10;0,05;0,05;4;10,17;0,80;0,39;0,06
297;2014;0,02;1,23;0,13;0,14;0,04;0,07;0,10;0,05;0,05;4;10,17;0,68;0,35;0,05
297;2013;0,01;1,12;0,94;0,97;0,00;0,00;0,10;0,05;0,05;4;10,17;0,66;0,18;0,02
298;2015;0,21;4,74;0,10;0,10;0,11;0,09;0,10;0,05;0,05;2;10,53;-2,15;0,09;-0,52
298;2014;0,21;4,34;0,11;0,09;0,13;0,08;0,10;0,00;0,05;2;10,55;-2,23;0,09;-0,77
298;2013;0,23;4,26;0,76;0,81;0,93;0,64;0,10;0,00;0,05;2;10,58;-3,56;0,11;-1,51
299;2015;0,01;0,21;0,01;0,03;0,02;0,04;0,10;0,00;0,05;4;11,55;1,18;0,25;0,09
299;2014;0,01;0,20;0,02;0,03;0,02;0,06;0,10;0,00;0,05;4;11,54;1,08;0,26;0,09
299;2013;0,01;0,22;0,07;0,14;0,08;0,00;0,10;0,00;0,05;4;11,51;0,87;0,25;0,10
300;2015;0,08;1,66;0,11;0,10;0,14;0,05;0,10;0,05;0,00;8;10,23;0,86;0,09;0,28
300;2014;0,12;1,91;0,00;0,11;0,00;0,00;0,10;0,05;0,00;8;10,25;0,75;0,14;0,36
300;2013;0,20;1,68;0,32;0,33;0,19;0,35;0,00;0,05;0,00;8;10,20;0,68;0,21;0,65
301;2014;0,02;0,84;0,00;0,00;0,00;0,11;0,00;0,00;0,00;11;10,69;1,87;0,09;0,06
301;2015;0,04;1,09;0,00;0,03;0,00;0,11;0,00;0,00;0,00;11;10,59;1,79;0,12;0,14
301;2013;0,04;0,82;0,00;0,00;0,00;0,00;0,00;0,00;0,00;11;10,67;1,38;0,15;0,13
302;2013;0,00;0,08;0,83;0,64;0,67;0,00;0,00;0,05;0,00;4;11,86;0,76;-0,02;-0,02
302;2015;0,01;0,08;0,11;0,07;0,06;0,08;0,10;0,05;0,00;4;11,88;0,68;0,10;0,13
302;2014;0,00;0,09;0,06;0,06;0,05;0,08;0,10;0,05;0,00;4;11,88;0,47;0,02;0,03
303;2015;0,09;0,98;0,00;0,09;0,00;0,00;0,00;0,00;0,05;3;10,69;0,38;0,04;0,19
303;2014;0,10;0,85;0,00;0,00;0,00;0,00;0,00;0,00;0,05;3;10,69;0,36;0,03;0,22
303;2013;0,07;0,91;0,00;0,00;0,00;0,00;0,00;0,00;0,05;3;10,70;0,28;0,02;0,17
304;2015;0,08;2,05;0,04;0,02;0,08;0,13;0,10;0,05;0,05;8;10,26;2,04;0,14;0,33
304;2014;0,08;2,32;0,04;0,02;0,07;0,11;0,10;0,05;0,05;8;10,30;1,54;0,14;0,26
304;2013;0,09;2,27;0,27;0,21;0,55;0,87;0,10;0,05;0,05;8;10,31;1,21;0,15;0,28
305;2013;-0,06;2,31;0,00;0,00;0,00;0,00;0,00;0,00;0,00;3;10,09;0,40;-0,24;-0,12
305;2015;-0,02;1,33;0,00;0,02;0,00;0,00;0,00;0,00;0,00;3;10,18;0,38;-0,06;-0,03
305;2014;0,07;1,60;0,00;0,00;0,00;0,00;0,00;0,00;0,00;3;10,17;0,31;0,18;0,13
306;2015;0,10;1,41;0,13;0,00;0,13;0,05;0,00;0,05;0,05;7;10,70;0,33;0,20;0,14
306;2013;0,15;2,38;0,65;0,74;0,91;0,86;0,00;0,05;0,05;7;10,67;0,00;0,27;0,18
306;2014;0,17;2,20;0,12;0,12;0,15;0,06;0,00;0,05;0,05;7;10,69;0,00;0,30;0,21
307;2014;0,10;;0,04;0,02;0,05;0,01;0,10;0,00;0,05;2;10,18;1,02;0,17;0,30
307;2013;0,11;;0,40;0,39;0,61;0,39;0,10;0,00;0,05;2;10,19;0,99;0,21;0,34
307;2015;0,07;;0,04;0,03;0,06;0,02;0,10;0,00;0,05;2;10,73;0,93;0,30;0,22
308;2014;0,03;1,39;0,02;0,01;0,10;0,08;0,10;0,05;0,05;1;10,32;0,96;0,08;0,08
308;2013;0,04;1,01;0,18;0,06;0,62;0,72;0,10;0,05;0,05;1;10,30;0,92;0,09;0,09
308;2015;0,00;1,60;0,02;0,01;0,09;0,09;0,10;0,05;0,05;1;10,32;0,84;0,00;0,08
309;2013;0,17;8,90;0,00;0,00;0,00;0,00;0,00;0,00;0,00;5;9,47;0,26;0,20;0,26
309;2014;0,10;10,62;0,00;0,00;0,00;0,00;0,00;0,00;0,00;5;9,59;0,18;0,12;0,14
309;2015;0,13;8,97;0,00;0,08;0,00;0,00;0,00;0,00;0,00;5;9,75;0,10;0,16;0,19
310;2015;0,01;0,13;0,00;0,01;0,00;0,00;0,00;0,00;0,00;4;11,10;0,52;0,19;0,06
310;2013;0,01;0,11;0,00;0,00;0,00;0,00;0,00;0,00;0,00;4;11,07;0,32;0,21;0,07
310;2014;0,01;0,12;0,00;0,00;0,00;0,00;0,00;0,00;0,00;4;11,08;0,21;0,22;0,07
311;2014;0,06;3,26;0,00;0,00;0,00;0,00;0,00;0,00;0,00;7;9,55;0,58;0,10;0,12
311;2015;0,05;3,88;0,00;0,05;0,00;0,00;0,00;0,00;0,00;7;9,59;0,54;0,10;0,15
311;2013;0,06;2,96;0,00;0,00;0,00;0,00;0,00;0,00;0,00;7;9,46;0,03;0,12;0,12
312;2015;0,08;1,22;0,00;0,04;0,00;0,00;0,00;0,00;0,00;1;9,80;0,23;0,06;0,13
312;2014;0,12;2,24;0,00;0,07;0,00;0,00;0,00;0,00;0,00;1;9,80;0,21;0,10;0,18
312;2013;0,13;2,27;0,00;0,00;0,00;0,00;0,00;0,00;0,00;1;9,78;0,14;0,10;0,19
313;2015;0,13;1,93;0,12;0,10;0,12;0,11;0,10;0,05;0,05;6;9,81;0,74;0,13;0,33
313;2014;0,14;2,23;0,00;0,08;0,12;0,09;0,10;0,05;0,05;6;9,79;0,58;0,14;0,31
313;2013;0,14;2,55;0,70;0,48;0,89;0,84;0,10;0,05;0,05;6;9,77;0,43;0,12;0,35
314;2013;0,07;1,82;0,00;0,00;0,00;0,00;0,00;0,00;0,00;6;9,91;0,62;0,19;0,14
314;2015;0,08;2,12;0,00;0,07;0,00;0,00;0,00;0,00;0,00;6;10,01;0,46;0,18;0,14
314;2014;0,08;2,02;0,00;0,00;0,00;0,00;0,00;0,00;0,00;6;9,92;0,41;0,16;0,14
315;2014;0,21;3,60;0,00;0,00;0,00;0,00;0,00;0,00;0,00;1;9,67;0,18;0,08;0,42
315;2015;0,21;4,15;0,00;0,01;0,00;0,00;0,00;0,00;0,00;1;9,69;0,17;0,09;0,43
315;2013;0,22;4,14;0,00;0,00;0,00;0,00;0,00;0,00;0,00;1;9,60;0,08;0,08;0,46
316;2015;0,04;1,14;0,00;0,01;0,00;0,00;0,10;0,00;0,05;6;10,31;0,97;0,07;0,10
316;2014;0,03;1,08;0,00;0,01;0,00;0,00;0,10;0,00;0,05;6;10,30;0,91;0,05;0,07
316;2013;0,03;0,97;0,00;0,00;0,00;0,00;0,00;0,00;0,00;6;10,30;0,89;0,06;0,08
317;2014;0,08;1,23;0,09;0,09;0,08;0,07;0,10;0,05;0,05;6;10,45;0,56;0,10;0,20
317;2015;0,07;1,33;0,08;0,09;0,09;0,14;0,10;0,05;0,05;6;10,47;0,53;0,09;0,21
317;2013;0,08;0,95;0,51;0,58;0,65;0,83;0,00;0,05;0,05;6;10,41;0,43;0,08;0,22
318;2015;-0,02;;0,00;0,11;0,00;0,00;0,10;0,05;0,05;10;10,90;1,50;-0,10;-0,08
318;2014;-0,04;;0,09;0,11;0,07;0,05;0,10;0,05;0,05;10;10,92;1,47;-0,11;-0,13
318;2013;-0,03;;0,40;0,35;0,63;0,49;0,10;0,05;0,05;10;10,93;1,25;-0,12;-0,12
319;2013;-0,01;2,56;0,00;0,00;0,00;0,00;0,00;0,00;0,00;10;9,83;15,12;-0,04;-0,12
320;2014;0,00;2,82;0,00;0,00;0,00;0,00;0,00;0,00;0,00;10;9,89;-4,95;-0,02;2,64
320;2015;-0,02;2,96;0,00;0,00;0,00;0,00;0,00;0,00;0,00;10;9,87;-11,90;-0,11;0,14
321;2013;0,01;5,90;0,51;0,52;0,00;0,00;0,00;0,00;0,05;1;10,01;0,42;0,01;0,02
321;2014;0,23;5,07;0,10;0,08;0,00;0,00;0,10;0,05;0,05;1;10,09;0,35;0,15;0,48
321;2015;0,20;7,17;0,08;0,09;0,10;0,02;0,10;0,05;0,05;1;10,11;0,33;0,12;0,42
322;2015;0,01;0,30;0,03;0,06;0,03;0,00;0,00;0,00;0,00;4;11,26;0,24;0,21;0,12
322;2013;0,01;0,36;0,24;0,15;0,00;0,00;0,00;0,00;0,00;4;11,16;0,20;0,19;0,11
322;2014;0,01;0,34;0,06;0,02;0,01;0,00;0,00;0,00;0,00;4;11,19;0,17;0,21;0,12
323;2015;0,01;;0,00;0,03;0,03;0,08;0,10;0,05;0,05;3;10,52;1,98;0,04;0,03
323;2014;0,03;;0,12;0,03;0,02;0,10;0,10;0,05;0,05;3;10,53;1,56;0,18;0,13
323;2013;0,03;;0,64;0,06;0,12;0,50;0,10;0,05;0,05;3;10,53;1,53;0,19;0,12
324;2015;0,18;4,39;0,00;0,11;0,00;0,00;0,10;0,05;0,00;8;9,76;2,21;0,09;1,13
324;2014;0,14;4,59;0,11;0,12;0,00;0,00;0,10;0,05;0,00;8;9,76;1,13;0,08;0,63
324;2013;0,12;2,96;0,68;0,78;0,75;0,00;0,10;0,05;0,00;8;9,80;0,65;0,07;0,42
325;2014;0,06;2,99;0,00;0,00;0,00;0,00;0,00;0,00;0,00;1;9,92;3,43;0,12;0,24
325;2013;0,04;2,90;0,00;0,00;0,00;0,00;0,00;0,00;0,00;1;9,95;1,13;0,10;0,11
325;2015;0,06;3,52;0,00;0,06;0,00;0,00;0,00;0,00;0,00;1;9,91;-32,72;0,11;0,89
326;2015;0,03;1,12;0,00;0,07;0,00;0,00;0,10;0,00;0,05;2;10,22;0,76;0,06;0,06
326;2014;0,06;1,26;0,00;0,06;0,00;0,00;0,10;0,00;0,05;2;9,97;0,37;0,10;0,11
326;2013;0,06;1,38;0,44;0,38;0,51;0,00;0,10;0,00;0,05;2;9,97;0,36;0,10;0,11
327;2015;0,03;1,31;0,06;0,06;0,12;0,08;0,10;0,00;0,05;3;10,83;0,41;0,06;0,06
327;2014;0,08;1,63;0,04;0,07;0,12;0,12;0,10;0,00;0,05;3;10,83;0,28;0,11;0,14
327;2013;0,10;1,72;0,62;0,76;0,88;0,21;0,00;0,00;0,00;3;10,83;0,26;0,15;0,18
328;2015;0,02;1,06;0,07;0,06;0,09;0,14;0,00;0,00;0,05;4;10,30;1,49;0,16;0,04
328;2014;0,03;1,11;0,00;0,02;0,00;0,00;0,00;0,00;0,00;4;10,23;1,26;0,33;0,08
328;2013;0,01;1,03;0,17;0,38;0,67;0,60;0,00;0,00;0,00;4;10,17;1,11;0,07;0,02
329;2015;0,05;;0,00;0,06;0,00;0,00;0,10;0,00;0,05;7;9,96;0,38;0,08;0,08
329;2013;0,11;;0,59;0,45;0,00;0,00;0,00;0,00;0,05;7;10,02;0,28;0,17;0,15
329;2014;0,10;;0,00;0,05;0,00;0,00;0,10;0,00;0,05;7;10,01;0,18;0,15;0,15
330;2015;0,03;0,89;0,00;0,02;0,03;0,01;0,10;0,00;0,00;11;10,89;1,20;0,14;0,12
330;2013;0,03;0,89;0,00;0,09;0,11;0,00;0,10;0,00;0,00;11;10,81;1,12;0,10;0,09
330;2014;0,03;0,97;0,00;0,02;0,04;0,00;0,10;0,00;0,00;11;9,86;1,04;0,11;0,10
331;2015;0,06;2,69;0,00;0,07;0,00;0,00;0,10;0,05;0,05;4;10,49;5,01;0,28;0,39
331;2014;0,05;2,59;0,03;0,07;0,00;0,00;0,10;0,05;0,05;4;10,47;4,09;0,31;0,26
331;2013;0,04;2,05;0,54;0,44;0,00;0,00;0,00;0,00;0,05;4;10,52;3,88;0,31;0,23
332;2015;0,05;1,85;0,00;0,00;0,00;0,00;0,00;0,00;0,00;6;9,85;1,12;0,09;0,11
332;2014;0,08;2,87;0,00;0,00;0,00;0,00;0,00;0,00;0,00;6;9,64;0,81;0,13;0,18
332;2013;0,08;2,85;0,00;0,00;0,00;0,00;0,00;0,00;0,00;6;9,59;0,73;0,15;0,19
333;2015;0,03;0,93;0,00;0,10;0,12;0,00;0,10;0,05;0,05;11;10,61;1,11;0,13;0,12
333;2014;0,03;1,02;0,00;0,09;0,09;0,00;0,10;0,05;0,05;11;10,60;1,07;0,11;0,10
333;2013;0,03;0,90;0,31;0,59;0,48;0,00;0,00;0,05;0,05;11;10,57;1,02;0,09;0,09
334;2014;0,01;0,18;0,00;0,00;0,00;0,00;0,00;0,00;0,00;4;11,28;0,60;0,21;0,08
334;2013;0,01;0,19;0,00;0,00;0,00;0,00;0,00;0,00;0,00;4;11,24;0,52;0,16;0,06
334;2015;0,01;0,15;0,00;0,03;0,00;0,00;0,00;0,00;0,00;4;11,28;0,38;0,23;0,08
335;2013;0,07;0,19;0,33;0,35;0,50;0,00;0,00;0,00;0,00;5;10,01;0,83;0,13;0,18
335;2015;0,10;0,15;0,09;0,07;0,11;0,00;0,00;0,00;0,00;5;10,05;0,82;0,18;0,25
335;2014;0,09;0,18;0,12;0,07;0,08;0,00;0,00;0,00;0,00;5;10,01;0,75;0,16;0,22
336;2015;0,01;-0,09;0,00;0,04;0,01;0,02;0,00;0,05;0,05;4;11,39;0,63;0,18;0,10
336;2014;0,01;-0,18;0,01;0,03;0,01;0,00;0,00;0,05;0,05;4;11,44;0,51;0,19;0,10
336;2013;0,01;-0,10;0,13;0,41;0,17;0,27;0,00;0,05;0,05;4;11,39;0,49;0,21;0,11
337;2013;0,16;1,34;0,39;0,59;0,04;0,50;0,10;0,00;0,05;2;10,16;1,44;0,39;0,49
337;2014;0,05;1,60;0,08;0,12;0,01;0,05;0,00;0,00;0,05;2;10,18;1,26;0,12;0,15
337;2015;0,07;2,04;0,13;0,12;0,02;0,02;0,00;0,00;0,05;2;10,21;1,00;0,14;0,16
338;2015;0,05;1,25;0,00;0,07;0,00;0,00;0,10;0,00;0,05;6;10,20;0,68;0,07;0,13
338;2013;0,03;0,94;0,43;0,47;0,47;0,70;0,00;0,00;0,05;6;10,22;0,56;0,04;0,07
338;2014;0,04;1,12;0,09;0,09;0,13;0,12;0,10;0,00;0,05;6;10,22;0,55;0,06;0,10
339;2015;0,09;2,06;0,00;0,08;0,00;0,00;0,10;0,00;0,00;5;10,21;0,38;0,14;0,17
339;2014;0,03;2,01;0,00;0,10;0,00;0,00;0,10;0,00;0,00;5;10,25;0,38;0,05;0,06
339;2013;0,07;1,62;0,54;0,47;0,00;0,00;0,00;0,00;0,00;5;10,20;0,30;0,11;0,12
340;2013;0,06;1,31;0,12;0,34;0,29;0,54;0,00;0,00;0,05;7;10,12;0,36;0,13;0,16
340;2014;0,07;1,41;0,01;0,02;0,03;0,01;0,10;0,00;0,05;7;10,11;0,30;0,15;0,17
340;2015;0,05;1,05;0,01;0,02;0,00;0,10;0,00;0,00;0,05;7;10,10;0,30;0,11;0,11
341;2014;0,06;1,31;0,00;0,07;0,00;0,00;0,00;0,05;0,00;2;10,25;1,36;0,02;0,16
341;2015;0,05;1,88;0,00;0,10;0,00;0,00;0,00;0,05;0,00;2;10,12;1,08;0,02;0,15
341;2013;0,08;1,63;0,78;0,49;0,69;0,00;0,00;0,05;0,00;2;10,11;0,56;0,02;0,19
342;2015;0,04;0,85;0,03;0,04;0,03;0,02;0,10;0,05;0,05;10;11,60;0,97;0,09;0,13
342;2014;0,02;0,85;0,06;0,03;0,04;0,04;0,10;0,05;0,05;10;11,47;0,88;0,05;0,07
342;2013;0,07;0,95;0,27;0,26;0,28;0,16;0,10;0,05;0,05;10;11,44;0,76;0,14;0,21
343;2015;0,03;1,65;0,03;0,08;0,02;0,04;0,10;0,05;0,05;2;10,09;0,41;0,07;0,05
343;2013;0,04;0,91;0,43;0,60;0,35;0,10;0,10;0,05;0,05;2;10,19;0,37;0,09;0,07
343;2014;0,03;1,21;0,03;0,05;0,03;0,06;0,10;0,05;0,05;2;10,15;0,30;0,09;0,06
344;2014;0,05;2,36;0,00;0,00;0,00;0,00;0,00;0,00;0,00;6;9,84;-5,10;0,08;-0,32
344;2015;0,06;2,30;0,00;0,05;0,00;0,00;0,00;0,00;0,00;6;9,93;-8,65;0,16;-0,40
344;2013;0,05;2,12;0,00;0,00;0,00;0,00;0,00;0,00;0,00;6;9,80;-24,47;0,13;1,04
345;2015;-0,02;1,40;0,04;0,02;0,06;0,00;0,10;0,05;0,05;1;10,62;0,90;-0,02;-0,05
345;2014;0,03;1,11;0,04;0,06;0,05;0,00;0,10;0,05;0,05;1;10,67;0,84;0,02;0,09
345;2013;0,05;1,19;0,33;0,27;0,30;0,00;0,10;0,05;0,05;1;10,67;0,78;0,03;0,15
346;2014;0,04;2,09;0,12;0,09;0,00;0,00;0,00;0,05;0,05;1;9,70;0,31;0,04;0,06
346;2015;0,10;1,64;0,11;0,11;0,00;0,00;0,00;0,05;0,05;1;9,71;0,28;0,12;0,17
346;2013;0,10;1,68;0,79;0,71;0,00;0,00;0,00;0,05;0,05;1;9,69;0,27;0,12;0,17
347;2015;0,20;4,00;0,00;0,03;0,00;0,00;0,10;0,00;0,00;1;10,08;0,37;0,07;0,53
347;2014;0,20;3,69;0,00;0,00;0,00;0,00;0,10;0,00;0,00;1;10,06;0,37;0,08;0,50
347;2013;0,22;3,95;0,19;0,14;0,00;0,00;0,10;0,00;0,00;1;10,03;0,31;0,08;0,56
348;2014;0,04;1,43;0,09;0,05;0,00;0,00;0,10;0,00;0,05;5;10,63;0,60;0,11;0,09
348;2013;0,04;1,35;0,70;0,26;0,73;0,00;0,00;0,00;0,05;5;10,50;0,56;0,10;0,08
348;2015;0,05;1,63;0,00;0,04;0,00;0,00;0,10;0,00;0,05;5;10,61;0,54;0,12;0,10
349;2015;0,01;0,84;0,00;0,07;0,00;0,00;0,00;0,00;0,00;10;10,80;1,58;0,02;0,04
349;2014;0,00;0,67;0,00;0,00;0,00;0,00;0,00;0,00;0,00;10;10,75;1,56;0,01;0,02
349;2013;0,00;0,81;0,00;0,00;0,00;0,00;0,00;0,00;0,00;10;10,70;1,18;0,00;0,00
350;2015;0,06;1,29;0,00;0,02;0,03;0,00;0,10;0,05;0,05;1;10,46;0,53;0,15;0,13
350;2014;0,00;1,33;0,00;0,03;0,00;0,00;0,10;0,05;0,05;1;10,49;0,46;0,01;0,01
350;2013;0,06;1,21;0,21;0,19;0,00;0,00;0,00;0,05;0,05;1;10,51;0,36;0,16;0,12
351;2013;0,14;7,94;0,00;0,00;0,00;0,00;0,00;0,00;0,00;1;9,17;0,35;0,22;0,25
351;2014;0,12;5,43;0,00;0,00;0,00;0,00;0,00;0,00;0,00;1;9,29;0,23;0,18;0,22
351;2015;0,09;5,65;0,00;0,04;0,00;0,00;0,00;0,00;0,00;1;9,33;0,14;0,13;0,15
352;2013;0,21;;0,37;0,38;0,00;0,00;0,00;0,00;0,05;4;9,70;0,00;0,30;0,23
352;2014;0,22;;0,06;0,04;0,06;0,09;0,00;0,00;0,05;4;9,75;0,00;0,31;0,23
352;2015;0,22;;0,09;0,05;0,02;0,09;0,00;0,00;0,05;4;9,71;0,00;0,29;0,25
353;2015;0,03;0,28;0,00;0,04;0,00;0,00;0,10;0,05;0,00;4;11,00;0,27;0,13;0,14
353;2014;0,04;0,29;0,00;0,02;0,00;0,00;0,10;0,05;0,00;4;11,01;0,26;0,13;0,15
353;2013;0,04;0,27;0,46;0,22;0,00;0,00;0,10;0,05;0,00;4;11,02;0,25;0,14;0,15
354;2015;0,17;4,58;0,00;0,06;0,00;0,00;0,00;0,00;0,00;1;9,37;0,16;0,07;0,30
354;2014;0,18;4,95;0,00;0,00;0,00;0,00;0,00;0,00;0,00;1;9,31;0,00;0,06;0,30
354;2013;0,17;5,34;0,00;0,00;0,00;0,00;0,00;0,00;0,00;1;9,28;0,00;0,06;0,29
355;2014;-0,06;4,93;0,00;0,00;0,00;0,00;0,00;0,00;0,00;1;9,77;1,99;-0,09;-0,32
355;2015;-0,13;3,92;0,00;0,05;0,00;0,00;0,00;0,00;0,00;1;9,91;1,87;-0,22;-0,90
355;2013;-0,04;7,66;0,00;0,00;0,00;0,00;0,00;0,00;0,00;1;9,38;0,90;-0,04;-0,15
356;2014;0,05;0,84;0,00;0,03;0,03;0,00;0,00;0,00;0,00;2;10,38;0,76;0,02;0,12
356;2015;0,05;1,00;0,06;0,04;0,02;0,00;0,00;0,00;0,00;2;10,36;0,62;0,03;0,13
356;2013;0,07;0,90;0,00;0,12;0,28;0,00;0,00;0,00;0,00;2;10,07;0,30;0,02;0,14
357;2013;0,04;;0,00;0,00;0,00;0,00;0,00;0,00;0,00;1;10,68;3,35;0,09;0,29
357;2014;0,04;;0,00;0,00;0,00;0,00;0,00;0,00;0,05;1;10,69;2,83;0,09;0,27
357;2015;0,04;;0,00;0,02;0,00;0,00;0,00;0,00;0,05;1;10,69;2,50;0,08;0,21
358;2015;0,06;1,10;0,00;0,02;0,00;0,00;0,00;0,00;0,05;1;10,81;1,00;0,14;0,16
358;2014;0,06;1,40;0,00;0,09;0,00;0,00;0,00;0,05;0,00;1;10,80;0,87;0,14;0,14
358;2013;0,06;1,15;0,73;0,59;0,00;0,00;0,00;0,05;0,00;1;10,83;0,67;0,12;0,12
359;2013;0,11;2,45;0,27;0,17;0,27;0,58;0,00;0,05;0,00;7;10,28;0,38;0,17;0,19
359;2014;0,16;3,16;0,04;0,02;0,06;0,08;0,00;0,05;0,00;7;10,25;0,35;0,21;0,26
359;2015;0,18;3,33;0,05;0,02;0,04;0,08;0,00;0,05;0,00;7;10,21;0,31;0,23;0,29
360;2014;0,04;0,89;0,02;0,02;0,02;0,11;0,10;0,05;0,00;6;10,17;0,78;0,04;0,12
360;2013;0,04;0,84;0,36;0,27;0,35;0,70;0,10;0,05;0,00;6;10,11;0,73;0,04;0,14
360;2015;0,05;0,82;0,02;0,02;0,04;0,11;0,10;0,05;0,00;6;10,17;0,72;0,05;0,15
361;2015;0,08;;0,00;0,02;0,00;0,00;0,00;0,00;0,00;1;9,46;0,21;0,07;0,16
361;2014;0,11;;0,00;0,00;0,00;0,00;0,00;0,00;0,00;1;9,32;0,19;0,08;0,17
361;2013;0,12;;0,00;0,00;0,00;0,00;0,00;0,00;0,00;1;9,20;0,05;0,08;0,17
362;2014;0,03;1,09;0,09;0,10;0,03;0,04;0,10;0,05;0,05;6;10,57;4,46;0,03;0,37
362;2013;0,02;0,74;0,11;0,28;0,00;0,51;0,00;0,05;0,05;6;10,57;3,66;0,01;0,38
362;2015;0,18;0,86;0,11;0,12;0,04;0,02;0,10;0,05;0,05;6;10,61;1,16;0,19;1,29
363;2015;0,06;1,51;0,00;0,01;0,00;0,00;0,00;0,00;0,00;5;9,98;1,37;0,06;0,17
363;2013;0,06;1,30;0,00;0,00;0,00;0,00;0,00;0,00;0,00;5;9,92;0,86;0,07;0,15
363;2014;0,07;1,53;0,00;0,00;0,00;0,00;0,00;0,00;0,00;5;9,95;0,80;0,08;0,17
364;2015;0,06;1,34;0,10;0,11;0,13;0,14;0,00;0,05;0,05;5;11,05;0,75;0,04;0,18
364;2014;0,07;1,38;0,13;0,13;0,13;0,11;0,00;0,05;0,05;5;10,94;0,49;0,04;0,17
364;2013;0,07;1,18;0,77;0,91;0,00;0,00;0,00;0,05;0,05;5;10,91;0,46;0,05;0,18
365;2014;0,01;0,14;0,02;0,03;0,03;0,08;0,10;0,00;0,05;4;10,80;0,31;0,04;0,05
365;2013;0,01;0,15;0,29;0,23;0,15;0,17;0,10;0,00;0,05;4;10,77;0,30;0,08;0,10
365;2015;0,01;0,14;0,01;0,03;0,03;0,06;0,10;0,00;0,05;4;10,78;0,29;0,08;0,10
366;2015;0,13;2,46;0,02;0,04;0,06;0,08;0,10;0,00;0,05;6;10,58;5,80;0,08;2,10
366;2014;0,08;3,05;0,03;0,04;0,05;0,15;0,10;0,00;0,05;6;10,55;5,04;0,05;0,62
366;2013;0,12;2,81;0,34;0,57;0,55;0,61;0,10;0,00;0,05;6;10,56;1,68;0,08;0,98
367;2014;0,02;0,34;0,03;0,03;0,00;0,00;0,10;0,05;0,00;4;11,60;0,83;0,28;0,15
367;2015;0,01;0,31;0,04;0,03;0,00;0,00;0,10;0,05;0,00;4;11,63;0,79;0,28;0,14
367;2013;0,02;0,32;0,14;0,16;0,00;0,00;0,10;0,05;0,00;4;11,56;0,55;0,29;0,16
368;2015;0,06;1,10;0,00;0,04;0,06;0,05;0,10;0,05;0,05;6;10,94;0,83;0,09;0,21
368;2014;0,08;1,25;0,00;0,03;0,05;0,03;0,10;0,05;0,05;6;10,96;0,71;0,14;0,26
368;2013;0,07;1,30;0,72;0,38;0,74;0,43;0,10;0,05;0,05;6;10,96;0,57;0,10;0,19
369;2015;0,15;3,32;0,00;0,11;0,00;0,00;0,10;0,00;0,00;7;10,74;0,54;0,48;0,23
369;2013;0,14;3,79;0,13;0,73;0,00;0,00;0,00;0,00;0,00;7;10,56;0,00;0,42;0,19
369;2014;0,15;4,05;0,03;0,13;0,00;0,00;0,10;0,00;0,00;7;10,59;0,00;0,43;0,20
370;2015;0,10;2,67;0,00;0,04;0,00;0,00;0,10;0,05;0,05;1;10,03;0,26;0,08;0,20
370;2014;0,13;3,18;0,02;0,04;0,01;0,02;0,10;0,05;0,05;1;10,03;0,24;0,11;0,22
370;2013;0,12;2,58;0,57;0,36;0,00;0,00;0,10;0,05;0,05;1;10,01;0,23;0,11;0,22
371;2014;0,10;1,81;0,11;0,12;0,04;0,02;0,10;0,00;0,00;1;10,37;3,92;0,17;0,60
371;2015;0,08;1,28;0,09;0,11;0,13;0,03;0,10;0,00;0,05;1;10,35;3,11;0,14;0,60
371;2013;0,11;1,60;0,37;0,39;0,34;0,09;0,10;0,00;0,00;1;10,36;2,47;0,18;0,42
372;2015;0,09;;0,00;0,09;0,00;0,00;0,00;0,05;0,00;3;10,65;0,35;0,05;0,19
372;2013;0,06;;0,00;0,00;0,00;0,00;0,00;0,05;0,00;3;10,67;0,32;0,02;0,15
372;2014;0,08;;0,00;0,00;0,00;0,00;0,00;0,05;0,00;3;10,66;0,28;0,03;0,18
373;2015;0,06;1,28;0,00;0,02;0,00;0,00;0,00;0,00;0,00;7;10,20;0,20;0,15;0,12
373;2013;0,08;2,81;0,00;0,00;0,00;0,00;0,00;0,00;0,00;7;10,09;0,08;0,16;0,14
373;2014;0,09;2,11;0,00;0,00;0,00;0,00;0,00;0,00;0,00;7;10,18;0,07;0,19;0,16
374;2015;0,04;1,18;0,02;0,02;0,06;0,08;0,00;0,00;0,05;4;10,33;2,05;0,27;0,13
374;2014;0,04;1,19;0,03;0,02;0,04;0,10;0,00;0,00;0,05;4;10,33;1,99;0,30;0,15
374;2013;0,02;1,10;0,00;0,00;0,00;0,00;0,00;0,00;0,00;4;10,30;1,82;0,14;0,07
375;2014;0,15;4,95;0,00;0,00;0,00;0,00;0,00;0,00;0,00;6;9,37;5,22;0,23;0,72
375;2013;0,14;4,88;0,00;0,00;0,00;0,00;0,00;0,00;0,00;6;9,40;2,32;0,22;0,80
375;2015;0,10;2,89;0,00;0,01;0,00;0,00;0,00;0,00;0,00;6;9,75;1,67;0,25;0,48
376;2015;-0,23;12,13;0,00;0,01;0,00;0,00;0,00;0,00;0,00;5;9,40;0,79;-0,54;-0,60
376;2014;-0,33;11,92;0,00;0,00;0,00;0,00;0,00;0,00;0,00;5;9,37;0,74;-1,27;-0,64
376;2013;-0,18;6,98;0,00;0,00;0,00;0,00;0,00;0,00;0,00;5;9,37;0,36;-0,37;-0,38
377;2014;0,02;1,46;0,00;0,06;0,00;0,00;0,10;0,05;0,05;4;10,33;1,25;0,15;0,06
377;2015;0,02;1,40;0,00;0,03;0,00;0,00;0,10;0,05;0,05;4;10,35;1,17;0,13;0,04
377;2013;0,02;1,28;0,00;0,17;0,00;0,00;0,00;0,00;0,00;4;10,30;1,06;0,16;0,05
378;2014;0,04;1,30;0,10;0,06;0,00;0,00;0,10;0,05;0,05;10;11,37;8,99;0,08;0,68
378;2015;0,07;1,25;0,10;0,06;0,02;0,00;0,10;0,05;0,05;10;11,39;6,31;0,14;1,24
378;2013;0,05;0,68;0,58;0,41;0,00;0,00;0,00;0,05;0,05;10;11,44;2,31;0,10;0,33
379;2015;0,12;2,29;0,00;0,04;0,00;0,00;0,00;0,00;0,00;5;9,63;0,74;0,23;0,24
379;2014;0,05;2,16;0,00;0,06;0,00;0,00;0,00;0,00;0,00;5;9,59;0,67;0,03;0,10
379;2013;0,08;2,12;0,92;0,52;0,00;0,00;0,00;0,00;0,00;5;9,55;0,22;0,04;0,14
380;2014;0,12;1,34;0,00;0,06;0,00;0,00;0,10;0,00;0,00;2;10,69;0,73;0,23;0,24
380;2015;0,16;1,47;0,08;0,08;0,00;0,00;0,00;0,00;0,00;2;10,69;0,71;0,25;0,35
380;2013;0,12;1,59;0,58;0,53;0,67;0,00;0,10;0,00;0,00;2;10,56;0,65;0,22;0,23
381;2015;-0,11;5,68;0,00;0,07;0,00;0,00;0,10;0,00;0,00;7;9,37;0,44;-0,31;-0,21
381;2014;-0,11;7,56;0,00;0,00;0,00;0,00;0,10;0,00;0,00;7;9,34;0,40;-0,37;-0,19
381;2013;-0,20;8,18;0,22;0,19;0,00;0,00;0,10;0,00;0,00;7;11,98;0,02;-0,44;-0,24
382;2014;0,10;1,49;0,01;0,00;0,03;0,13;0,00;0,05;0,00;7;10,19;0,25;0,10;0,18
382;2015;0,09;0,66;0,10;0,01;0,01;0,05;0,00;0,05;0,00;7;10,18;0,23;0,09;0,14
382;2013;0,07;1,17;0,64;0,31;0,20;0,00;0,00;0,05;0,00;7;10,18;0,19;0,07;0,13
383;2015;0,01;0,34;0,03;0,03;0,01;0,01;0,10;0,05;0,05;4;12,25;1,17;0,26;0,13
383;2014;0,01;0,30;0,02;0,03;0,01;0,02;0,10;0,05;0,05;4;12,23;1,11;0,26;0,13
383;2013;0,01;0,27;0,10;0,21;0,00;0,00;0,10;0,05;0,05;4;12,18;0,99;0,25;0,14
384;2015;0,09;;0,00;0,04;0,00;0,00;0,10;0,05;0,00;2;9,76;0,02;0,03;0,14
384;2014;0,10;;0,09;0,02;0,05;0,02;0,10;0,05;0,00;2;9,76;0,02;0,04;0,15
384;2013;0,10;;0,55;0,18;0,00;0,00;0,00;0,05;0,00;2;9,74;0,01;0,04;0,15
385;2014;0,04;0,95;0,05;0,05;0,07;0,06;0,10;0,05;0,00;1;10,30;0,74;0,03;0,13
385;2015;0,04;0,82;0,00;0,06;0,00;0,00;0,10;0,05;0,00;1;10,28;0,73;0,04;0,16
385;2013;0,05;0,88;0,14;0,25;0,30;0,38;0,00;0,00;0,00;1;10,19;0,37;0,04;0,18
386;2014;0,04;1,50;0,00;0,02;0,00;0,00;0,10;0,05;0,05;6;10,33;1,63;0,06;0,14
386;2015;0,04;1,61;0,00;0,02;0,00;0,00;0,10;0,05;0,05;6;10,31;1,44;0,06;0,13
386;2013;0,06;1,35;0,42;0,07;0,60;0,00;0,10;0,05;0,05;6;10,35;1,42;0,09;0,23
387;2015;-0,01;0,90;0,00;0,00;0,00;0,00;0,00;0,00;0,05;3;10,69;3,87;-0,08;-0,08
387;2014;0,05;1,09;0,00;0,00;0,00;0,00;0,00;0,00;0,05;3;10,70;2,38;0,28;0,31
387;2013;0,02;1,40;0,00;0,00;0,00;0,00;0,00;0,00;0,00;3;10,43;2,33;0,06;0,09
388;2013;0,08;1,43;0,31;0,46;0,49;0,00;0,00;0,05;0,05;2;11,32;0,61;0,04;0,24
388;2014;0,08;1,41;0,00;0,07;0,00;0,00;0,10;0,05;0,05;2;11,32;0,56;0,03;0,21
388;2015;0,07;1,11;0,00;0,06;0,00;0,00;0,10;0,05;0,05;2;11,31;0,56;0,03;0,19
389;2013;0,08;1,26;0,00;0,00;0,00;0,00;0,00;0,05;0,00;7;10,01;3,81;0,14;0,80
389;2014;0,09;1,25;0,12;0,00;0,13;0,00;0,10;0,05;0,00;7;10,00;2,86;0,15;0,74
389;2015;0,08;1,27;0,00;0,06;0,00;0,00;0,10;0,05;0,00;7;9,98;2,30;0,15;0,62
390;2015;0,04;1,44;0,01;0,02;0,03;0,03;0,10;0,05;0,05;4;10,10;1,11;0,07;0,09
390;2014;0,13;1,69;0,01;0,03;0,03;0,05;0,10;0,05;0,05;4;10,13;1,02;0,24;0,28
390;2013;0,04;1,55;0,08;0,19;0,17;0,35;0,10;0,05;0,05;4;10,16;0,80;0,07;0,10
391;2015;0,06;1,40;0,08;0,09;0,05;0,04;0,10;0,05;0,05;1;9,99;5,22;0,22;0,60
391;2014;0,05;1,57;0,06;0,08;0,04;0,02;0,10;0,05;0,05;1;9,99;3,82;0,10;0,37
391;2013;0,04;1,43;0,39;0,62;0,36;0,20;0,10;0,05;0,05;1;9,99;2,84;0,09;0,26
392;2015;-0,36;1,97;0,00;0,02;0,00;0,00;0,00;0,00;0,00;3;9,72;0,53;-1,66;-0,66
392;2014;0,06;1,22;0,00;0,00;0,00;0,00;0,00;0,00;0,00;3;9,94;0,33;0,21;0,11
392;2013;0,08;1,42;0,00;0,00;0,00;0,00;0,00;0,00;0,00;3;9,86;0,23;0,28;0,15
393;2015;0,03;0,82;0,02;0,04;0,00;0,02;0,10;0,05;0,05;11;10,59;1,18;0,09;0,09
393;2013;0,03;0,75;0,11;0,16;0,00;0,15;0,10;0,05;0,05;11;10,53;1,14;0,09;0,10
393;2014;0,03;0,82;0,02;0,04;0,00;0,02;0,10;0,05;0,05;11;10,57;1,13;0,09;0,10
394;2015;0,12;2,04;0,00;0,12;0,00;0,00;0,10;0,05;0,00;7;9,69;0,38;0,26;0,22
394;2014;0,13;1,97;0,00;0,10;0,00;0,00;0,10;0,05;0,00;7;9,69;0,37;0,28;0,24
394;2013;0,12;2,14;0,70;0,61;0,00;0,00;0,00;0,05;0,00;7;9,70;0,31;0,26;0,21
395;2015;0,05;0,99;0,06;0,09;0,09;0,13;0,10;0,05;0,05;3;11,53;0,12;0,06;0,09
395;2014;0,09;1,18;0,05;0,08;0,10;0,14;0,10;0,05;0,05;3;11,54;0,07;0,08;0,18
395;2013;0,09;1,32;0,29;0,50;0,56;0,41;0,10;0,05;0,05;3;11,54;0,04;0,08;0,19
396;2014;0,02;0,51;0,04;0,07;0,07;0,03;0,10;0,05;0,05;7;10,44;0,70;0,03;0,05
396;2015;0,04;0,47;0,05;0,07;0,07;0,07;0,10;0,05;0,05;7;10,39;0,65;0,05;0,10
396;2013;0,03;0,49;0,31;0,37;0,34;0,04;0,10;0,05;0,00;7;10,46;0,59;0,05;0,08
397;2013;0,08;;0,00;0,02;0,00;0,00;0,00;0,00;0,05;7;10,23;0,09;0,29;0,10
397;2014;0,20;;0,00;0,03;0,00;0,00;0,10;0,00;0,05;7;10,79;0,06;1,63;0,30
397;2015;-0,09;;0,00;0,03;0,00;0,00;0,10;0,00;0,05;7;10,66;0,04;1,53;-0,14
398;2015;0,16;3,28;0,06;0,06;0,00;0,00;0,10;0,00;0,05;1;9,91;3,35;0,10;0,86
398;2014;0,12;3,19;0,05;0,05;0,00;0,00;0,10;0,00;0,05;1;9,92;1,99;0,08;0,49
398;2013;0,12;3,17;0,29;0,32;0,00;0,00;0,00;0,00;0,05;1;9,94;1,35;0,08;0,49
399;2015;0,01;1,03;0,00;0,09;0,00;0,00;0,00;0,00;0,00;5;10,43;1,18;0,02;0,02
399;2013;0,08;1,50;0,94;0,51;0,00;0,00;0,00;0,00;0,00;5;9,98;0,27;0,16;0,13
399;2014;0,08;1,80;0,00;0,10;0,00;0,00;0,00;0,00;0,00;5;9,98;0,23;0,15;0,11
