"";"Companies";"YearFinancialIndicator";"Industry";"Asset";"DebtRatio";"NetMargin";"ROA";"ROE";"TobinsQ";"EnergyProductivity";"CarbonProductivity";"WaterProductivity";"WasteProductivity";"GreenReputation";"SustainabilityPayLink";"SustainableThemedCommitment";"AuditScore"
"1";1;2014;5;1,0831e+10;0,52;0,07;0,05;0,09;1,03;0,04;0,11;0;0,08;0,14;0,1;0;0,05
"2";1;2013;5;1,0686e+10;0,51;0,11;0,07;0,14;1,07;0,79;0,72;0,54;0,57;0,84;0,1;0;0,05
"3";1;2015;5;7,479e+09;0,4;0,1;0,05;0,1;1,54;0,06;0,11;0,01;0,09;0,14;0,1;0;0,05
"4";2;2014;6;4,3771e+10;0,9;0,05;0,06;0,27;NA;0,01;0,03;0;0;0,1;0,1;0,05;0
"5";2;2013;6;4,2278e+10;0,69;0,06;0,08;0,28;0,36;0,05;0,14;0,16;0,23;0,28;0,1;0,05;0
"6";2;2015;6;4,8415e+10;0,54;0,05;0,06;0,23;NA;0;0,05;0,03;0,06;0,1;0,1;0,05;0
"7";3;2015;1;8181536000;0,41;0,23;0,19;0,43;1,63;0;0,06;0;0;0,1;0;0;0
"8";3;2014;1;7997737000;0,26;0,22;0,19;0,37;1,53;0;0;0;0;0,1;0;0;0
"9";3;2013;1;5564774000;0,13;0,21;0,18;0,29;1,42;0;0;0;0;0;0;0;0
"10";4;2014;7;2,61894e+11;7,41;0,23;0,11;0,34;2,54;0,11;0,13;0,11;0,14;0,11;0,1;0;0,05
"11";4;2013;7;2,25184e+11;6,06;0,09;0,06;0,44;2,18;0,92;0,96;0,96;0,94;0,01;0;0;0
"12";4;2015;7;2,93284e+11;4,35;0,23;0,2;0,46;2,17;0,1;0,15;0,12;0,11;0,11;0,1;0;0,05
"13";5;2014;5;2,7547e+10;3,38;0;0,01;0,29;NA;0,04;0,03;0,02;0,03;0,14;0,1;0;0,05
"14";5;2013;5;2,9198e+10;1,13;0;0;0,02;NA;0,22;0,13;0,07;0,16;0,2;0,1;0;0,05
"15";5;2015;5;5,305e+10;0,6;0,01;0,05;0,27;NA;0,07;0,04;0,02;0,05;0,14;0,1;0;0,05
"16";6;2015;5;30755802000;0,28;0,22;0,1;0,2;0,96;0;0,06;0;0;0,14;0;0;0
"17";6;2014;5;24904916000;0,16;0,11;0,05;0,1;0,9;0;0;0;0;0,14;0;0;0
"18";6;2013;5;19796095000;0,13;0,12;0,06;0,11;0,92;0;0;0;0;0,64;0;0;0
"19";7;2014;5;4,1275e+10;1,38;0,07;0,04;0,13;1,66;0,02;0,01;0,02;0,03;0,14;0,1;0;0,05
"20";7;2013;5;4,2953e+10;1,3;0,07;0,04;0,12;1,23;0,12;0,08;0,15;0,35;0,19;0,1;0;0,05
"21";7;2015;5;4,1247e+10;1,29;0,08;0,05;0,14;1,63;0,01;0,01;0,01;0,05;0,14;0,1;0;0,05
"22";8;2015;6;1990212000;0,27;0,13;0,06;0,09;1,71;0,05;0,04;0,09;0,01;0,18;0,1;0,05;0,05
"23";8;2013;6;1681851000;0,22;0,07;0,03;0,04;1,69;0,2;0,43;0,4;0,02;0,67;0;0,05;0,05
"24";8;2014;6;1850700000;0,13;0,06;0,03;0,04;1,7;0,01;0,03;0,07;0,03;0,18;0,1;0,05;0,05
"25";9;2013;7;10380298000;0,18;0,26;0,11;0,15;2,62;0,83;0,87;0,99;0,92;0,51;0,1;0,05;0,05
"26";9;2014;7;10785829000;0,18;0,22;0,09;0,13;3,2;0,13;0,09;0,12;0,09;0,19;0,1;0,05;0,05
"27";9;2015;7;11726472000;0,1;0,2;0,1;0,14;3,82;0,06;0,08;0,08;0,03;0,19;0,1;0,05;0,05
"28";10;2015;7;7062178000;0,32;0,03;0,05;0,1;2,31;0,09;0,09;0,07;0,05;0,13;0;0,05;0,05
"29";10;2014;7;6859690000;0,28;0,03;0,05;0,11;1,95;0,08;0,08;0,07;0,04;0,13;0;0,05;0,05
"30";10;2013;7;6381750000;0,27;0,01;0,03;0,07;1,77;0,55;0,48;0,59;0,3;0,86;0;0,05;0,05
"31";11;2015;2;4,0157e+10;0,47;0,13;0,04;0,32;0,48;0,01;0,02;0,06;0;0,09;0,1;0,05;0
"32";11;2014;2;4,4027e+10;0,28;0,12;0,04;0,23;0,64;0,02;0,01;0,07;0;0,09;0,1;0,05;0
"33";11;2013;2;4,3752e+10;0,27;0,12;0,04;0,22;0,48;0,06;0,09;0,55;0;0,19;0;0,05;0
"34";12;2013;7;38321800000;2,85;0,11;0,04;0,72;0,97;0,47;0,38;0,61;0;1;0;0,05;0
"35";12;2015;7;39899500000;2,33;0,09;0,03;0,3;0,94;0;0,07;0;0;0,16;0;0,05;0
"36";12;2014;7;43503100000;1,67;0,1;0,03;0,38;0,86;0;0,07;0;0;0,16;0;0,05;0
"37";13;2015;7;22421830000;0,86;0,09;-0,05;-0,12;0,76;0;0,05;0;0;0,16;0;0;0
"38";13;2013;7;13244257000;0,35;0,11;0,06;0,12;1,03;0;0;0;0;0;0;0;0
"39";13;2014;7;20263977000;0,33;0,05;0,03;0,05;0,93;0;0,08;0;0;0,16;0;0;0
"40";14;2015;7;5,22e+09;1,06;0,1;0,03;0,09;2,4;0,14;0,14;0;0,05;0,19;0,1;0,05;0,05
"41";14;2014;7;4736800000;0,93;0,1;0,03;0,09;2,65;0,1;0,14;0;0,03;0,19;0,1;0,05;0,05
"42";14;2013;7;4321500000;0,86;0,05;0,01;0,05;1,88;0,63;0,94;0,3;0,62;1;0;0;0,05
"43";15;2013;11;2,1042e+10;1,05;0,1;0,03;0,09;0,7;0,52;0,03;0;0;0,29;0,1;0,05;0
"44";15;2015;11;2,364e+10;0,99;0,12;0,03;0,12;0,74;0,07;0,01;0,01;0;0,12;0,1;0,05;0
"45";15;2014;11;2,2676e+10;0,96;0,1;0,03;0,1;0,8;0,09;0,01;0;0;0,12;0,1;0,05;0
"46";16;2013;11;5,6414e+10;0,56;0,04;0,04;0,15;0,73;0,02;0,02;0,03;0;0,07;0,1;0,05;0
"47";16;2014;11;5,9633e+10;0,54;0,04;0,04;0,14;0,83;0;0,01;0,03;0;0,12;0,1;0,05;0
"48";16;2015;11;61683100000;0,49;0,04;0,04;0,15;0,8;0;0,01;0,02;0;0,12;0,1;0,05;0
"49";17;2013;5;49871800000;0,56;0,13;0,03;0,22;0,71;0,65;0,74;0;0;0,74;0;0,05;0
"50";17;2014;5;53402100000;0,54;0,13;0,02;0,17;0,8;0;0,08;0;0;0,14;0;0,05;0,05
"51";17;2015;5;53424100000;0,49;0,12;0,02;0,14;0,91;0,13;0,12;0,11;0;0,14;0;0,05;0,05
"52";18;2013;4;1,21307e+11;0,34;0,13;0,03;0,21;0,34;0,85;0,63;0;0;0,82;0;0,05;0,05
"53";18;2014;4;1,19767e+11;0,29;0,13;0,02;0,18;0,29;0,09;0,09;0,09;0,12;0,16;0,1;0,05;0,05
"54";18;2015;4;1,18296e+11;0,28;0,12;0,02;0,14;0,26;0,06;0,07;0,06;0,1;0,16;0,1;0,05;0,05
"55";19;2013;5;10574300000;0,89;0,13;0,02;0,09;1,21;0,72;0,85;0,61;0,82;1;0,1;0,05;0,05
"56";19;2015;5;12415700000;0,56;0,04;0;0,02;NA;0,14;0,13;0,13;0;0,14;0,1;0,05;0,05
"57";19;2014;5;12415700000;0,52;0,12;0,01;0,07;NA;0,12;0,13;0,12;0,13;0,14;0,1;0,05;0,05
"58";20;2013;4;5,41329e+11;0,41;0,19;0,1;0,12;NA;0;0;0;0;0,65;0;0,05;0
"59";20;2014;4;5,15581e+11;0,21;0,17;0,09;0,12;NA;0;0;0;0;0,14;0,1;0,05;0
"60";20;2015;4;4,96943e+11;0,2;0,15;0,08;0,11;NA;0;0,09;0;0;0,15;0,1;0,05;0
"61";21;2014;7;4001546000;0,21;0,08;0,03;0,13;2,72;0,01;0,07;0;0,15;0,18;0,1;0,05;0,05
"62";21;2015;7;4187925000;0,2;0,06;0,02;0,11;2,16;0,05;0,04;0;0,15;0,18;0,1;0,05;0,05
"63";21;2013;7;2957685000;0;0,07;0,02;0,11;2,59;0,03;0,12;0;0,68;0,82;0;0,05;0,05
"64";22;2015;4;1,04656e+11;0,4;0,06;0,01;0,02;0,22;0,01;0,03;0,06;0,08;0,16;0,1;0,05;0,05
"65";22;2014;4;1,08533e+11;0,25;0,29;0,17;0,22;0,26;0,01;0,03;0,05;0,12;0,16;0,1;0,05;0,05
"66";22;2013;4;1,2352e+11;0,03;0,16;0,09;0,11;0,19;0,19;0,21;0,31;0,72;0,87;0;0,05;0,05
"67";23;2015;5;13133230000;0,44;0,14;0,1;0,17;3,4;0;0,06;0;0;0,17;0;0;0
"68";23;2013;5;3317696000;0,27;0,03;0,02;0,04;7,43;0;0;0;0;0,63;0;0;0
"69";23;2014;5;4201962000;0,25;0,12;0,08;0,14;8,25;0;0;0;0;0,17;0;0;0
"70";24;2015;7;1,5308e+10;0,48;0,15;0,09;0,18;1,13;0,1;0,1;0,09;0,03;0,13;0,1;0,05;0
"71";24;2014;7;1,3174e+10;0,44;0,15;0,09;0,17;1,88;0,08;0,08;0,09;0,02;0,13;0,1;0,05;0
"72";24;2013;7;1,2043e+10;0,36;0,14;0,1;0,18;1,68;0,61;0,65;0,72;0,32;0,89;0,1;0,05;0
"73";25;2014;6;6420963000;0,72;0,18;0,06;0,18;2,1;0;0;0;0;0,13;0;0;0
"74";25;2015;6;6664530000;0,67;0,21;0,07;0,19;2,04;0;0,05;0;0;0,13;0;0;0
"75";25;2013;6;5877902000;0,65;0,16;0,06;0,17;2,31;0;0;0;0;0;0;0;0
"76";26;2014;4;7698100000;1,34;0,26;0,07;0,21;1,72;0;0;0;0;0,1;0;0;0
"77";26;2013;4;6318800000;1,34;0,27;0,09;0,24;1,96;0;0;0;0;0,89;0;0;0
"78";26;2015;4;7784800000;1,04;0,32;0,1;0,25;1,32;0;0,06;0;0;0,1;0;0;0
"79";27;2013;5;6,6125e+10;1,34;0,12;0,01;0,16;1,46;0,64;0,51;0,52;0,43;0,6;0;0,05;0,05
"80";27;2014;5;6,9009e+10;1,17;0,13;0,01;0,2;1,79;0,08;0,09;0,08;0,08;0,17;0,1;0,05;0,05
"81";27;2015;5;7,1576e+10;1,04;0,13;0,01;0,2;1,7;0,06;0,07;0,06;0,07;0,17;0,1;0,05;0,05
"82";28;2015;4;1,45342e+11;1,42;0,13;0,01;0,2;0,16;0;0,07;0;0;0,1;0;0;0
"83";28;2014;4;1,4881e+11;1,22;0,13;0,01;0,2;0,19;0;0;0;0;0,09;0;0;0
"84";28;2013;4;1,44576e+11;1,03;0,12;0,01;0,15;0,17;0;0;0;0;0,86;0;0;0
"85";29;2013;4;20272571000;4,08;0,16;0,03;0,15;1,55;0;0;0;0;0;0;0;0
"86";29;2014;4;21331545000;3,47;0,2;0,04;0,2;2,53;0;0;0;0;0,15;0;0;0
"87";29;2015;4;26904272000;2,57;0,12;0,03;0,09;2,17;0;0,04;0;0;0,15;0;0;0
"88";30;2014;1;5,4505e+10;1,05;0;-0,01;-0,02;2,74;0;0;0;0;0,12;0;0;0
"89";30;2015;1;6,5444e+10;0,93;0,01;0,01;0,05;5,02;0;0,06;0;0;0,12;0;0;0
"90";30;2013;1;4,0159e+10;0,47;0;0,01;0,03;4,6;0;0;0;0;0,07;0;0;0
"91";31;2014;3;1,649e+10;0,96;0,02;0,06;0,19;0,72;0;0;0;0;0,01;0;0,05;0
"92";31;2015;3;1,633e+10;0,78;0,05;0,09;0,32;0,91;0,06;0,08;0,07;0,09;0,01;0;0,05;0
"93";31;2013;3;1,339e+10;0,66;0,01;0,03;0,1;0,64;0;0;0;0;0,34;0;0,05;0
"94";32;2015;3;1,8842e+10;3,54;-2,7;-0,72;-1,62;0,93;0;0,04;0;0;0,01;0,1;0;0,05
"95";32;2014;3;5,5952e+10;0,45;-0,39;-0,08;-0,18;0,57;0,09;0,04;0,01;0;0,01;0,1;0;0,05
"96";32;2013;3;6,1637e+10;0,3;0,14;0,04;0,07;0,68;0,49;0,18;0,06;0;0,3;0;0;0,05
"97";33;2015;3;4,6414e+10;1,23;-0,77;-0,13;-0,45;0,85;0;0,04;0;0;0,01;0,1;0,05;0,05
"98";33;2014;3;6,1689e+10;0,77;-0,09;-0,03;-0,09;0,93;0,1;0,03;0,05;0;0,02;0,1;0,05;0,05
"99";33;2013;3;5,5781e+10;0,6;0,05;0,01;0,04;0,93;0,58;0,1;0,61;0;0,14;0;0,05;0,05
"100";34;2013;8;17915200000;0,69;0,1;0,06;0,15;1,49;0,07;0,17;0,23;0,92;0,69;0,1;0,05;0,05
"101";34;2014;8;17635400000;0,65;0,1;0,06;0,14;1,88;0,01;0,02;0,07;0,13;0,08;0,1;0,05;0,05
"102";34;2015;8;17260300000;0,53;0,14;0,08;0,18;1,77;0,01;0,02;0,08;0,12;0,08;0,1;0,05;0,05
"103";35;2014;7;7,027e+09;0,92;0,13;0,11;0,24;NA;0;0;0;0;0,13;0;0;0
"104";35;2015;7;7458400000;0,87;0,14;0,11;0,25;NA;0;0,06;0;0;0,13;0;0;0
"105";35;2013;7;6168028000;0,5;0,14;0,11;0,24;NA;0;0;0;0;0,59;0;0;0
"106";36;2013;7;1,4012e+10;0,7;0,22;0,07;0,09;0,95;0;0;0;0;0;0;0;0
"107";36;2014;7;1,4746e+10;0,6;0,19;0,06;0,12;1,03;0;0;0;0;0,1;0;0;0
"108";36;2015;7;1,5251e+10;0,51;0,19;0,06;0,11;2,08;0;0,02;0;0;0,1;0;0;0
"109";37;2014;4;16176723000;0,72;0,41;0,04;0,08;1,73;0,09;0,05;0,02;0;0,14;0,1;0;0
"110";37;2013;4;15328143000;0,71;0,24;0,02;0,04;1,41;0;0;0;0;0;0;0;0
"111";37;2015;4;16931305000;0,66;0,4;0,04;0,08;1,87;0,06;0,06;0,01;0,04;0,14;0,1;0;0
"112";38;2015;11;1,7241e+10;1,16;0,15;0,03;0,09;1,01;0;0,03;0;0;0,18;0,1;0;0
"113";38;2014;11;16130956000;1,11;0,14;0,03;0,09;0,98;0,08;0,06;0,15;0,11;0,18;0,1;0;0
"114";38;2013;11;15069533000;1,1;0,13;0,02;0,08;0,89;0,62;0,62;0;0;0,55;0,1;0,05;0
"115";39;2013;4;1,53375e+11;2,84;0,16;0,04;0,28;0,66;0,58;0,63;0,3;0,07;0,57;0;0;0
"116";39;2014;4;1,59103e+11;2,8;0,17;0,04;0,29;0,62;0,07;0,1;0,06;0,08;0,1;0,1;0,05;0
"117";39;2015;4;1,61184e+11;2,32;0,16;0,03;0,24;0,39;0,11;0,13;0,1;0,01;0,1;0,1;0,05;0
"118";40;2013;1;7023423000;-2,43;0,11;0,15;-0,64;2,92;0;0;0;0;0;0;0;0
"119";40;2014;1;7717101000;-2,66;0,11;0,15;-0,64;3,06;0;0;0;0;0,1;0;0;0
"120";40;2015;1;8217528000;-2,67;0,11;0,15;-0,71;3,36;0;0,07;0;0;0,1;0;0;0
"121";41;2015;6;9,4408e+10;1,38;0,05;0,05;0,76;0,92;0,08;0,08;0,12;0,1;0,09;0,1;0,05;0,05
"122";41;2014;6;9,9198e+10;0,94;0,06;0,06;0,42;0,87;0,07;0,11;0,12;0,1;0,09;0,1;0,05;0,05
"123";41;2013;6;9,2663e+10;0,54;0,05;0,05;0,47;1,04;0,69;0,78;0,84;0;0,05;0;0,05;0,05
"124";42;2013;4;2,102273e+12;1,14;0,11;0,01;0,05;0,19;0,12;0,2;0,05;0,04;0,02;0,1;0,05;0,05
"125";42;2014;4;2,104534e+12;1,08;0,05;0;0,02;0,11;0,02;0,03;0,02;0,01;0,1;0,1;0,05;0,05
"126";42;2015;4;2,144316e+12;1,01;0,17;0,01;0,06;0,18;0,03;0,04;0,02;0,02;0,1;0,1;0,05;0,05
"127";43;2013;5;2,5869e+10;0,96;0,13;0,08;0,26;NA;0,1;0,18;0,05;0,16;0,32;0,1;0,05;0,05
"128";43;2014;5;2,5917e+10;0,94;0,15;0,1;0,3;NA;0,01;0,04;0,01;0,05;0,14;0,1;0,05;0,05
"129";43;2015;5;2,0975e+10;0,44;0,09;0,05;0,15;NA;0;0,02;0;0,01;0,14;0,1;0,05;0,05
"130";44;2015;1;6843992000;0,58;0,07;0,13;0,33;1,23;0;0,07;0;0;0,1;0;0;0
"131";44;2013;1;6544489000;0,55;0,09;0,17;0,26;2,2;0;0;0;0;0,59;0;0;0
"132";44;2014;1;7335835000;0,47;0,08;0,14;0,28;1,7;0;0;0;0;0,1;0;0;0
"133";45;2013;4;1,8301e+11;1,07;0,16;0,01;0,08;0,33;0;0;0;0;0,72;0;0;0
"134";45;2014;4;1,86814e+11;1,07;0,22;0,01;0,09;0,33;0;0;0;0;0,1;0;0;0
"135";45;2015;4;2,09947e+11;0,96;0,2;0,01;0,08;0,3;0;0,03;0;0;0,1;0;0;0
"136";46;2013;1;1,5068e+10;0,43;-0,02;-0,02;-0,11;0,8;0,68;0,6;0;0,72;0,49;0;0,05;0,05
"137";46;2014;1;1,5762e+10;0,35;0,02;0,07;0,23;0,54;0,13;0,07;0,08;0,08;0,1;0,1;0,05;0,05
"138";46;2015;1;1,5175e+10;0,27;0,02;0,06;0,2;0,7;0,13;0,11;0,09;0,06;0,1;0,1;0,05;0,05
"139";47;2015;5;4942900000;0,79;0,04;0,03;0,08;NA;0;0,07;0;0;0,12;0;0;0
"140";47;2014;5;5092600000;0,78;0,09;0,06;0,16;NA;0;0;0;0;0,12;0;0;0
"141";47;2013;5;5041100000;0,67;0,22;0,16;0,38;NA;0;0;0;0;0,29;0;0;0
"142";48;2014;5;1,8503e+10;1,96;0,14;0,08;0,22;1,45;0,02;0,04;0,03;0,01;0,14;0,1;0,05;0
"143";48;2015;5;2,6046e+10;1,5;0,06;0,03;0,1;1,63;0,03;0,04;0,03;0,03;0,14;0,1;0,05;0
"144";48;2013;5;1,2035e+10;0,74;0,11;0,08;0,19;1,77;0,1;0,14;0,06;0,31;0,38;0;0;0
"145";49;2013;4;15909300000;0,23;0,27;0,15;0,22;1,83;0,65;0,48;0;0;0,78;0;0;0
"146";49;2014;4;16296800000;0,19;0,28;0,14;0,21;1,57;0;0,08;0;0;0,1;0,1;0;0
"147";49;2015;4;16155500000;0,18;0,25;0,12;0,16;0,78;0;0,09;0;0;0,1;0,1;0;0
"148";50;2015;2;4,319e+09;0,88;0,17;0,16;0,39;5,35;0,09;0,1;0,14;0;0,1;0,1;0,05;0,05
"149";50;2013;2;3,882e+09;0,54;0,16;0,16;0,37;3,83;0,31;0,6;0,44;0;0,91;0,1;0,05;0,05
"150";50;2014;2;4,243e+09;0,48;0,17;0,16;0,33;4,43;0,06;0,09;0,13;0;0,1;0,1;0,05;0,05
"151";51;2013;2;2,678e+10;0,92;0;0,01;0,02;0,4;0,21;0,36;0,41;0,47;0,22;0;0;0
"152";51;2015;2;1,791e+10;0,51;0,02;0,04;0,11;0,55;0,03;0,07;0,07;0,05;0,1;0;0,05;0
"153";51;2014;2;2,143e+10;0,37;0,01;0,02;0,06;0,58;0,05;0,07;0,05;0,06;0,1;0;0,05;0
"154";52;2015;3;2,408e+10;0,24;-0,02;-0,08;-0,11;NA;0,1;0,09;0,06;0,02;0,03;0,1;0,05;0,05
"155";52;2013;3;2,7934e+10;0,22;0,05;0,04;0,06;NA;0,75;0,75;0,61;0,14;0,85;0,1;0,05;0,05
"156";52;2014;3;2,8827e+10;0,21;0,07;0,06;0,09;NA;0,07;0,1;0;0;0,02;0,1;0,05;0,05
"157";53;2015;5;19504800000;0,7;0,33;0,2;0,32;3,29;0,13;0,14;0,11;0,14;0,17;0;0,05;0,05
"158";53;2013;5;11863335000;0,13;0,27;0,17;0,23;5,06;0,69;0,83;0,85;0,97;0,53;0,1;0;0,05
"159";53;2014;5;14316559000;0,05;0,3;0,22;0,29;5;0,14;0,14;0,13;0,11;0,17;0,1;0,05;0,05
"160";54;2015;4;3,9378e+11;0,62;0,2;0,01;0,09;-0,1;0,02;0,02;0,05;0,03;0,1;0,1;0,05;0,05
"161";54;2014;4;3,85303e+11;0,59;0,16;0,01;0,07;-0,07;0,01;0,02;0,05;0,06;0,1;0,1;0,05;0,05
"162";54;2013;4;3,7431e+11;0,57;0,14;0,01;0,06;-0,17;0,15;0,26;0,41;0,4;0,72;0,1;0,05;0,05
"163";55;2013;3;545783000;0;0,14;0,28;0,4;NA;0;0;0;0;0;0;0;0
"164";55;2014;3;617653000;0;0,13;0,27;0,4;NA;0;0;0;0;0,05;0;0;0
"165";55;2015;3;589893000;0;0,14;0,28;0,39;NA;0;0;0;0;0,05;0;0;0
"166";56;2013;4;2,19873e+11;0,19;0,29;0,01;0,11;0,26;0,75;0,71;0;0;0,29;0,1;0;0
"167";56;2014;4;2,39808e+11;0,18;0,3;0,01;0,12;0,26;0;0,09;0;0;0,1;0,1;0;0
"168";56;2015;4;2,25261e+11;0,17;0,29;0,01;0,12;0,25;0,11;0,09;0;0;0,1;0,1;0;0,05
"169";57;2015;8;9,777e+09;4,04;0,04;0,04;0,26;1,57;0,09;0,08;0,11;0,13;0,09;0,1;0,05;0,05
"170";57;2014;8;7,571e+09;2,9;0,05;0,06;0,41;1,59;0,07;0,05;0,08;0,09;0,09;0,1;0,05;0,05
"171";57;2013;8;7819800000;2,65;0,05;0,06;0,37;1,28;0,7;0,75;0,76;0,83;0,89;0,1;0,05;0,05
"172";58;2013;5;2,244e+09;0,49;-0,32;-0,09;-0,15;4,36;0;0;0;0;0;0;0;0
"173";58;2014;5;2,475e+09;0,43;-0,18;-0,06;-0,09;5,24;0;0;0;0;0,17;0;0;0,05
"174";58;2015;5;3,729e+09;0,28;-0,19;-0,06;-0,09;4,54;0;0,02;0;0;0,17;0;0;0,05
"175";59;2013;5;3,8592e+10;0,63;0,16;0,07;0,18;2,3;0,18;0,34;0,49;0,28;0,46;0,1;0,05;0,05
"176";59;2014;5;3,3749e+10;0,49;0,13;0,06;0,13;2,92;0,02;0,06;0,08;0,06;0,14;0,1;0,05;0,05
"177";59;2015;5;3,1748e+10;0,46;0,09;0,05;0,1;3,73;0,02;0,07;0,09;0,08;0,14;0,1;0,05;0,05
"178";60;2013;4;4,84931e+11;0,02;0,11;0,04;0,09;0,69;0;0;0;0;0,1;0;0;0
"179";60;2014;4;5,26186e+11;0,01;0,1;0,04;0,08;0,75;0;0;0;0;0,12;0;0;0
"180";60;2015;4;5,52257e+11;0,01;0,11;0,04;0,1;0,63;0;0,06;0;0;0,12;0;0;0
"181";61;2015;5;1,8133e+10;0,9;-0,03;-0,01;-0,04;1,63;0,08;0,07;0,09;0,12;0,15;0,1;0,05;0,05
"182";61;2013;5;1,6571e+10;0,65;-0,02;-0,01;-0,02;1,14;0;0,27;0,44;0,49;0,31;0;0,05;0
"183";61;2014;5;1,7042e+10;0,6;-0,02;-0,01;-0,02;1,21;0,06;0,07;0,09;0,1;0,15;0,1;0,05;0,05
"184";62;2015;1;8841500000;0,6;0,08;0,08;0,17;1,23;0;0,09;0;0;0,07;0;0;0
"185";62;2013;1;6,917e+09;0,29;0,08;0,09;0,19;1,82;0;0;0;0;0;0;0;0
"186";62;2014;1;7,228e+09;0,2;0,08;0,09;0,18;1,71;0;0;0;0;0,07;0;0;0
"187";63;2013;4;2,968e+10;1,05;0,18;0,04;0,13;0,84;0;0;0;0;0,6;0;0;0
"188";63;2014;4;3,15e+10;0,78;0,21;0,05;0,15;0,79;0;0;0;0;0,1;0;0;0
"189";63;2015;4;2,253e+10;0,63;0,15;0,03;0,07;1,17;0;0;0;0;0,1;0;0;0
"190";64;2013;4;20162251000;2,05;0,35;0,04;0,14;1,23;0;0;0;0;0;0;0;0
"191";64;2014;4;19886767000;1,83;0,18;0,02;0,08;1,41;0;0;0;0;0,14;0;0;0
"192";64;2015;4;18379456000;1,64;0,23;0,03;0,1;1,49;0;0,08;0;0;0,14;0;0;0
"193";65;2013;4;1,880382e+12;1,11;0,17;0,01;0,07;0,15;0,23;0,26;0,14;0,1;0,04;0,1;0,05;0,05
"194";65;2014;4;1,84253e+12;1,11;0,09;0;0,03;0,17;0,05;0,04;0,03;0,01;0,1;0,1;0,05;0,05
"195";65;2015;4;1,73121e+12;0,98;0,22;0,01;0,08;0,16;0,05;0,06;0,03;0,02;0,1;0,1;0,05;0,05
"196";66;2015;7;1,0857e+10;0,37;0,19;0,07;0,14;1,2;0,06;0,03;0,09;0,07;0,19;0,1;0;0,05
"197";66;2013;7;1,1777e+10;0,22;0,23;0,09;0,19;1,32;0,34;0,49;0,58;0,34;0,74;0,1;0,05;0,05
"198";66;2014;7;1,0915e+10;0,22;0,19;0,07;0,14;1,25;0,05;0,03;0,08;0,13;0,19;0,1;0;0,05
"199";67;2015;2;15994600000;1,86;-0,02;-0,1;-0,44;1,27;0,02;0,04;0,02;0;0,1;0,1;0,05;0,05
"200";67;2013;2;20786400000;1,6;0,04;0,03;0,13;0,89;0,16;0,24;0,22;0,39;0,24;0,1;0,05;0,05
"201";67;2014;2;19501700000;1,38;0,02;0,02;0,07;0,98;0,02;0,04;0,02;0;0,1;0,1;0,05;0,05
"202";68;2015;5;3,3507e+10;0,77;0,01;0,04;0,21;0,94;0,05;0,07;0,06;0,1;0,14;0,1;0;0,05
"203";68;2014;5;2,7248e+10;0,61;0,01;0,04;0,17;1;0,1;0,06;0;0,1;0,14;0,1;0;0,05
"204";68;2013;5;2,5009e+10;0,56;0;0,01;0,06;0,91;0,76;0,7;0,82;0,65;0,61;0,1;0;0,05
"205";69;2014;3;1,2892e+10;0,62;0,08;0,06;0,17;NA;0;0;0;0;0,02;0;0;0
"206";69;2015;3;1,15e+10;0,56;0,06;0,04;0,11;NA;0;0,07;0;0;0,02;0;0;0
"207";69;2013;3;14248500000;0,44;0,07;0,05;0,11;NA;0;0;0;0;0,76;0;0;0
"208";70;2015;6;7,8497e+10;1,71;0,04;0,03;0,13;0,73;0,04;0,04;0,05;0,06;0,07;0;0,05;0
"209";70;2014;6;8,4681e+10;1,66;0,07;0,04;0,19;0,85;0,04;0,05;0,07;0,11;0,09;0;0,05;0
"210";70;2013;6;8,4896e+10;1,29;0,07;0,04;0,2;0,87;0,37;0,35;0,44;0,7;0,14;0;0,05;0
"211";71;2013;4;6998414000;1,29;0,04;0,05;0,18;NA;0,76;0,72;0;0;0,74;0;0,05;0,05
"212";71;2014;4;7647105000;1,08;0,05;0,07;0,23;NA;0,13;0,12;0;0;0,08;0,1;0;0,05
"213";71;2015;4;11017943000;0,98;0,05;0,06;0,22;NA;0,1;0,13;0;0;0,08;0,1;0;0,05
"214";72;2015;1;2,3765e+10;1,48;0,1;0,06;0,24;1,17;0;0,03;0;0;0,16;0,1;0;0
"215";72;2014;1;2,4072e+10;0,93;0,21;0,12;0,37;1,38;0;0;0;0;0,16;0,1;0;0
"216";72;2013;1;2,6387e+10;0,6;0,12;0,07;0,19;1,62;0;0;0;0;0,2;0,1;0;0
"217";73;2015;2;1,6269e+10;2,32;0,08;0,08;0,39;1,93;0,13;0,13;0,11;0,12;0,07;0,1;0,05;0,05
"218";73;2014;2;1,6269e+10;1,63;0,08;0,07;0,26;1,64;0,12;0,14;0,12;0,11;0,07;0,1;0,05;0,05
"219";73;2013;2;1,6269e+10;1,05;0,08;0,07;0,24;1,55;0,59;0,84;0,6;0,91;0,04;0,1;0,05;0,05
"220";74;2014;4;21143276000;1,76;0,09;0,02;0,05;1,79;0;0;0;0;0,15;0;0;0
"221";74;2015;4;22036245000;1,71;0,4;0,07;0,21;1,86;0;0,07;0;0;0,15;0;0;0
"222";74;2013;4;20594908000;1,66;0,03;0,01;0,02;1,74;0;0;0;0;0,4;0;0;0
"223";75;2013;1;4,0104e+10;0,33;0,07;0,03;0,05;1,2;0,05;0,05;0,48;0,07;0,2;0;0,05;0,05
"224";75;2015;1;3,9237e+10;0,31;0,11;0,05;0,07;1,3;0;0,02;0;0;0,12;0,1;0,05;0,05
"225";75;2014;1;3,9532e+10;0,3;0,08;0,03;0,05;1,19;0,01;0,01;0,06;0,01;0,12;0,1;0,05;0,05
"226";76;2013;8;9,018e+09;1,07;0,17;0,12;0,5;1,1;0;0;0;0;0,59;0;0,05;0
"227";76;2015;8;8,586e+09;1,04;0,05;0,03;0,12;1,29;0;0,04;0;0;0,07;0;0,05;0
"228";76;2014;8;8,796e+09;0,93;0,09;0,07;0,23;1,18;0;0;0;0;0,1;0;0,05;0
"229";77;2015;5;27053400000;2,41;0,17;0,07;0,26;3,74;0,14;0,02;0,15;0;0,17;0,1;0;0,05
"230";77;2014;5;17340100000;0,96;0,26;0,13;0,37;5,09;0;0,02;0,11;0;0,17;0,1;0;0,05
"231";77;2013;5;13378200000;0,75;0,22;0,12;0,26;5,07;0,74;0,76;0,75;0;0,91;0;0;0,05
"232";78;2015;5;5522925000;0,15;0,12;0,1;0,14;NA;0;0;0;0;0,19;0;0;0
"233";78;2013;5;4098364000;0,04;0,14;0,1;0,13;4,03;0;0;0;0;0;0;0;0
"234";78;2014;5;4392638000;0,03;0,13;0,1;0,13;NA;0;0;0;0;0,19;0;0;0
"235";79;2015;8;12738900000;1,39;0,16;0,06;0,17;1,19;0;0,03;0;0;0,08;0;0;0
"236";79;2014;8;11338200000;1,09;0,29;0,12;0,31;1,44;0;0;0;0;0,1;0;0;0
"237";79;2013;8;10678100000;0,61;0,27;0,15;0,28;1,34;0;0,1;0;0;0,79;0;0;0
"238";80;2015;2;4256900000;0,34;0,12;0,1;0,21;2,75;0;0,09;0;0;0,12;0;0;0
"239";80;2014;2;4381300000;0,33;0,13;0,1;0,2;2,54;0,05;0;0,07;0,03;0,12;0;0;0
"240";80;2013;2;4259700000;0,28;0,12;0,1;0,18;2,21;0,3;0,17;0,23;0,11;1;0;0;0
"241";81;2013;6;2,803e+09;0,53;0,03;0,15;0,34;3,16;0;0;0;0;0;0;0;0
"242";81;2014;6;3,214e+09;0,48;0,03;0,15;0,45;3,4;0;0,1;0;0;0,08;0;0,05;0
"243";81;2015;6;3,184e+09;0,43;0,04;0,16;0,46;2,86;0;0,01;0;0;0,08;0;0,05;0
"244";82;2014;1;2,439e+10;143,99;-0,02;-0,01;-1,23;1,6;0;0;0;0;0,16;0;0;0
"245";82;2013;1;1,73e+10;93,91;-0,02;-0,01;-1,13;1,65;0;0;0;0;0;0;0;0
"246";82;2015;1;3,932e+10;-776,59;-0,03;-0,01;-5,42;1,42;0;0,02;0;0;0,16;0;0;0
"247";83;2013;5;5,4336e+10;0,47;0,05;0,03;0,15;0,58;0;0,86;0;0;0,9;0;0;0
"248";83;2014;5;5,5896e+10;0,46;0,06;0,04;0,19;0,64;0,06;0,1;0;0;0,14;0,1;0;0
"249";83;2015;5;5,7088e+10;0,42;0,06;0,04;0,18;0,8;0,07;0,1;0,1;0;0,14;0,1;0;0
"250";84;2013;4;4,7139e+10;2,46;0,29;0,01;0,08;NA;0;0;0;0;0,31;0;0;0
"251";84;2014;4;4,788e+10;2,04;0,31;0,02;0,13;NA;0;0;0;0;0,1;0;0;0
"252";84;2015;4;67498800000;1,69;0,27;0,02;0,11;NA;0;0,07;0;0;0,1;0;0;0
"253";85;2014;2;1,3459e+10;4,93;0,09;0,11;1,26;5,01;0,08;0,09;0,07;0,09;0,11;0,1;0,05;0,05
"254";85;2013;2;1,3876e+10;4,93;0,13;0,16;1;4,6;0,34;0,38;0,35;0,37;0,33;0,1;0,05;0,05
"255";85;2015;2;1,1958e+10;2,25;0,14;0,19;3,27;5,44;0,09;0,07;0,07;0,08;0,11;0,1;0,05;0,05
"256";86;2015;3;1,492e+10;1,52;-0,13;-0,02;-0,07;1,06;0;0,02;0;0;0,01;0;0;0
"257";86;2014;3;1,508e+10;1,21;0,2;0,07;0,22;1,37;0;0;0;0;0,01;0;0;0
"258";86;2013;3;1,194e+10;1,19;0,22;0,07;0,21;2,17;0;0;0;0;0,51;0;0;0
"259";87;2013;2;4,388e+09;13,91;0,1;0,13;4,8;3,17;0,32;0,33;0,34;0,49;0,8;0,1;0,05;0,05
"260";87;2015;2;4,175e+09;9,07;0,12;0,16;4,26;4,33;0,07;0,06;0,07;0,12;0,12;0,1;0,05;0,05
"261";87;2014;2;4,674e+09;6,39;0,09;0,12;3,72;3,27;0,07;0,08;0,06;0,13;0,12;0,1;0,05;0,05
"262";88;2015;1;1,66574e+11;0,94;0,11;0,05;0,16;1,16;0;0,03;0;0;0,16;0;0;0
"263";88;2013;1;1,58813e+11;0,88;0,11;0,04;0,14;1,09;0;0;0;0;0,33;0;0;0
"264";88;2014;1;1,59339e+11;0,84;0,12;0,05;0,16;1,15;0;0;0;0;0,16;0;0;0
"265";89;2015;4;67371500000;0,11;0,37;0,02;0,06;0,47;0;0,07;0;0;0,1;0;0;0
"266";89;2014;4;72241500000;0,1;0,36;0,02;0,05;0,43;0;0;0;0;0,1;0;0;0
"267";89;2013;4;54277800000;0,1;0,33;0,02;0,05;0,5;0;0;0;0;0,76;0;0;0
"268";90;2013;1;2009280000;0;0,1;0,18;0,23;NA;0;0;0;0;0,68;0;0;0
"269";90;2014;1;2546285000;0;0,11;0,19;0,24;NA;0;0;0;0;0,1;0;0;0
"270";90;2015;1;2725066000;0;0,11;0,17;0,21;NA;0;0,06;0;0;0,1;0;0;0
"271";91;2013;6;1,4728e+10;0,22;0,09;0,12;0,21;1,54;0,24;0,45;0,53;0,57;0,46;0,1;0,05;0,05
"272";91;2015;6;1,5134e+10;0,21;0,07;0,09;0,18;0,85;0,04;0,06;0,07;0,1;0,08;0,1;0,05;0,05
"273";91;2014;6;1,5776e+10;0,21;0,09;0,11;0,22;1,45;0,03;0,07;0,08;0,09;0,07;0,1;0,05;0,05
"274";92;2015;4;31125100000;1;0,05;0,01;0,04;NA;0;0,04;0;0;0,11;0;0;0
"275";92;2014;4;31184200000;0,77;0,07;0,01;0,06;0,21;0;0;0;0;0,16;0;0;0
"276";92;2013;4;34780600000;0,76;0,01;0;0,01;0,21;0;0;0;0;0,8;0;0;0
"277";93;2014;11;2,32e+10;2,28;0,07;-0,03;-0,17;0,76;0;0,08;0;0;0,08;0;0;0
"278";93;2015;11;2,1334e+10;1,94;0,06;0,02;0,1;0,73;0;0,13;0;0;0,08;0;0;0
"279";93;2013;11;2,187e+10;1,76;0,07;0,03;0,14;0,83;0,76;0,61;0;0;1;0;0;0
"280";94;2013;11;11393667000;0,63;0,15;0,05;0,16;1,01;0,47;0,53;0,55;0,77;0,65;0,1;0,05;0,05
"281";94;2014;11;11759530000;0,61;0,04;0,01;0,03;0,95;0,04;0,11;0,09;0,12;0,11;0,1;0,05;0,05
"282";94;2015;11;10929902000;0,58;-0,12;-0,03;-0,08;0,49;0,08;0,1;0,1;0,12;0,11;0,1;0,05;0,05
"283";95;2015;4;3,34048e+11;1,23;0,17;0,01;0,08;0,23;0;0,04;0;0;0,1;0,1;0;0,05
"284";95;2014;4;3,08854e+11;1,06;0,19;0,01;0,1;0,28;0,02;0,04;0;0;0,1;0,1;0;0,05
"285";95;2013;4;2,97048e+11;0,95;0,18;0,01;0,1;0,26;0,43;0,32;0;0;0,24;0,1;0;0
"286";96;2014;1;3617200000;0,71;0,13;0,16;0,23;NA;0;0;0;0;0,12;0;0;0
"287";96;2013;1;3543817000;0,47;0,2;0,28;0,41;NA;0;0;0;0;0;0;0;0
"288";96;2015;1;4603700000;0,34;0,09;0,08;0,15;NA;0;0,03;0;0;0,12;0;0;0
"289";97;2013;6;7,093e+09;1,49;0,13;0,11;0,47;1,51;0,71;0,36;0;0;0;0,1;0;0
"290";97;2014;6;7,14e+09;1,34;0,13;0,09;0,35;1,67;0;0,04;0;0;0,13;0,1;0;0
"291";97;2015;6;7,471e+09;1,3;0,12;0,09;0,34;1,69;0;0,06;0;0;0,13;0,1;0;0
"292";98;2015;3;9,7484e+10;0,59;-0,14;-0,04;-0,1;0,84;0,05;0,06;0,1;0,1;0,01;0,1;0,05;0,05
"293";98;2014;3;1,16539e+11;0,43;0,12;0,06;0,13;0,89;0,04;0,06;0,1;0,05;0,01;0,1;0,05;0,05
"294";98;2013;3;1,18057e+11;0,4;0,16;0,08;0,18;0,88;0,18;0,36;0,67;0,29;0,15;0,1;0,05;0,05
"295";99;2015;2;3,5451e+10;0,45;0,02;0,07;0,22;2,12;0;0,11;0;0;0,12;0;0,05;0
"296";99;2013;2;3,2319e+10;0,44;0,02;0,07;0,19;1,78;0,66;0,72;0;0;0,26;0;0,05;0
"297";99;2014;2;3,4613e+10;0,41;0,02;0,06;0,18;1,86;0;0,08;0;0;0,12;0;0,05;0
"298";100;2015;2;8,304e+09;1,8;0,08;0,08;0,44;2,27;0,06;0,07;0,03;0,05;0,1;0,1;0,05;0,05
"299";100;2013;2;9,055e+09;1,67;0,05;0,04;0,31;2,19;0,16;0,25;0,17;0,36;0,28;0,1;0,05;0,05
"300";100;2014;2;8,297e+09;1,39;0,11;0,11;0,56;2;0,04;0,06;0,01;0,06;0,1;0,1;0,05;0,05
"301";101;2014;7;9412663000;0,44;-0,06;-0,03;-0,09;4,53;0,07;0,04;0;0;0,19;0,1;0;0
"302";101;2015;7;10911966000;0,27;-0,05;-0,01;-0,02;4,71;0;0,06;0;0;0,19;0,1;0;0
"303";101;2013;7;8097634000;0,09;-0,09;-0,02;-0,05;4,29;0,53;0,45;0;0;1;0;0;0
"304";102;2015;7;1,11773e+11;0,36;0,19;0,09;0,16;1,04;0,05;0,1;0,06;0,08;0,14;0,1;0,05;0,05
"305";102;2014;7;1,03978e+11;0,35;0,16;0,08;0,14;0,95;0,06;0,08;0,06;0,1;0,14;0,1;0,05;0,05
"306";102;2013;7;1,00741e+11;0,22;0,2;0,1;0,17;0,92;0,5;0,61;0,6;0,82;0,21;0,1;0;0,05
"307";103;2015;6;3,5039e+10;0,92;0,17;0,06;0,17;1;0,12;0,07;0,05;0,04;0,18;0,1;0,05;0,05
"308";103;2013;6;3,1782e+10;0,86;0,16;0,06;0,19;1,19;0,3;0,43;0,31;0,13;0,22;0,1;0,05;0,05
"309";103;2014;6;3,3053e+10;0,85;0,15;0,06;0,18;1,36;0,06;0,07;0,04;0;0,18;0,1;0,05;0,05
"310";104;2014;10;5,0147e+10;1,34;0,04;0,02;0,05;0,89;0,02;0;0,02;0;0,16;0,1;0,05;0,05
"311";104;2015;10;4,7604e+10;1,33;0,05;0,02;0,06;0,72;0,01;0,02;0,02;0,09;0,16;0,1;0,05;0,05
"312";104;2013;10;5,1787e+10;1,17;-0,01;0;-0,01;0,76;0,15;0,09;0,23;0;1;0;0;0
"313";105;2014;7;11718916000;0,12;0,14;0,15;0,2;2,54;0,09;0,04;0,04;0,1;0,15;0,1;0,05;0,05
"314";105;2015;7;13065400000;0,1;0,13;0,13;0,19;2,47;0,1;0,04;0,05;0,06;0,17;0,1;0,05;0,05
"315";105;2013;7;8208914000;0;0,14;0,17;0,22;3,23;0,55;0,3;0,14;0,37;1;0;0,05;0
"316";106;2015;7;5481438000;0,67;0,1;0,06;0,15;1,93;0;0,02;0;0;0,19;0;0;0
"317";106;2014;7;5512007000;0,59;0,08;0,05;0,1;1,7;0;0;0;0;0,19;0;0;0
"318";106;2013;7;5212249000;0;0,12;0,07;0,1;1,75;0;0;0;0;0,5;0;0;0
"319";107;2015;2;9,3657e+10;0,74;0,03;0,06;0,14;1,38;0,12;0,14;0,13;0;0,14;0,1;0,05;0,05
"320";107;2013;2;7,1526e+10;0,35;0,04;0,07;0,12;1,22;0,88;0,89;0,79;0;0,59;0;0,05;0,05
"321";107;2014;2;7,4252e+10;0,34;0,03;0,06;0,12;1,54;0,13;0,14;0,12;0;0,14;0,1;0,05;0,05
"322";108;2015;3;2,66103e+11;0,22;0,03;0,02;0,03;0,73;0,07;0,08;0,06;0;0,01;0,1;0,05;0,05
"323";108;2014;3;2,66026e+11;0,16;0,09;0,07;0,13;0,84;0,06;0,09;0,09;0,06;0,01;0,1;0,05;0,05
"324";108;2013;3;2,53753e+11;0,13;0,09;0,09;0,15;0,95;0,35;0,57;0,36;0,32;0,47;0,1;0,05;0,05
"325";109;2013;3;9591164000;0,97;0,11;0,03;0,07;1,59;0;0;0;0;0,87;0;0;0
"326";109;2014;3;11799963000;0,67;0,2;0,05;0,11;1,26;0;0;0;0;0,01;0;0;0
"327";109;2015;3;12641876000;0,48;0,04;0,01;0,01;1,16;0;0,02;0;0;0,01;0;0;0
"328";110;2014;11;5,4327e+10;1,89;0,11;0,03;0,11;1,26;0,11;0,04;0,01;0;0,12;0,1;0;0
"329";110;2015;11;5,8797e+10;1,86;0,16;0,03;0,15;1,15;0;0,03;0;0;0,12;0,1;0;0
"330";110;2013;11;5,0096e+10;1,66;0,13;0,04;0,15;1,16;0;0,29;0,12;0;0,42;0,1;0;0
"331";111;2014;6;5,4121e+10;0,97;0,02;0,01;0,06;NA;0,04;0,06;0,08;0,09;0,1;0,1;0,05;0,05
"332";111;2013;6;5,2252e+10;0,84;0,28;0,22;2,22;NA;0,12;0,3;0,89;0,77;0,42;0,1;0,05;0,05
"333";111;2015;6;5,3134e+10;0,62;0,11;0,08;0,45;NA;0,06;0,09;0,09;0,1;0,1;0,1;0,05;0,05
"334";112;2015;8;4,1166e+10;0,78;0,08;0,04;0,17;NA;0;0,05;0;0;0,09;0,1;0,05;0,05
"335";112;2014;8;4,9876e+10;0,71;0,1;0,07;0,23;NA;0,08;0,06;0,14;0;0,09;0,1;0,05;0,05
"336";112;2013;8;5,1499e+10;0,67;0,14;0,09;0,35;NA;0,48;0,5;0,7;0;0,17;0,1;0,05;0,05
"337";113;2015;6;57947600000;4,21;0,07;0,03;0,25;0,46;0;0,07;0;0;0,07;0,1;0,05;0,05
"338";113;2014;6;61336400000;3,19;0,09;0,05;0,31;0,47;0;0,09;0;0;0,07;0,1;0,05;0,05
"339";113;2013;6;59521300000;2,5;0,09;0,06;0,41;0,49;0,62;0,42;0,14;0;0,55;0;0,05;0,05
"340";114;2015;4;8,6936e+10;2,31;0,26;0,03;0,21;0,48;0;0,05;0;0;0,1;0;0;0
"341";114;2014;4;8,3126e+10;2,13;0,27;0,03;0,21;0,58;0;0;0;0;0,1;0;0;0
"342";114;2013;4;7,934e+10;2;0,3;0,03;0,24;0,55;0;0;0;0;0,6;0;0;0
"343";115;2015;1;11288293000;0,58;0,06;0,1;0,21;NA;0;0,09;0;0;0,1;0;0;0
"344";115;2013;1;10775974000;0,54;0,06;0,1;0,2;NA;0;0;0;0;0,84;0;0;0
"345";115;2014;1;10877372000;0,5;0,06;0,1;0,2;NA;0;0;0;0;0,1;0;0;0
"346";116;2013;5;8,948e+09;0,79;0,12;0,09;0,21;1,18;0,18;0,25;0,48;0,14;0,78;0,1;0,05;0
"347";116;2014;5;9,877e+09;0,75;0,07;0,06;0,13;1,32;0,01;0,04;0,04;0,02;0,14;0,1;0,05;0
"348";116;2015;5;9,962e+09;0,75;0,09;0,07;0,16;1,34;0,02;0,03;0,04;0;0,14;0,1;0,05;0
"349";117;2015;6;48222200000;0,51;0,16;0,08;0,14;1,22;0;0,06;0;0;0,14;0;0;0
"350";117;2013;6;34672200000;0,15;0,14;0,08;0,13;1,15;0;0;0;0;0,62;0;0;0
"351";117;2014;6;36991700000;0,15;0,13;0,07;0,11;1,22;0;0;0;0;0,14;0;0;0
"352";118;2014;1;8,7035e+10;0,37;0,16;0,09;0,17;1,97;0,01;0,01;0;0,01;0,14;0,1;0,05;0
"353";118;2015;1;8,8182e+10;0,29;0,16;0,1;0,19;2,08;0,01;0,01;0;0;0,14;0,1;0,05;0
"354";118;2013;1;8,3166e+10;0,26;0,14;0,08;0,15;1,7;0,28;0,09;0;0,01;0,04;0;0;0
"355";119;2015;1;1,5864e+10;1,4;0,16;0,07;0,19;1,12;0;0,05;0;0;0,16;0;0;0
"356";119;2014;1;1,6014e+10;1,08;0,18;0,07;0,19;1,33;0;0;0;0;0,16;0;0;0
"357";119;2013;1;1,4979e+10;1,05;0,19;0,07;0,17;1,31;0;0;0;0;0,7;0;0;0
"358";120;2013;1;20375628000;12,91;0,06;0,04;1,59;NA;0;0;0;0;0,76;0;0;0
"359";120;2014;1;22107462000;6,85;0,06;0,04;0,62;NA;0;0;0;0;0,16;0;0;0
"360";120;2015;1;22886710000;4,45;0,05;0,03;0,28;NA;0;0,04;0;0;0,16;0;0;0
"361";121;2015;1;1,6699e+10;1,99;0,02;0,02;0,09;1,27;0;0,09;0;0;0,1;0;0;0
"362";121;2013;1;2882800000;1,05;0,08;0,22;0,4;4,62;0;0;0;0;0,59;0;0;0
"363";121;2014;1;3367700000;0,48;0,07;0,2;0,44;3,65;0;0;0;0;0,1;0;0;0
"364";122;2015;6;8619763000;0,72;0,13;0,1;0,24;1,29;0;0,06;0;0;0,1;0;0,05;0
"365";122;2014;6;9090385000;0,61;0,1;0,09;0,2;1,46;0,08;0,06;0;0;0,1;0;0,05;0
"366";122;2013;6;10838172000;0,48;0,11;0,1;0,2;1,62;0,54;0,29;0;0;0,65;0;0,05;0
"367";123;2014;8;6,8796e+10;1,02;0,06;0,05;0,16;NA;0,06;0,05;0,06;0,03;0,1;0,1;0,05;0,05
"368";123;2015;8;6,8026e+10;0,76;0,15;0,11;0,37;NA;0,06;0,05;0,09;0,03;0,07;0,1;0,05;0,05
"369";123;2013;8;6,9501e+10;0,73;0,08;0,07;0,22;NA;0,25;0,38;0,11;0,37;0,12;0,1;0,05;0,05
"370";124;2015;2;8,869e+09;1,32;0,12;0,09;0,34;2,27;0;0,07;0;0;0,07;0,1;0,05;0,05
"371";124;2014;2;8,273e+09;1,13;0,11;0,09;0,31;1,97;0,13;0,08;0,09;0;0,07;0,1;0,05;0,05
"372";124;2013;2;8,201e+09;1,1;0,1;0,07;0,27;1,17;0,28;0,39;0,27;0,47;0,73;0;0,05;0,05
"373";125;2015;11;2,8737e+10;1,01;0,07;0,03;0,08;0,81;0,12;0,04;0,14;0,05;0,11;0,1;0,05;0,05
"374";125;2014;11;2,7974e+10;1;0,07;0,03;0,11;0,83;0,08;0,03;0,12;0,03;0,11;0,1;0,05;0,05
"375";125;2013;11;2,5935e+10;0,91;0,07;0,03;0,09;0,75;0,6;0,26;0,6;0,12;0,24;0;0,05;0
"376";126;2015;11;1,21156e+11;0,94;0,12;0,02;0,07;0,73;0,02;0,02;0,06;0,09;0,12;0,1;0,05;0,05
"377";126;2013;11;1,14779e+11;0,92;0,11;0,02;0,07;0,74;0,03;0,12;0,6;0,79;0,07;0,1;0;0,05
"378";126;2014;11;1,20709e+11;0,91;0,08;0,02;0,05;0,79;0,05;0,02;0,09;0,11;0,06;0,1;0,05;0,05
"379";127;2015;5;18514875000;1,85;0,02;0,01;0,05;1,16;0;0,04;0;0;0,14;0;0,05;0
"380";127;2013;5;17098877000;1,84;0,05;0,04;0,15;1,21;0,29;0,11;0,24;0,03;0,4;0,1;0;0
"381";127;2014;5;17942715000;1,62;0,06;0,04;0,15;1,31;0,06;0,04;0;0;0,14;0;0,05;0
"382";128;2015;3;2,9532e+10;1,72;0,08;-0,39;-1,01;0,84;0;0,08;0,08;0;0,02;0,1;0,05;0,05
"383";128;2014;3;5,0637e+10;0,46;0,08;0,03;0,07;0,68;0;0,02;0,06;0;0,01;0,1;0,05;0,05
"384";128;2013;3;4,2877e+10;0,39;0;0;0;0,74;0,58;0,12;0,39;0;0,37;0;0,05;0,05
"385";129;2015;7;1,7785e+10;1,03;0,2;0,05;0,13;1,9;0,13;0,08;0,15;0;0,13;0;0;0,05
"386";129;2014;7;4,5132e+10;0,34;0;0;0;0,59;0,1;0,11;0;0;0,14;0;0;0,05
"387";129;2013;7;4,1488e+10;0,17;0,18;0,07;0,13;0,56;0,3;0,45;0;0;0,19;0;0;0,05
"388";130;2013;8;19636500000;0,82;0,07;0,05;0,14;1,85;0,73;0,8;0,84;0,6;0,9;0,1;0,05;0,05
"389";130;2014;8;19466700000;0,66;0,08;0,06;0,16;1,84;0,13;0,14;0,14;0,06;0,1;0,1;0,05;0,05
"390";130;2015;8;18641700000;0,62;0,07;0,05;0,15;2,06;0,13;0,14;0,14;0,08;0,1;0,1;0,05;0,05
"391";131;2014;6;4674200000;0,52;0,15;0,08;0,16;2,37;0;0;0;0;0,1;0;0;0
"392";131;2013;6;4539900000;0,5;0,15;0,08;0,16;2,11;0;0;0;0;0,74;0;0;0
"393";131;2015;6;4,509e+09;0,5;0,16;0,09;0,19;3,2;0;0,03;0;0;0,11;0;0;0
"394";132;2013;11;4,6646e+10;0,99;0,07;0,02;0,09;0,61;0;0;0;0;0,38;0;0;0
"395";132;2015;11;5,031e+10;0,96;0,09;0,02;0,09;0,65;0;0,12;0;0;0,12;0;0;0
"396";132;2014;11;5,0186e+10;0,93;0,12;0,03;0,15;0,67;0;0;0;0;0,12;0;0;0
"397";133;2015;7;4,6612e+10;0,26;0,08;0,04;0,1;NA;0,06;0,07;0,09;0,13;0,14;0,1;0,05;0,05
"398";133;2014;7;4,5885e+10;0,25;0,11;0,06;0,12;NA;0,06;0,07;0,1;0;0,13;0,1;0,05;0,05
"399";133;2013;7;4,5849e+10;0,25;0,12;0,07;0,13;NA;0,45;0,57;0,82;0,15;0,84;0,1;0,05;0,05
"400";134;2014;8;1,6072e+10;2,07;0,08;0,06;0,2;1,08;0,04;0,03;0;0;0,09;0,1;0,05;0
"401";134;2015;8;1,5611e+10;1,73;0,09;0,05;0,23;1,01;0,03;0,03;0;0;0,09;0,1;0,05;0
"402";134;2013;8;1,1845e+10;1,12;0,12;0,1;0,34;1,28;0;0,19;0;0;0,53;0,1;0,05;0
"403";135;2015;6;2,1552e+10;0,54;0,12;0,11;0,31;1,55;0;0,05;0,07;0;0,13;0;0,05;0
"404";135;2013;6;2,4124e+10;0,36;0,08;0,08;0,19;2,09;0;0;0;0;0,34;0;0;0
"405";135;2014;6;2,3724e+10;0,35;0,09;0,09;0,22;1,86;0;0,04;0;0;0,13;0;0,05;0
"406";136;2015;3;26975244000;0,51;-0,52;-0,15;-0,3;1,67;0;0,05;0;0;0,01;0;0;0
"407";136;2013;3;30574238000;0,38;0,15;0,07;0,15;1,65;0;0;0;0;0,56;0;0;0
"408";136;2014;3;34762687000;0,33;0,16;0,09;0,17;1,56;0;0,04;0;0;0,01;0;0;0
"409";137;2013;3;4,014e+10;1,07;0,05;0,07;0,18;1,98;0;0;0;0;0,63;0;0;0
"410";137;2014;3;4,72e+10;1,06;0,06;0,06;0,17;1,94;0;0;0;0;0,05;0;0;0
"411";137;2015;3;4,88e+10;1,03;0,09;0,05;0,13;1,54;0;0;0;0;0,05;0;0;0
"412";138;2014;7;7817433000;2,06;-0,11;-0,03;-0,1;1,97;0;0;0;0;0,15;0;0;0
"413";138;2015;7;10356695000;2,03;0,07;0,02;0,09;2,07;0;0,1;0;0;0,15;0;0;0
"414";138;2013;7;7492359000;1,7;0,04;0,01;0,04;1,55;0;0;0;0;0;0;0;0
"415";139;2015;4;23157328000;1,05;0,31;0,04;0,08;1,78;0;0,02;0;0;0,14;0;0;0
"416";139;2014;4;22950614000;1,05;0,24;0,03;0,06;1,62;0;0;0;0;0,14;0;0;0
"417";139;2013;4;22834545000;1,03;0,76;0,08;0,18;1,08;0;0;0;0;0,48;0;0;0
"418";140;2013;3;9792053000;0,62;0,21;0,05;0,1;1,59;0,03;0;0,3;0;0,75;0;0,05;0
"419";140;2014;3;12064900000;0,62;0,16;0,05;0,09;1,1;0;0,02;0,03;0;0,02;0;0,05;0
"420";140;2015;3;13976172000;0,55;0,04;0,01;0,02;0,66;0;0,03;0;0;0,02;0;0,05;0
"421";141;2015;5;53243300000;0,8;0,02;0,05;0,14;1,47;0;0;0;0;0,14;0,1;0;0
"422";141;2013;5;53548200000;0,57;0,02;0,03;0,08;1,33;0;0;0;0;0,38;0;0;0
"423";141;2014;5;53798900000;0,55;0,02;0,04;0,1;1,47;0;0;0;0;0,14;0,1;0;0
"424";142;2014;3;6,252e+10;1,52;0,01;0,01;0,05;0,8;0;0;0;0;0,05;0;0;0
"425";142;2013;3;4,37e+10;1,43;0;0;-0,01;0,85;0;0;0;0;0,71;0;0;0
"426";142;2015;3;6,517e+10;1,38;0;0;0;0,76;0;0;0;0;0,05;0;0;0
"427";143;2015;11;44647681000;1,42;-0,02;0;-0,02;0,54;0;0,07;0;0;0,12;0,1;0,05;0,05
"428";143;2013;11;43406446000;1,26;0,06;0,02;0,08;0,54;0,55;0,21;0,03;0;0,6;0;0,05;0,05
"429";143;2014;11;46527854000;1,25;0,08;0,02;0,09;0,59;0;0,04;0;0;0,12;0,1;0,05;0,05
"430";144;2015;11;9,5384e+10;1,1;0,08;0;0,09;0,46;0,1;0,11;0,05;0,09;0,12;0,1;0,05;0,05
"431";144;2014;11;8,6814e+10;0,97;0,06;0,02;0,07;0,56;0,06;0,07;0,02;0,13;0,12;0,1;0,05;0,05
"432";144;2013;11;7,9924e+10;0,8;0,07;0,02;0,08;0,49;0,12;0,41;0,05;0,72;0,67;0,1;0,05;0,05
"433";145;2014;1;9020538000;0,98;0,07;0,04;0,21;1,54;0;0,14;0;0;0,13;0;0;0
"434";145;2015;1;15503812000;0,66;0,11;0,06;0,28;1,6;0;0,05;0;0;0,13;0;0;0
"435";145;2013;1;7739481000;0,58;0,05;0,03;0,11;1,47;0,97;0,79;0;0;1;0;0;0
"436";146;2015;4;6071407000;1,69;0,24;0,04;0,09;2,38;0;0,04;0;0;0,15;0;0;0
"437";146;2014;4;4402107000;1,36;0,27;0,04;0,1;2,08;0;0;0;0;0,15;0;0;0
"438";146;2013;4;3977140000;1,11;0,33;0,05;0,11;1,68;0;0;0;0;0,48;0;0;0
"439";147;2014;1;2,08527e+11;4,8;0,02;0,02;0,12;0,42;0,06;0,05;0,08;0,07;0,07;0,1;0,05;0,05
"440";147;2015;1;2,24925e+11;4,64;0,05;0,03;0,27;0,56;0,04;0,04;0,08;0,1;0,07;0,1;0,05;0,05
"441";147;2013;1;2,02026e+11;4,35;0,05;0,04;0,34;0,4;0,57;0,35;0,7;0,65;0,06;0,1;0,05;0
"442";148;2015;6;2532462000;0,17;0,13;0,21;0,29;4,28;0;0,01;0;0;0,1;0;0;0
"443";148;2013;6;2075784000;0;0,13;0,22;0,26;6,23;0;0;0;0;0;0;0;0
"444";148;2014;6;2359102000;0;0,13;0,22;0,26;5,45;0;0;0;0;0,1;0;0;0
"445";149;2013;7;1,7895e+10;0,02;0,19;0,09;0,11;7,61;0,03;0,13;0;0;0,15;0;0;0
"446";149;2014;7;4,0184e+10;0;0,23;0,11;0,13;NA;0,05;0,04;0;0;0,18;0;0;0
"447";149;2015;7;4,9407e+10;0;0,2;0,08;0,09;NA;0;0,06;0;0;0,18;0;0;0
"448";150;2015;6;3,8371e+10;0,57;0,02;0,03;0,08;1,22;0,01;0,02;0;0,06;0,13;0,1;0;0,05
"449";150;2014;6;3,2984e+10;0,3;0,05;0,07;0,15;1,55;0,01;0,03;0;0,08;0,13;0,1;0,05;0,05
"450";150;2013;6;3,3542e+10;0,16;0,04;0,05;0,1;0,91;0,25;0,39;0;0,51;0,38;0;0;0,05
"451";151;2015;11;5,2187e+10;1,55;0,04;0,01;0,05;0,31;0;0,03;0;0;0,12;0;0;0,05
"452";151;2014;11;5,2166e+10;1,54;0,02;0,01;0,02;0,36;0;0;0;0;0,12;0;0;0,05
"453";151;2013;11;5,0424e+10;1,25;0,03;0,01;0,03;0,35;0;0;0;0;0,31;0;0;0,05
"454";152;2013;7;13960100000;1,23;0,1;0,04;0,09;1,38;0;0;0;0;0;0;0;0
"455";152;2015;7;26268800000;0,77;0,11;0,05;0,1;1,14;0;0,04;0;0;0,16;0;0;0
"456";152;2014;7;14520500000;0,64;0,08;0,03;0,07;1,51;0;0;0;0;0,16;0;0;0
"457";153;2015;7;9,34e+09;1,61;0,14;0,08;0,24;2,67;0;0,07;0;0;0,16;0;0;0
"458";153;2014;7;9,337e+09;1,13;0,15;0,08;0,22;2,23;0;0;0;0;0,16;0;0;0
"459";153;2013;7;9,513e+09;1,05;0,13;0,07;0,19;1,96;0;0;0;0;0,32;0;0;0
"460";154;2013;4;1,30443e+11;0;0,27;0,01;0,13;0,18;0,08;0,15;0;0;0,61;0;0;0,05
"461";154;2014;4;1,38706e+11;0;0,23;0,01;0,1;0,17;0;0,03;0;0;0,1;0,1;0;0,05
"462";154;2015;4;1,41082e+11;0;0,25;0,01;0,11;0,22;0;0,04;0;0;0,1;0,1;0;0,05
"463";155;2014;7;8,525e+09;0,79;0,31;0,06;0,18;1,94;0;0;0;0;0,16;0;0;0
"464";155;2015;7;7,89e+09;0,73;0,21;0,04;0,13;1,97;0;0,08;0;0;0,16;0;0;0
"465";155;2013;7;3,932e+09;0,38;0,32;0,09;0,26;2,72;0;0;0;0;0;0;0;0
"466";156;2014;4;3,248176e+12;875,59;-0,05;0;-0,11;1,03;0;0;0;0;0,1;0;0;0
"467";156;2015;4;3,221917e+12;793,47;-0,01;0;-0,08;1,03;0;0;0;0;0,1;0;0;0
"468";156;2013;4;3,270108e+12;339,01;-0,05;0,03;-0,73;1,03;0;0;0;0;0,82;0;0;0
"469";157;2013;1;5,3286e+10;1,33;0,13;0,03;0,11;1,65;0,14;0,17;0;0;0,3;0,1;0,05;0,05
"470";157;2014;1;5,2652e+10;1,22;0,14;0,03;0,13;1,61;0;0,11;0;0;0,16;0,1;0,05;0,05
"471";157;2015;1;4,8096e+10;1,18;0,16;0,04;0,13;1,34;0;0,11;0;0;0,16;0,1;0,05;0,05
"472";158;2014;6;3,5355e+10;0,33;0,08;0,07;0,2;0,13;0;0;0;0;0,05;0;0;0
"473";158;2015;6;3,1997e+10;0,32;0,09;0,09;0,27;0,14;0;0,04;0;0;0,05;0;0;0
"474";158;2013;6;3,5448e+10;0,27;0,08;0,07;0,19;0,9;0;0;0;0;0;0;0;0
"475";159;2013;6;6,5656e+11;1,7;0,09;0,02;0,1;0,41;0,36;0,45;0,21;0,37;0,03;0,1;0,05;0
"476";159;2014;6;6,48349e+11;1,56;0,1;0,02;0,12;0,6;0,08;0,07;0,07;0,07;0,11;0,1;0,05;0,05
"477";159;2015;6;4,92692e+11;1,48;-0,05;-0,01;-0,06;0,76;0,09;0,08;0,06;0,06;0,11;0,1;0,05;0,05
"478";160;2014;4;25335734000;2,2;0,26;0,03;0,09;1,64;0,02;0,03;0;0,03;0,13;0;0;0
"479";160;2013;4;25762303000;2,02;0,11;0,01;0,04;1,34;0,65;0;0;0;1;0;0;0
"480";160;2015;4;24073555000;1,8;0,57;0,06;0,17;1,59;0,02;0,02;0,02;0,02;0,13;0;0;0
"481";161;2015;5;5,1839e+10;1,14;0,55;0,4;1,07;2,9;0;0,13;0;0;0,17;0;0;0
"482";161;2014;5;3,4664e+10;0,77;0,49;0,39;0,83;4,08;0;0;0;0;0,17;0;0;0
"483";161;2013;5;22496785000;0,35;0,27;0,14;0,28;5,25;0,88;0,83;0;0;0,53;0;0;0
"484";162;2015;2;21588700000;1,55;0,09;0,07;0,29;1,97;0,1;0,09;0,09;0,09;0,1;0,1;0,05;0,05
"485";162;2014;2;24203700000;1,36;0,09;0,06;0,24;1,67;0,08;0,09;0,08;0,08;0,1;0,1;0,05;0,05
"486";162;2013;2;23152100000;1,02;0,1;0,08;0,26;1,67;0,55;0,51;0,68;0,64;0,21;0,1;0,05;0,05
"487";163;2015;7;2,8547e+10;0,24;0,14;0,05;0,07;0,75;0;0,02;0;0;0,13;0,1;0,05;0,05
"488";163;2014;7;3,0063e+10;0,17;0,24;0,08;0,12;0,89;0;0,02;0;0;0,13;0,1;0,05;0,05
"489";163;2013;7;2,8478e+10;0,15;0,25;0,07;0,09;0,74;0,12;0;0;0;1;0,1;0,05;0
"490";164;2015;1;1,9452e+11;1,09;0,06;0,05;0,27;0,5;0,01;0,02;0,02;0,02;0,07;0,1;0,05;0,05
"491";164;2014;1;1,77677e+11;0,9;0,02;0,02;0,07;0,34;0,03;0,02;0,05;0,03;0,07;0,1;0,05;0,05
"492";164;2013;1;1,66344e+11;0,18;0,02;0,03;0,12;0,4;0,35;0,35;0,22;0,4;0;0;0,05;0,05
"493";165;2014;1;8246238000;0,15;0,05;0,09;0,21;1,8;0;0;0;0;0,09;0;0;0
"494";165;2013;1;7680297000;0,15;0,05;0,09;0,22;1,47;0;0;0;0;0;0;0;0
"495";165;2015;1;8144771000;0,08;0,05;0,09;0,22;1,42;0;0,03;0;0;0,09;0;0;0
"496";166;2015;1;7,806e+09;0,51;0,06;0,14;0,37;1,38;0,05;0,03;0,01;0;0,11;0,1;0,05;0
"497";166;2014;1;7,819e+09;0,48;0,08;0,16;0,42;2,05;0;0,06;0;0;0,11;0,1;0,05;0
"498";166;2013;1;7,786e+09;0,42;0,08;0,17;0,42;2,16;0,36;0,45;0,53;0;0,03;0;0,05;0
"499";167;2015;4;8,61395e+11;2,32;0,16;0,01;0,07;0,42;0,06;0,06;0,04;0,07;0,1;0,1;0,05;0,05
"500";167;2014;4;8,5624e+11;2,28;0,23;0,01;0,11;0,44;0,11;0,07;0,08;0,11;0,1;0,1;0,05;0,05
"501";167;2013;4;9,11507e+11;2,26;0,23;0,01;0,11;0,41;0,5;0,53;0,36;0,41;0,06;0,1;0,05;0,05
"502";168;2015;6;5857755000;0,61;0,08;0,14;0,28;2,17;0;0,09;0,05;0;0,1;0;0,05;0,05
"503";168;2013;6;5266328000;0,14;0,08;0,16;0,25;3,07;0,55;0,7;0;0;0,91;0;0,05;0,05
"504";168;2014;6;5284252000;0,13;0,08;0,15;0,24;3,01;0,08;0,09;0;0;0,1;0;0,05;0,05
"505";169;2015;3;3,6942e+10;0,95;-0,03;-0,02;-0,04;0,79;0,01;0,01;0;0,08;0,02;0,1;0,05;0
"506";169;2013;3;2,9223e+10;0,58;0,07;0,08;0,15;1,45;0;0,29;0,31;0;0,17;0,1;0,05;0
"507";169;2014;3;3,224e+10;0,48;0,11;0,11;0,23;1,01;0;0,04;0;0;0,02;0,1;0,05;0
"508";170;2013;5;2,8831e+10;-3,43;0,05;0,06;-0,18;1,6;0;0;0;0;0,82;0;0;0
"509";170;2014;5;3,1199e+10;-3,73;0,05;0,07;-0,24;1,82;0;0;0;0;0,14;0;0;0,05
"510";170;2015;5;3,2744e+10;-4,01;0,04;0,06;-0,28;1,63;0;0,01;0;0;0,14;0;0;0,05
"511";171;2015;4;21449849000;1,18;-0,22;-0,03;-0,06;1,27;0,07;0,03;0,07;0,08;0,15;0,1;0,05;0,05
"512";171;2014;4;21369940000;0,91;0,41;0,04;0,09;1,28;0,06;0,04;0,09;0,09;0,15;0,1;0,05;0,05
"513";171;2013;4;20075870000;0,81;0,46;0,05;0,09;1,18;0,32;0,18;0,31;0,44;1;0;0,05;0,05
"514";172;2015;1;4,4152e+10;2,34;0,08;0,16;0,8;3,94;0,02;0,04;0,14;0,05;0,1;0,1;0,05;0,05
"515";172;2014;1;4,1512e+10;1,65;0,07;0,14;0,52;3,46;0,03;0,04;0,12;0,03;0,1;0,1;0,05;0,05
"516";172;2013;1;4,3814e+10;1,03;0,07;0,13;0,34;2,74;0,31;0,36;0,86;0,18;0,27;0,1;0,05;0,05
"517";173;2015;3;3,4195e+10;0,34;-0,46;-0,09;-0,15;0,54;0,08;0,06;0,08;0,04;0,01;0,1;0,05;0,05
"518";173;2014;3;3,8578e+10;0,27;0,16;0,06;0,1;0,67;0,1;0,1;0,12;0,04;0,03;0,1;0,05;0,05
"519";173;2013;3;4,2754e+10;0,22;0,21;0,12;0,21;0,71;0,44;0,48;0,55;0,34;0,32;0,1;0,05;0,05
"520";174;2013;4;2,77884e+11;0,33;0,01;0;0,01;0,05;0,12;0,29;0,04;0;0,5;0,1;0,05;0,05
"521";174;2014;4;2,45013e+11;0,3;0,04;0;0,04;0,06;0,03;0,05;0,02;0,03;0,16;0,1;0,05;0,05
"522";174;2015;4;2,28348e+11;0,29;0,09;0,01;0,09;0,07;0,05;0,05;0,06;0;0,12;0,1;0,05;0,05
"523";175;2013;1;2,6562e+10;2,9;0,05;0,02;0,14;1,05;0,07;0,06;0,04;0,03;0,5;0,1;0;0
"524";175;2014;1;2,6125e+10;2,27;0,06;0,03;0,14;1,13;0,04;0;0;0;0,12;0,1;0;0
"525";175;2015;1;2,5716e+10;1,62;0,12;0,05;0,27;0,98;0,05;0,06;0,01;0,02;0,12;0,1;0;0,05
"526";176;2015;1;9991167000;2,63;0,13;0,07;0,29;1,2;0,08;0,07;0,13;0,07;0,07;0;0,05;0
"527";176;2014;1;9528097000;1,29;0,14;0,09;0,27;1,7;0,1;0,08;0,12;0,09;0,07;0;0,05;0
"528";176;2013;1;9405040000;1,14;0,12;0,08;0,26;1,83;0,84;0,56;0,91;0,68;1;0;0,05;0
"529";177;2013;6;4,5435e+10;0,39;0,1;0,09;0,26;1,54;0,12;0,05;0;0;0,22;0,1;0,05;0,05
"530";177;2014;6;4,5451e+10;0,34;0,11;0,09;0,23;1,68;0,04;0,01;0;0;0,12;0,1;0,05;0,05
"531";177;2015;6;4,9316e+10;0,3;0,12;0,1;0,26;1,69;0;0,01;0;0;0,12;0,1;0,05;0,05
"532";178;2015;1;8,268e+09;1,66;0,08;0,06;0,37;NA;0,01;0,03;0;0;0,12;0,1;0;0,05
"533";178;2014;1;8,659e+09;1,57;0,11;0,07;0,25;NA;0,01;0,03;0;0;0,12;0,1;0;0,05
"534";178;2013;1;8,762e+09;0,45;0,1;0,07;0,19;NA;0,21;0,23;0;0;1;0;0;0,05
"535";179;2015;7;8,127e+10;0,45;0,05;0,03;0,07;0,29;0;0;0;0;0,17;0;0;0
"536";180;2013;2;4915880000;0,08;0,06;0,11;0,17;2,13;0,16;0,09;0,36;0,24;0,36;0;0;0
"537";180;2014;2;5455619000;0,07;0,06;0,12;0,17;2,44;0,03;0,01;0,03;0,03;0,1;0,1;0,05;0
"538";180;2015;2;6139831000;0,06;0,07;0,12;0,18;2,81;0,05;0,02;0,05;0,02;0,1;0,1;0,05;0
"539";181;2014;5;6138807000;0,19;0,04;0,08;0,17;1,77;0;0;0;0;0,12;0;0;0
"540";181;2013;5;5624636000;0,16;0,05;0,08;0,16;1,59;0;0;0;0;0;0;0;0
"541";181;2015;5;6504740000;0,16;0,05;0,08;0,17;1,91;0;0,06;0;0;0,12;0;0;0
"542";182;2013;4;1,2814e+10;0,66;0,06;0,02;0,04;1,46;0,5;0,27;0;0;1;0;0,05;0,05
"543";182;2015;4;1,1784e+10;0,57;0,1;0,05;0,08;1,32;0,05;0,06;0,04;0,11;0,14;0,1;0,05;0,05
"544";182;2014;4;1,2207e+10;0,54;0,14;0,06;0,1;1,71;0;0,05;0;0;0,14;0,1;0,05;0,05
"545";183;2015;2;5344371000;1,56;0,07;0,09;0,48;3,98;0,14;0,12;0,13;0,12;0,1;0,1;0,05;0,05
"546";183;2013;2;5357488000;1,12;0,11;0,16;0,64;4,2;0,86;0,61;0,68;0,67;0,27;0;0,05;0,05
"547";183;2014;2;5629516000;1,06;0,11;0,15;0,55;4,31;0,14;0,1;0,12;0,12;0,1;0,1;0,05;0,05
"548";184;2014;5;2,3466e+10;0,4;0,02;0,05;0,12;0,92;0,07;0,07;0,09;0,11;0,14;0,1;0,05;0,05
"549";184;2015;5;2,4705e+10;0,37;0,02;0,05;0,13;1,1;0,07;0,1;0,12;0,1;0,14;0,1;0,05;0,05
"550";184;2013;5;2,0735e+10;0,28;0,03;0,06;0,13;0,7;0,87;0,66;0;0,61;0,72;0;0,05;0
"551";185;2014;7;1,17532e+11;2,96;0,13;0,1;0,8;1,59;0,02;0,02;0,04;0,06;0,17;0,1;0,05;0,05
"552";185;2015;7;1,10495e+11;2,34;0,16;0,12;0,99;1,43;0,01;0,03;0,06;0,03;0,17;0,1;0,05;0,05
"553";185;2013;7;1,26223e+11;1,44;0,17;0,14;0,83;1,74;0,17;0,25;0,19;0,42;0,04;0,1;0,05;0,05
"554";186;2014;4;6,8279e+10;0,32;0,27;0,02;0,1;0,4;0;0;0;0;0,1;0;0;0
"555";186;2015;4;7,7987e+10;0,27;0,4;0,01;0,16;0,47;0;0,06;0;0;0,1;0;0;0
"556";186;2013;4;6,4818e+10;0,18;0,23;0,01;0,08;0,46;0;0;0;0;0,9;0;0;0
"557";187;2015;6;3,641e+10;3,17;-0,08;-0,03;-0,25;0,28;0;0;0;0;0,04;0;0;0
"558";187;2014;6;3,579e+10;2,13;-0,02;-0,01;-0,06;0,3;0;0;0;0;0,04;0;0;0
"559";187;2013;6;3,174e+10;1,53;0,05;0,04;0,19;0,25;0;0;0;0;0;0;0;0
"560";188;2014;5;3339640000;0,67;0,19;0,11;0,26;7,88;0;0,04;0,11;0,06;0,17;0;0,05;0
"561";188;2013;5;3019006000;0,55;0,09;0,04;0,09;4,53;0;0;0;0;0;0;0;0
"562";188;2015;5;3733548000;0,52;0,24;0,14;0,3;7,49;0,11;0,06;0,11;0,04;0,17;0;0,05;0
"563";189;2015;9;1007440000;3,62;0,01;0,01;0,17;20,04;0;0,06;0;0;0,17;0;0;0
"564";189;2013;9;629568000;-3,43;-0,23;-0,2;0,78;13,45;0;0;0;0;0,89;0;0;0
"565";189;2014;9;830069000;-8,27;-0,09;-0,07;0,35;15,85;0;0;0;0;0,17;0;0;0
"566";190;2015;7;1,03065e+11;0,33;0,21;0,12;0,2;1,58;0,08;0,08;0,07;0,07;0,13;0,1;0,05;0,05
"567";190;2013;7;9,2358e+10;0,23;0,18;0,11;0,18;1,34;0,56;0,59;0,57;0,26;0,06;0,1;0,05;0,05
"568";190;2014;7;9,1956e+10;0,22;0,21;0,13;0,2;1,88;0,08;0,07;0,06;0,03;0,13;0,1;0,05;0,05
"569";191;2015;7;3,833e+09;0,48;0,1;0,09;0,21;6,97;0,08;0,1;0,03;0,1;0,17;0;0;0
"570";191;2013;7;4,068e+09;0,22;0,21;0,17;0,29;4,92;0,43;0,6;0,3;0,33;0,55;0;0;0
"571";191;2014;7;5,038e+09;0,17;0,18;0,16;0,29;4,87;0;0,11;0;0;0,19;0;0;0
"572";192;2015;8;3,0587e+10;2,29;0,04;0,03;0,21;0,71;0,04;0,06;0,08;0,05;0,08;0,1;0,05;0
"573";192;2014;8;2,8684e+10;1,69;0,02;0,02;0,08;0,98;0;0,04;0,03;0;0,08;0,1;0,05;0,05
"574";192;2013;8;3,1528e+10;1,09;0,05;0,04;0,19;0,83;0,86;0,36;0;0;0,29;0;0,05;0,05
"575";193;2015;1;12585100000;0,82;0,06;0,04;0,24;0,87;0;0,05;0;0;0,1;0;0,05;0
"576";193;2014;1;12747200000;0,77;0,06;0,04;0,22;0,77;0;0;0;0;0,1;0;0,05;0
"577";193;2013;1;1,2905e+10;0,51;0,04;0,02;0,12;0,68;0;0;0;0;0,85;0;0,05;0
"578";194;2013;5;3950300000;0;0,3;0,17;0,19;NA;0;0;0;0;0,51;0;0;0
"579";194;2014;5;3959400000;0;0,2;0,11;0,13;NA;0;0;0;0;0,15;0;0;0
"580";194;2015;5;4907300000;0;0,25;0,13;0,15;NA;0;0,07;0;0;0,15;0;0;0
"581";195;2015;7;3723600000;0,18;0,14;0,1;0,28;NA;0;0,08;0;0;0,18;0;0;0
"582";195;2013;7;3740200000;0,01;0,2;0,14;0,54;0,84;0;0;0;0;0,08;0;0;0
"583";195;2014;7;3631500000;0,01;0,07;0,05;0,15;NA;0;0;0;0;0,18;0;0;0
"584";196;2015;6;1,5729e+10;1,32;0,14;0,12;0,37;2,31;0,07;0,05;0,08;0,06;0,1;0;0;0
"585";196;2014;6;1,7678e+10;0,88;0,2;0,15;0,37;2,17;0,06;0,06;0,08;0,05;0,1;0,1;0,05;0
"586";196;2013;6;1,9966e+10;0,29;0,12;0,09;0,17;1,76;0,39;0,3;0,47;0,39;0,51;0,1;0;0
"587";197;2015;4;25073200000;0,95;0,19;0,04;0,12;0,74;0;0,12;0,11;0,06;0,1;0,1;0,05;0,05
"588";197;2014;4;20462500000;0,81;0,19;0,05;0,12;1,13;0,11;0,06;0,1;0,07;0,1;0,1;0,05;0,05
"589";197;2013;4;19270500000;0,69;0,2;0,05;0,11;1,02;0,69;0,49;0,69;0,39;0,76;0;0,05;0,05
"590";198;2015;6;3636567000;0,77;0,07;0,12;0,33;2,49;0;0,09;0;0;0,08;0,1;0;0,05
"591";198;2014;6;3397117000;0,57;0,06;0,12;0,33;3,08;0;0,1;0;0;0,08;0,1;0;0,05
"592";198;2013;6;2819404000;0,45;0,06;0,13;0,36;3,39;0,26;0,49;0;0;1;0,1;0;0,05
"593";199;2015;1;3,1019e+10;0,58;0,03;0,04;0,11;0,81;0,12;0,07;0,12;0,05;0,09;0,1;0,05;0,05
"594";199;2013;1;3,0832e+10;0,5;0,04;0,05;0,14;0,96;0,38;0,3;0,57;0,28;0,89;0;0,05;0,05
"595";199;2014;1;3,1707e+10;0,46;0,03;0,04;0,1;1,04;0,09;0,09;0,1;0,02;0,09;0,1;0,05;0,05
"596";200;2015;5;1,33266e+11;0,28;0,18;0,12;0,22;1,98;0,12;0,12;0,11;0,08;0,13;0,1;0,05;0,05
"597";200;2014;5;1,31119e+11;0,27;0,14;0,12;0,22;2,11;0,11;0,12;0,11;0,06;0,13;0,1;0,05;0,05
"598";200;2013;5;1,32683e+11;0,25;0,19;0,11;0,2;1,82;0,72;0,69;0,74;0,46;0,05;0,1;0,05;0,05
"599";201;2015;7;8619200000;0,36;0,13;0,07;0,14;1,29;0,01;0,07;0,08;0,13;0,15;0;0,05;0,05
"600";201;2014;7;8403100000;0,27;-0,07;-0,04;-0,06;1,13;0,03;0,05;0,09;0,14;0,15;0,1;0,05;0,05
"601";201;2013;7;1,0326e+10;0,14;0,09;0,04;0,06;0,96;0,36;0,29;0,65;0,87;0,84;0,1;0,05;0,05
"602";202;2013;4;2,415689e+12;1,48;0,17;0,01;0,08;0,15;0,2;0,23;0,22;0,11;0,06;0;0,05;0,05
"603";202;2014;4;2,573126e+12;1,45;0,21;0,01;0,1;0,1;0,04;0,04;0,04;0,02;0,1;0,1;0,05;0,05
"604";202;2015;4;2,351698e+12;1,4;0,24;0,01;0,1;0,15;0,03;0,04;0,05;0,01;0,1;0,1;0,05;0,05
"605";203;2015;1;8,586e+09;1,99;0,05;0,07;0,3;1,65;0,14;0,1;0,1;0,11;0,11;0,1;0;0
"606";203;2014;1;9,269e+09;1,37;0,06;0,08;0,35;1,59;0,12;0,1;0;0,12;0,11;0,1;0;0
"607";203;2013;1;8,585e+09;1,36;0,06;0,09;0,38;1,43;0,66;0,48;0;0,71;0,44;0,1;0;0
"608";204;2015;2;1,5518e+10;2,19;0,03;0,02;0,14;2,19;0,06;0,06;0,09;0,09;0,1;0,1;0,05;0,05
"609";204;2013;2;1,5474e+10;1,79;0,12;0,12;0,62;1,88;0,33;0,24;0,63;0;0,18;0,1;0,05;0,05
"610";204;2014;2;1,5772e+10;1,76;0,12;0,11;0,49;1,99;0,05;0,06;0,09;0,09;0,1;0,1;0,05;0,05
"611";205;2015;4;9,5133e+10;0,97;0,2;0,01;0,08;0,21;0,01;0,03;0;0,02;0,1;0,1;0,05;0,05
"612";205;2014;4;9,3821e+10;0,77;0,21;0,01;0,09;0,18;0,01;0,03;0;0,01;0,1;0,1;0,05;0,05
"613";205;2013;4;9,2934e+10;0,76;0,21;0,01;0,09;0,16;0,04;0,15;0;0;0,89;0;0,05;0,05
"614";206;2015;4;11344171000;0,52;0,25;0,11;0,27;1,41;0,1;0,09;0,02;0,01;0,13;0,1;0;0,05
"615";206;2014;4;10285728000;0,5;0,06;0,03;0,07;1,41;0,12;0,08;0,01;0;0,13;0,1;0;0,05
"616";206;2013;4;9663630000;0,45;0,11;0,05;0,12;1,24;0,43;0,32;0,04;0,08;0,48;0,1;0;0
"617";207;2015;7;4572516000;1,07;0,71;0,08;0,17;2,44;0;0,1;0;0;0,13;0;0;0
"618";207;2014;7;4987366000;0,97;0,37;0,04;0,08;2,34;0;0,13;0;0;0,13;0;0;0
"619";207;2013;7;5440734000;0,91;0,19;0,02;0,04;1,45;0,66;0,67;0;0;1;0;0;0
"620";208;2015;2;1,4842e+10;8,57;0,19;0,11;3,65;3,57;0,03;0,02;0,02;0,01;0,11;0,1;0,05;0,05
"621";208;2014;2;1,5526e+10;5,33;0,15;0,08;0,15;3,12;0,02;0,03;0,03;0,01;0,11;0,1;0;0,05
"622";208;2013;2;1,8919e+10;0,21;0,2;0,1;0,16;2,26;0,11;0,14;0,06;0,05;0,5;0,1;0;0,05
"623";209;2014;3;8,3198e+10;7,72;0,08;0,08;0,43;1,6;0;0;0;0;0,05;0;0;0
"624";209;2015;3;8,4104e+10;1,21;0,05;0,07;0,01;0,91;0;0,01;0;0;0,05;0;0;0
"625";209;2013;3;7,5185e+10;1,11;0,1;0,11;0,46;0,97;0;0;0;0;0,38;0;0;0
"626";210;2013;1;11303875000;2,59;0,08;0,02;0,09;1,43;0;0;0;0;0;0;0;0
"627";210;2015;1;14381165000;1,21;0,02;0;0,01;1,36;0;0,08;0;0;0,1;0;0;0
"628";210;2014;1;12843406000;1,18;0,06;0,01;0,06;1,45;0;0;0;0;0,1;0;0;0
"629";211;2015;2;9,0093e+10;3,54;0,04;0,05;0,2;2,31;0,01;0,03;0,1;0,12;0,07;0,1;0,05;0,05
"630";211;2014;2;9,2023e+10;2,69;0,04;0,05;0,17;2,2;0,09;0,11;0,09;0,1;0,07;0,1;0,05;0,05
"631";211;2013;2;9,0055e+10;2,15;0,04;0,05;0,16;2,19;0,79;0,42;0,11;0;0,04;0,1;0,05;0,05
"632";212;2014;2;3,0222e+10;1,11;0,17;0,08;0,27;NA;0,08;0;0;0;0,13;0,1;0,05;0
"633";212;2013;2;2,548e+10;0,63;0,15;0,08;0,22;NA;0,53;0,17;0;0;0,78;0;0,05;0
"634";212;2015;2;3,1907e+10;0,45;0,19;0,11;0,28;NA;0,1;0,03;0;0;0,13;0,1;0,05;0
"635";213;2014;1;1,5047e+10;1,83;0,02;0,06;0,32;0,76;0,08;0,04;0,02;0,06;0,11;0,1;0,05;0,05
"636";213;2013;1;1,5245e+10;1,43;0,02;0,06;0,33;0,84;0,28;0,25;0,25;0,43;0,37;0,1;0,05;0,05
"637";213;2015;1;1,4898e+10;1,43;0,02;0,06;0,35;0,63;0,1;0,06;0;0,06;0,11;0,1;0,05;0,05
"638";214;2015;6;8,341e+09;0,33;0,04;0,05;0,13;1,24;0;0,01;0;0;0,18;0;0;0
"639";214;2013;6;7435400000;0,33;0,05;0,07;0,16;2,06;0;0;0;0;0;0;0;0
"640";214;2014;6;8,091e+09;0,32;0,04;0,06;0,14;1,94;0;0;0;0;0,18;0;0;0
"641";215;2013;4;7,9939e+10;0,55;0,15;0,05;0,11;0,24;0;0;0;0;0,38;0,1;0;0
"642";215;2015;4;7,6029e+10;0,52;0,2;0,06;0,12;0,14;0;0,03;0;0;0,12;0,1;0;0
"643";215;2014;4;7,8367e+10;0,49;0,19;0,07;0,14;0,16;0;0;0;0;0,12;0,1;0;0
"644";216;2013;1;6,636e+09;-6,07;0,09;0,14;-0,98;3,33;0,15;0,16;0;0;0,2;0,1;0;0,05
"645";216;2015;1;7,969e+09;-8,76;0,07;0,11;-2,54;4;0;0,06;0;0;0,11;0,1;0;0,05
"646";216;2014;1;7,149e+09;-11,46;0,1;0,16;-1,77;3,47;0;0,04;0;0;0,1;0,1;0;0,05
"647";217;2015;5;14221700000;1,21;0,05;0,03;0,09;1,24;0;0,04;0;0;0,14;0;0;0
"648";217;2013;5;6965900000;1,16;0,1;0,09;0,22;1,44;0;0;0;0;0,89;0;0;0
"649";217;2014;5;7301800000;0,95;0,09;0,07;0,19;1,51;0;0;0;0;0,14;0;0;0
"650";218;2014;6;1,3836e+10;0,75;0,05;0,05;0,11;0,82;0;0;0;0;0,02;0;0;0,05
"651";218;2015;6;1,2085e+10;0,72;-0,03;-0,02;-0,05;0,92;0;0,04;0;0;0,08;0;0;0,05
"652";218;2013;6;1,3988e+10;0,61;0,06;0,05;0,13;0,77;0;0;0;0;0;0;0;0
"653";219;2013;7;2271498000;0,93;0,32;0,2;0,41;NA;0,39;0,33;0;0;1;0;0;0
"654";219;2015;7;1896965000;0,89;0,35;0,28;0,33;NA;0;0,05;0;0;0,13;0;0;0
"655";219;2014;7;1728548000;0,82;0,35;0,27;0,37;NA;0;0,04;0;0;0,13;0;0;0
"656";220;2015;5;35568900000;0,55;0,12;0,07;0,16;2,72;0,03;0,03;0,04;0,02;0,14;0,1;0,05;0,05
"657";220;2014;5;37178200000;0,35;0,12;0,07;0,14;2,2;0,12;0,03;0;0;0,14;0,1;0,05;0,05
"658";220;2013;5;35248700000;0,24;0,2;0,14;0,29;1,62;0,27;0,18;0,3;0,35;0,19;0;0,05;0,05
"659";221;2015;6;4,9128e+10;4,62;0,08;0,09;1,11;1,62;0,08;0,09;0,08;0,11;0,08;0,1;0,05;0,05
"660";221;2014;6;3,7073e+10;1,81;0,08;0,1;0,85;1,78;0,08;0,09;0,06;0,13;0,05;0,1;0,05;0,05
"661";221;2013;6;3,6188e+10;1,25;0,07;0,08;1,2;1,43;0,49;0,56;0,63;0,87;0;0,1;0,05;0,05
"662";222;2015;4;2,51937e+11;0,41;0,09;0;0,08;0,08;0,03;0,08;0,04;0,01;0,16;0,1;0;0
"663";222;2013;4;2,36945e+11;0,4;0,1;0,01;0,09;0,08;0;0;0;0;0,82;0;0;0
"664";222;2014;4;2,53377e+11;0,33;0,11;0,01;0,1;0,08;0,03;0,07;0;0;0,16;0,1;0;0
"665";223;2013;3;9,673e+09;36,6;-1,9;-0,07;-1,47;1,6;0;0;0;0;0,76;0;0;0
"666";223;2015;3;1,881e+10;-18,4;-3,6;-0,06;2,17;1,28;0;0,01;0;0;0,01;0;0;0
"667";223;2014;3;1,257e+10;-59,73;-2,04;-0,05;3,55;1,94;0;0;0;0;0,01;0;0;0
"668";224;2015;1;3,3655e+10;1,38;0,05;0,09;0,33;2,35;0;0,01;0;0,02;0,1;0;0;0
"669";224;2014;1;3,4032e+10;1,01;0,05;0,08;0,23;1,92;0;0,01;0;0;0,1;0;0;0
"670";224;2013;1;3,4077e+10;0,8;0,04;0,07;0,17;1,78;0,12;0,13;0;0;0,33;0;0;0
"671";225;2015;7;9750421000;0,27;0,02;0,01;0,02;NA;0;0,08;0;0;0,13;0;0;0
"672";225;2014;7;8110689000;0,25;0,14;0,09;0,16;NA;0;0;0;0,09;0,13;0;0;0
"673";225;2013;7;7555798000;0,17;0,15;0,09;0,15;NA;0;0;0;0;0;0;0;0
"674";226;2015;1;7,285e+09;0,77;-0,03;-0,01;-0,05;0,32;0;0,06;0;0;0,16;0;0;0,05
"675";226;2014;1;7,366e+09;0,74;-0,02;0;-0,02;0,31;0;0;0;0;0,16;0;0;0,05
"676";226;2013;1;7,089e+09;0,25;-0,01;0;-0,01;NA;0;0;0;0;0;0;0;0,05
"677";227;2015;6;2,1312e+10;0,54;0,02;0;0,01;1,59;0,06;0,07;0,1;0;0,1;0;0,05;0,05
"678";227;2014;6;2,02e+10;0,54;0,04;0,01;0,03;1,67;0,03;0,04;0,11;0;0,1;0;0,05;0,05
"679";227;2013;6;1,9345e+10;0,51;0,04;0,01;0,03;0,86;0,1;0,19;0,91;0,75;0,46;0;0,05;0,05
"680";228;2014;1;2,235e+10;1,37;0,19;0,13;0,38;2,41;0,09;0,1;0,08;0,07;0,07;0,1;0,05;0,05
"681";228;2015;1;2,086e+10;1,37;0,17;0,09;0,28;2,06;0,1;0,11;0,08;0,09;0,08;0,1;0,05;0,05
"682";228;2013;1;2,272e+10;1,22;0,17;0,1;0,31;3,15;0,36;0,61;0,69;0,49;0,72;0,1;0,05;0,05
"683";229;2014;8;2,4283e+10;0,36;0,06;0,06;0,16;1,62;0,04;0,06;0,09;0,02;0,06;0,1;0,05;0
"684";229;2015;8;2,2757e+10;0,35;0,11;0,1;0,31;1,78;0,05;0,05;0,09;0,02;0,06;0,1;0,05;0
"685";229;2013;8;2,7298e+10;0,3;0,04;0,04;0,11;1,49;0,17;0,2;0,34;0,34;0,6;0,1;0,05;0
"686";230;2015;1;2,2086e+10;1,17;0,14;0,19;0,61;0,98;0;0,02;0;0;0,12;0,1;0;0
"687";230;2014;1;2,2425e+10;0,81;0,09;0,16;0,41;1,11;0;0;0;0;0,12;0,1;0;0
"688";230;2013;1;2,2446e+10;0,46;0,09;0,15;0,32;0,97;0;0;0;0;0,17;0;0;0
"689";231;2015;7;1,6269e+10;1,79;0,05;0,06;0,27;6,6;0;0,11;0;0;0,1;0;0,05;0
"690";231;2014;7;1,5329e+10;1,33;0,06;0,07;0,26;6,26;0,12;0,13;0;0;0,1;0;0,05;0
"691";231;2013;7;1,4242e+10;1,24;0,05;0,07;0,24;9,05;0,69;0,54;0;0;0,65;0;0,05;0
"692";232;2013;4;9075250000;1,36;0,37;0,24;0,43;1,45;0,13;0,05;0;0;1;0;0;0
"693";232;2015;4;11258576000;0,55;0,39;0,25;0,61;1,62;0,01;0,04;0;0,04;0,13;0;0;0,05
"694";232;2014;4;13121778000;0,22;0,38;0,24;0,55;1,52;0,02;0,01;0;0,02;0,13;0;0;0,05
"695";233;2013;1;6,794e+09;1,36;0,41;0,05;0,13;2,74;0,16;0,2;0,15;0;0,31;0;0,05;0,05
"696";233;2015;1;6,082e+09;1,12;0,38;0,04;0,09;3,76;0,03;0,04;0,02;0;0,12;0,1;0;0,05
"697";233;2014;1;6,865e+09;1,12;1,36;0,16;0,39;3,95;0,04;0,04;0,02;0;0,12;0,1;0;0,05
"698";234;2013;6;6,933e+09;6,39;0,05;0,1;0,63;1,25;0,63;0,37;0,8;0,35;0,85;0,1;0;0,05
"699";234;2014;6;7,167e+09;3,16;0,05;0,11;1,17;1,28;0,1;0,12;0,12;0,02;0,12;0,1;0;0,05
"700";234;2015;6;5,68e+09;-25,24;0,06;0,14;0,9;1,91;0;0,06;0;0;0,12;0,1;0;0,05
"701";235;2013;1;6439626000;6,39;0,03;0,04;0,65;2,39;0,36;0,26;0;0;0,29;0;0,05;0
"702";235;2014;1;6722046000;3,16;0,1;0,12;0,16;1,56;0;0,01;0;0;0,1;0,1;0,05;0
"703";235;2015;1;6552689000;0,68;0,05;0,06;0,13;1,48;0;0,03;0;0;0,1;0,1;0,05;0
"704";236;2014;1;34281400000;0,71;0,08;0,08;0,17;3,03;0,02;0,11;0;0;0,1;0,1;0,05;0,05
"705";236;2015;1;37938700000;0,68;0,06;0,06;0,14;3,28;0,13;0,13;0;0;0,1;0,1;0,05;0,05
"706";236;2013;1;36626300000;0,49;0,14;0,14;0,3;2,96;0,39;0,22;0,4;0;0,01;0,1;0,05;0,05
"707";237;2014;7;4628917000;3,4;0,18;0,13;0,48;1,94;0,06;0,04;0;0;0,13;0,1;0;0
"708";237;2013;7;4003108000;1,17;0,17;0,13;0,32;2,06;0,26;0,23;0;0;1;0,1;0;0
"709";237;2015;7;5446553000;0,89;0,2;0,16;0,38;1,94;0;0,03;0;0;0,13;0,1;0;0
"710";238;2014;5;5,511e+10;1,13;0,17;0,07;0,17;0,96;0;0,12;0;0;0,14;0;0;0
"711";238;2013;5;3,6479e+10;0,59;0,18;0,09;0,17;1,05;0;0;0;0;0,52;0;0;0
"712";238;2015;5;5,5087e+10;0,5;0,1;0,04;0,08;0,89;0,1;0,15;0;0;0,14;0;0;0
"713";239;2014;4;4,669e+09;0,99;0,01;0,03;0,19;4,42;0;0;0;0;0,1;0;0;0
"714";239;2015;4;5123400000;0,87;0,01;0,04;0,23;4,12;0;0,02;0;0;0,1;0;0;0
"715";239;2013;4;4395100000;0,56;0,01;0,03;0,15;3,88;0;0;0;0;0,78;0;0;0
"716";240;2013;2;7,2557e+10;6,24;0,27;0,2;0,12;1,05;0,81;0,47;0,57;0;0,17;0;0,05;0,05
"717";240;2015;2;6,2843e+10;0,52;0,27;0,19;0,27;1,39;0,09;0,1;0,11;0;0,1;0,1;0,05;0,05
"718";240;2014;2;6,6815e+10;0,5;0,3;0,21;0,07;1,15;0,08;0,09;0,09;0;0,1;0,1;0,05;0,05
"719";241;2013;4;8,85296e+11;0,35;0,05;0;0,05;0,07;0,59;0,92;0,96;0,82;0,15;0;0,05;0,05
"720";241;2015;4;8,77933e+11;0,31;0,07;0,01;0,07;0,07;0,09;0,12;0,1;0,1;0,16;0,1;0,05;0,05
"721";241;2014;4;9,02337e+11;0,27;0,08;0,01;0,09;0,08;0,09;0,12;0,09;0,09;0,16;0,1;0,05;0,05
"722";242;2014;3;2,069e+09;0,23;0,02;0,04;0,07;NA;0;0;0;0;0,05;0;0;0
"723";242;2015;3;2,069e+09;0,22;0,01;0,02;0,03;NA;0;0;0;0;0,05;0;0;0
"724";242;2013;3;1,759e+09;0,02;0,04;0,08;0,12;NA;0;0;0;0;0;0;0;0
"725";243;2013;1;26110185000;3,18;-0,02;-0,01;-0,04;0,94;0,61;0,44;0,44;0,43;0,8;0;0,05;0
"726";243;2014;1;26702511000;3,16;-0,01;-0,01;-0,03;0,89;0,06;0,08;0,06;0,06;0,07;0,1;0,05;0,05
"727";243;2015;1;25215178000;2,42;-0,05;-0,02;-0,08;0,99;0,08;0,09;0,04;0,06;0,04;0,1;0,05;0,05
"728";244;2013;1;8494177000;0,48;0,05;0,04;0,08;1,32;0,09;0,05;0,07;0,09;1;0;0;0,05
"729";244;2014;1;8285544000;0,32;0,07;0,06;0,12;1,41;0;0,02;0,01;0,01;0,14;0;0;0,05
"730";244;2015;1;9942364000;0,25;0,08;0,06;0,13;1,53;0;0,02;0,01;0,02;0,14;0;0,05;0,05
"731";245;2015;2;3998100000;5,23;0,16;0,17;0,28;NA;0,1;0,13;0;0;0,1;0,1;0,05;0,05
"732";245;2013;2;3474100000;3,46;0,15;0,19;0,61;NA;0,69;0,39;0,59;0;0,68;0;0,05;0,05
"733";245;2014;2;3776500000;2,62;0,16;0,19;0,29;NA;0,09;0,13;0,12;0,11;0,1;0,1;0,05;0,05
"734";246;2015;2;4507800000;0,63;0,09;0,09;0,24;2,65;0,15;0,1;0,11;0,07;0,1;0,1;0,05;0
"735";246;2014;2;4414300000;0,57;0,1;0,1;0,23;2,33;0,12;0,11;0,13;0,06;0,1;0,1;0,05;0
"736";246;2013;2;4449700000;0,53;0,09;0,09;0,22;2,19;0,86;0,77;0,79;0,41;1;0,1;0,05;0
"737";247;2013;4;2,396e+10;0,34;0,07;0,02;0,05;0,28;0;0,1;0;0;1;0;0;0,05
"738";247;2014;4;2,52e+10;0,3;0,06;0,01;0,04;0,28;0;0,02;0;0;0,16;0;0,05;0,05
"739";247;2015;4;2,494e+10;0,29;0,11;0,02;0,08;0,36;0;0,03;0;0;0,16;0;0,05;0,05
"740";248;2015;4;1,8216e+10;0,68;0,12;0,09;0,24;1,76;0,01;0,02;0;0;0,14;0,1;0,05;0,05
"741";248;2014;4;1,784e+10;0,48;0,11;0,08;0,19;1,82;0;0,02;0;0;0,14;0,1;0,05;0,05
"742";248;2013;4;1,698e+10;0,33;0,11;0,08;0,19;1,57;0,08;0,17;0;0;1;0;0,05;0,05
"743";249;2015;6;3,2718e+10;0,75;0,16;0,15;0,38;2,94;0,06;0,04;0,05;0,03;0,11;0,1;0,05;0,05
"744";249;2014;6;3,1269e+10;0,52;0,16;0,15;0,31;3,56;0,03;0,03;0,03;0,02;0,11;0,1;0,05;0,05
"745";249;2013;6;3,355e+10;0,25;0,15;0,14;0,26;2,75;0,15;0,16;0,1;0,95;0,11;0;0,05;0,05
"746";250;2013;2;1420509000;0;0,15;0,25;0,39;NA;0;0;0;0;0,51;0;0;0
"747";250;2014;2;1938875000;0;0,2;0,27;0,37;NA;0;0;0;0;0,07;0;0;0
"748";250;2015;2;5675189000;0;0,2;0,11;0,14;NA;0;0,01;0;0;0,07;0;0;0
"749";251;2014;2;3,4475e+10;4,55;0,21;0,15;1,42;3,25;0,08;0,12;0,05;0,12;0,01;0;0,05;0,05
"750";251;2015;2;3,2535e+10;4,5;0,21;0,16;1,78;4,1;0,12;0,13;0,03;0,1;0,01;0;0,05;0,05
"751";251;2013;2;3,4859e+10;3,4;0,19;0,13;1,24;2,61;0,63;0,72;0,73;0,61;0;0;0,05;0,05
"752";252;2015;8;2,1446e+10;2,23;0,13;0,08;0,27;2,24;0,12;0,09;0,13;0,13;0,07;0,1;0,05;0,05
"753";252;2014;8;2,3374e+10;1,02;0,17;0,11;0,24;2,62;0,09;0,06;0,09;0,11;0,07;0,1;0,05;0,05
"754";252;2013;8;2,4077e+10;0,24;0,17;0,11;0,19;2,36;0,61;0,59;0,39;0,8;0,04;0,1;0,05;0
"755";253;2015;8;17412400000;0,4;0,11;0,06;0,1;0,66;0,03;0,05;0,02;0;0,1;0,1;0,05;0,05
"756";253;2014;8;1,8283e+10;0,35;0,11;0,06;0,09;0,93;0,02;0,05;0,02;0,01;0,1;0,1;0,05;0,05
"757";253;2013;8;1,9554e+10;0,27;0,12;0,06;0,09;0,81;0,85;0,5;0,33;0,18;0,89;0,1;0,05;0,05
"758";254;2014;3;3,046e+10;1,24;0,22;0,11;0,38;0,94;0,05;0,07;0;0,08;0,01;0,1;0;0
"759";254;2015;3;4,3115e+10;0,9;0,11;0,07;0,14;0,84;0,05;0,08;0;0,09;0,01;0,1;0;0
"760";254;2013;3;2,8385e+10;0,67;0,13;0,09;0,36;0,98;0,33;0,24;0;0,15;0,4;0,1;0;0
"761";255;2014;5;9,8335e+10;0,9;0,04;0,09;0,23;1,69;0,02;0,04;0,06;0,1;0,14;0,1;0,05;0,05
"762";255;2013;5;1,05645e+11;0,61;0,03;0,08;0,24;1,41;0,24;0,28;0,2;0,2;0,15;0;0,05;0,05
"763";255;2015;5;1,01779e+11;0,29;0,04;0,13;0,32;1,58;0,04;0,04;0,05;0,09;0,14;0,1;0,05;0,05
"764";256;2015;3;3,2311e+10;0,59;0,11;0,04;0,1;0,46;0,03;0,05;0;0;0,01;0,1;0,05;0
"765";256;2013;3;3,562e+10;0,5;0,1;0,04;0,09;0,91;0,24;0,43;0;0;0,5;0,1;0,05;0
"766";256;2014;3;3,6011e+10;0,44;0,28;0,12;0,25;0,67;0,03;0,06;0;0;0,01;0,1;0,05;0
"767";257;2015;4;7,87465e+11;0,39;0,16;-0,06;-0,11;0,41;0;0,07;0;0;0,1;0,1;0,05;0,05
"768";257;2013;4;8,32702e+11;0,33;0,12;0,05;0,09;0,28;0,17;0,35;0;0,84;0,05;0;0,05;0,05
"769";257;2014;4;8,0151e+11;0,25;0,27;0,08;0,15;0,42;0,04;0,04;0;0,12;0,1;0,1;0,05;0,05
"770";258;2015;7;1,80098e+11;2,8;0,13;0;0;2,19;0,02;0,14;0,08;0,1;0,15;0,1;0,05;0,05
"771";258;2013;7;1,53543e+11;2,35;0,09;0;0,05;1,68;0,35;0,42;0,57;0,82;0,02;0,1;0,05;0,05
"772";258;2014;7;1,74848e+11;2,27;0,16;0,01;0,08;1,89;0,05;0,03;0,06;0,08;0,18;0,1;0,05;0,05
"773";259;2014;7;1,0423e+10;0,53;0,13;0,06;0,14;1,3;0,01;0,02;0;0,01;0,14;0,1;0,05;0,05
"774";259;2013;7;1,1851e+10;0,2;0,22;0,12;0,23;1,34;0,59;0,54;0,66;0,67;0,45;0;0;0,05
"775";259;2015;7;8,387e+09;0,16;0,21;0,13;0,22;1,66;0,04;0,02;0,01;0,03;0,14;0,1;0,05;0,05
"776";260;2014;4;96685535000;0,81;0,22;0,01;0,09;0,16;0;0,01;0;0;0,08;0,1;0,05;0
"777";260;2015;4;122787884000;0,71;0,21;0,01;0,08;0,16;0;0,03;0;0;0,1;0,1;0,05;0
"778";260;2013;4;85162391000;0,49;0,23;0,01;0,11;0,16;0,15;0,12;0;0;0,74;0,1;0,05;0
"779";261;2015;7;2,4388e+10;0,51;0,14;0,09;0,17;0,73;0;0,03;0;0;0,13;0;0;0,05
"780";261;2013;7;1,9794e+10;0,46;0,16;0,11;0,22;1,1;0,17;0,13;0;0;0,7;0;0;0,05
"781";261;2014;7;2,2542e+10;0,39;0,22;0,17;0,35;1,69;0;0,02;0;0;0,13;0;0;0,05
"782";262;2015;7;4,261e+09;0,44;0,09;0,05;0,09;2,49;0,06;0,07;0,05;0,07;0,13;0;0;0,05
"783";262;2014;7;4,406e+09;0,41;0,14;0,09;0,14;2,01;0,06;0,06;0,06;0,06;0,13;0;0;0,05
"784";262;2013;7;3,936e+09;0,2;0,19;0,12;0,18;1,71;0,39;0,42;0,45;0,53;1;0;0;0
"785";263;2013;5;15236341000;2,58;0,09;0,05;0,21;1,45;0;0;0;0;0,82;0;0;0
"786";263;2014;5;15886600000;1,76;0,12;0,06;0,28;1,63;0;0;0;0;0,14;0;0;0
"787";263;2015;5;22267700000;0,64;0,09;0,04;0,09;1,37;0;0,06;0;0;0,14;0;0;0
"788";264;2015;3;2,4196e+10;0,77;-0,78;-0,1;-0,22;0,89;0;0,07;0;0;0,01;0;0,05;0
"789";264;2014;3;2,2553e+10;0,59;0,24;0,06;0,12;1,01;0,05;0,06;0,06;0;0,01;0;0,05;0
"790";264;2013;3;1,9642e+10;0,5;0,2;0,05;0,11;1,47;0,65;0,3;0,5;0;0,49;0;0,05;0
"791";265;2014;11;7,4929e+10;0,63;0,07;0,02;0,05;0,99;0,01;0,05;0,03;0;0,14;0,1;0,05;0
"792";265;2013;11;6,9306e+10;0,61;0,13;-0,09;-0,21;0,93;0,1;0,18;0,14;0;0,85;0,1;0;0
"793";265;2015;11;8,2479e+10;0,54;0,03;0,01;0,02;0,94;0,04;0,06;0,02;0;0,12;0,1;0,05;0
"794";266;2015;8;2,5182e+10;1,07;0,02;0,01;0,06;0,47;0,04;0,06;0,02;0,02;0,02;0,1;0,05;0,05
"795";266;2014;8;2,4916e+10;0,48;0,05;0,04;0,16;0,51;0,04;0,05;0,01;0,01;0,02;0,1;0,05;0,05
"796";266;2013;8;2,4764e+10;0,37;0,03;0,02;0,1;0,62;0,12;0,13;0,05;0,03;0,07;0,1;0,05;0,05
"797";267;2015;1;10202871000;0,15;0,12;0,17;0,28;4,84;0;0,1;0;0;0,1;0;0;0,05
"798";267;2013;1;5412563000;0,11;0,11;0,17;0,26;3,98;0;0;0;0;0,43;0;0;0
"799";267;2014;1;7056651000;0,09;0,1;0,16;0,27;2,88;0;0;0;0;0,16;0;0;0,05
"800";268;2015;1;2,2583e+10;1,59;0,09;0,04;0,12;4,59;0,12;0,11;0,14;0,12;0,13;0,1;0,05;0,05
"801";268;2014;1;1,9167e+10;1,28;0,06;0,02;0,07;4,06;0,02;0,03;0,11;0,12;0,13;0,1;0,05;0,05
"802";268;2013;1;1,782e+10;1,13;0,13;0,05;0,13;3,46;0,89;0,62;0,92;0,8;0,06;0,1;0,05;0,05
"803";269;2015;6;1,5303e+10;1,16;0,08;0,08;0,33;NA;0;0,06;0;0;0,1;0;0;0
"804";269;2014;6;1,5376e+10;0,82;0,09;0,08;0,22;NA;0;0;0;0;0,1;0;0;0
"805";269;2013;6;1,553e+10;0,56;0,08;0,07;0,2;NA;0;0;0;0;0;0;0;0
"806";270;2015;4;7,519e+10;0,26;0,59;0;0,03;-0,72;0;0;0;0;0,05;0;0;0
"807";270;2014;4;8,836e+10;0,1;0;-0,01;-0,08;-0,82;0;0;0;0;0,05;0;0;0
"808";270;2013;4;8,1392e+13;0,07;0,92;0,03;0,28;-0,78;0;0;0;0;0,89;0;0;0
"809";271;2015;6;2,4454e+10;0,24;0,08;-0,03;-0,04;1,63;0;0,03;0;0;0,02;0,1;0,05;0,05
"810";271;2014;6;2,6572e+10;0,15;0,12;0,07;0,12;1,26;0,1;0,06;0;0;0,07;0,1;0,05;0,05
"811";271;2013;6;2,6381e+10;0,14;0,1;0,07;0,11;1,03;0,35;0,36;0;0,51;0;0,1;0,05;0,05
"812";272;2013;3;3,4812e+10;0,79;0,17;0,06;0,18;0,79;0;0;0;0;0,08;0,1;0;0
"813";272;2015;3;2,6725e+10;0,77;0,15;0,05;0,13;0,35;0;0,08;0;0;0,02;0,1;0;0
"814";272;2014;3;3,3562e+10;0,72;0,17;0,06;0,16;0,65;0;0;0;0;0,02;0,1;0;0
"815";273;2013;7;1,168e+09;1,05;-0,17;-0,09;-0,23;NA;0;0;0;0;0;0;0;0
"816";273;2014;7;1,425e+09;1,05;-0,26;-0,14;-0,44;6,84;0;0;0;0;0,17;0;0;0
"817";273;2015;7;1,807e+09;0,84;-0,2;-0,12;-0,4;7,77;0;0,03;0;0;0,17;0;0;0
"818";274;2013;6;3,2483e+10;0,79;0,18;0,01;0,09;1,13;0,29;0,46;0;0;0,52;0;0,05;0,05
"819";274;2015;6;3,426e+10;0,77;0,2;0,01;0,11;1,01;0,01;0,05;0;0,08;0,18;0,1;0,05;0,05
"820";274;2014;6;3,3241e+10;0,72;0,19;0,01;0,1;1,26;0,05;0,05;0;0,11;0,18;0,1;0,05;0,05
"821";275;2015;4;116749600000;0,59;0,02;0,02;0,05;NA;0;0,03;0;0;0,1;0;0;0,05
"822";275;2013;4;102947300000;0,57;0,03;0,03;0,06;-0,13;0,21;0,37;0,28;0;0,84;0;0;0,05
"823";275;2014;4;109946500000;0,56;0,03;0,05;0,09;NA;0,05;0,03;0;0;0,1;0;0;0,05
"824";276;2013;8;15203283000;0,57;0,11;0,08;0,1;1,11;0;0;0;0;0,73;0;0;0
"825";276;2014;8;15615927000;0,33;0,13;0,08;0,14;1;0;0;0;0;0,08;0;0;0
"826";276;2015;8;14250399000;0,32;0,12;0,08;0,14;0,89;0;0,05;0;0;0,08;0;0;0
"827";277;2015;7;7,174e+09;1,47;0,06;0,05;0,2;1,63;0,12;0,11;0,1;0,12;0,13;0,1;0,05;0,05
"828";277;2014;7;6885869000;1,13;0,07;0,06;0,19;1,1;0,12;0,11;0,11;0,09;0,13;0,1;0;0,05
"829";277;2013;7;5711373000;0,8;0,08;0,08;0,23;1;0,81;0,74;0,94;0,48;0,65;0;0;0,05
"830";278;2015;1;7,278e+09;1,33;0,09;0,05;0,15;1,92;0,08;0,04;0,1;0,08;0,15;0;0,05;0,05
"831";278;2014;1;6681100000;0,95;0,29;0,18;0,53;1,82;0,05;0,03;0,13;0,1;0,15;0;0,05;0,05
"832";278;2013;1;6069700000;0,94;0,2;0,09;0,24;1,65;0,2;0,13;0;0,28;0,59;0;0,05;0
"833";279;2014;4;11012622000;0,95;0,24;0,03;0,04;1,47;0;0;0;0;0,13;0;0;0
"834";279;2013;4;9924441000;0,87;0,26;0,03;0,04;1,27;0;0;0;0;0;0;0;0
"835";279;2015;4;11865870000;0,79;0,25;0,02;0,05;1,54;0;0,09;0;0;0,13;0;0;0
"836";280;2015;3;15446111000;27,17;0,03;0,02;0,55;0,92;0;0,11;0;0;0,05;0,1;0;0
"837";280;2014;3;15304560000;12,15;0,03;0,02;0,51;1,22;0;0,12;0;0;0,06;0,1;0;0
"838";280;2013;3;17707558000;3,85;0,02;0,02;0,12;1,09;0;0,52;0;0;1;0;0;0
"839";281;2014;1;21559700000;1,6;0,07;0,05;0,34;1,15;0,12;0,07;0;0;0,1;0,1;0,05;0
"840";281;2015;1;22110700000;1,45;0,07;0,05;0,44;1,08;0;0,07;0;0;0,1;0,1;0,05;0
"841";281;2013;1;22098700000;1,13;0,07;0,05;0,3;1,08;0,55;0,44;0;0;0,84;0;0;0
"842";282;2015;7;1,06483e+11;0,87;0,25;0,09;0,19;1,49;0,08;0,06;0,1;0,14;0,18;0,1;0,05;0,05
"843";282;2014;7;9,8305e+10;0,68;0,28;0,12;0,23;1,82;0;0,07;0;0;0,18;0,1;0,05;0
"844";282;2013;7;8,5238e+10;0,52;0,29;0,13;0,25;1,77;0,51;0,55;0;0;0,68;0,1;0,05;0
"845";283;2013;1;6067208000;0,71;0,1;0,11;0,33;2,41;0;0;0;0;0;0;0;0
"846";283;2015;1;6676684000;0,71;0,12;0,14;0,46;3,92;0;0,06;0;0;0,1;0;0;0
"847";283;2014;1;6540301000;0,69;0,11;0,12;0,38;3,17;0;0;0;0;0,1;0;0;0
"848";284;2015;3;4,3437e+10;0,28;0,28;-0,16;-0,26;1,29;0;0,03;0;0;0,03;0,1;0,05;0,05
"849";284;2014;3;5,6259e+10;0,2;0,03;0,01;0,02;1,13;0,02;0,03;0,01;0,07;0,02;0,1;0,05;0,05
"850";284;2013;3;6,9443e+10;0,16;0,24;0,09;0,14;1,1;0,1;0,15;0,74;0,48;0,17;0,1;0,05;0,05
"851";285;2015;3;2,229e+10;1,32;0,01;0,01;0,04;0,9;0;0;0;0;0,05;0;0;0
"852";285;2014;3;2,22e+10;1,08;0,02;0,04;0,11;1,29;0;0;0;0;0,05;0;0;0
"853";285;2013;3;2,036e+10;0,88;0,02;0,05;0,14;1,27;0;0;0;0;0,55;0;0;0
"854";286;2013;7;6019400000;0;0,25;0,09;0,34;NA;0;0;0;0;0;0;0;0
"855";286;2014;7;6274500000;0;0,25;0,1;0,36;NA;0;0;0;0;0,16;0;0;0
"856";286;2015;7;6016800000;0;0,26;0,11;0,4;NA;0;0,06;0;0;0,16;0;0;0
"857";287;2014;6;20618800000;0,83;0,07;0,07;0,19;1,02;0;0,08;0;0;0,07;0,1;0;0,05
"858";287;2015;6;21109800000;0,83;0,08;0,08;0,23;0,67;0;0,08;0;0;0,07;0,1;0;0,05
"859";287;2013;6;20725500000;0,02;0,07;0,06;0,19;0,88;0;0;0;0;0;0;0;0
"860";288;2015;11;6,3339e+10;0,97;0,05;0,01;0,05;0,67;0,14;0,11;0,06;0,1;0,12;0,1;0,05;0,05
"861";288;2014;11;6,0127e+10;0,96;0,08;0,03;0,09;0,66;0,08;0,11;0,03;0,1;0,12;0,1;0,05;0,05
"862";288;2013;11;5,5605e+10;0,89;0,05;0,02;0,06;0,59;0,68;0,44;0,04;0,26;0,26;0,1;0,05;0,05
"863";289;2015;1;17420575000;0,7;0,28;0,15;0,3;NA;0;0,08;0;0;0,13;0;0;0
"864";289;2014;1;14940563000;0,45;0,29;0,18;0,3;NA;0;0;0;0;0,13;0;0;0
"865";289;2013;1;10444460000;0,25;0,28;0,2;0,33;NA;0;0;0;0;0,91;0;0;0
"866";290;2014;11;3,5333e+10;0,68;0,14;0,04;0,13;0,81;0;0;0;0;0,12;0,1;0;0,05
"867";290;2013;11;3,2522e+10;0,68;0,12;0,04;0,11;0,72;0;0,36;0;0;0,73;0,1;0;0,05
"868";290;2015;11;3,7535e+10;0,68;0,16;0,05;0,13;0,76;0;0,04;0;0;0,12;0,1;0;0,05
"869";291;2015;2;6,9667e+10;2,42;0,09;0,08;0,37;2,42;0,03;0,03;0,08;0,07;0,08;0,1;0,05;0,05
"870";291;2014;2;7,0509e+10;1,92;0,1;0,08;0,3;2,3;0,02;0,04;0,08;0,08;0,07;0,1;0,05;0,05
"871";291;2013;2;7,7478e+10;1;0,1;0,09;0,29;1,9;0,29;0,32;0,36;0,13;0,12;0,1;0,05;0,05
"872";292;2015;5;1,6746e+11;0,45;0,14;0,04;0,1;1,28;0,09;0,06;0,09;0,04;0,14;0,1;0,05;0,05
"873";292;2014;5;1,69274e+11;0,44;0,18;0,05;0,12;1,16;0,04;0,06;0,03;0,04;0,14;0,1;0,05;0,05
"874";292;2013;5;1,72101e+11;0,4;0,43;0,12;0,28;1,13;0,4;0,34;0,28;0,25;0,1;0,1;0,05;0,05
"875";293;2015;4;218685900000;0,35;0,1;0,01;0,12;0,06;0,02;0,03;0,02;0,03;0,16;0,1;0,05;0,05
"876";293;2013;4;208191400000;0,27;0,09;0;0,09;0,07;0,08;0,18;0;0;0,82;0,1;0,05;0,05
"877";293;2014;4;2,19087e+11;0,25;0,11;0,01;0,11;0,07;0,02;0,03;0,01;0,04;0,16;0,1;0,05;0,05
"878";294;2013;2;1,42927e+11;0,32;0,13;0,08;0,16;1,73;0,11;0,24;0,09;0,45;0,04;0,1;0,05;0
"879";294;2015;2;1,29143e+11;0,29;0,12;0,07;0,14;1,77;0,04;0,05;0,05;0;0,12;0,1;0,05;0
"880";294;2014;2;1,36263e+11;0,29;0,12;0,07;0,14;1,95;0,04;0,07;0,04;0,11;0,12;0,1;0,05;0
"881";295;2015;4;29819300000;0,37;0,05;0,04;0,14;0,58;0;0,03;0;0;0,16;0;0;0
"882";295;2014;4;25787600000;0,31;0,06;0,04;0,17;0,56;0;0;0;0;0,16;0;0;0
"883";295;2013;4;24408200000;0,3;0,07;0,05;0,19;0,6;0,32;0;0;0;0,85;0;0;0
"884";296;2014;6;12568399000;0,57;0,07;0,07;0,17;1,41;0,08;0,06;0;0;0,12;0;0,05;0
"885";296;2013;6;12863936000;0,47;0,08;0,08;0,17;1,42;0,55;0,27;0;0;0,88;0;0,05;0
"886";296;2015;6;11754091000;0,28;0,08;0,09;0,2;1,11;0;0,06;0;0;0,11;0;0,05;0
"887";297;2015;4;14935695000;0,8;0,39;0,03;0,06;1,1;0,12;0,12;0,03;0,05;0,14;0,1;0,05;0,05
"888";297;2014;4;14935695000;0,68;0,35;0,02;0,05;1,23;0,13;0,14;0,04;0,07;0,14;0,1;0,05;0,05
"889";297;2013;4;14935695000;0,66;0,18;0,01;0,02;1,12;0,94;0,97;0;0;1;0,1;0,05;0,05
"890";298;2015;2;3,3956e+10;-2,15;0,09;0,21;-0,52;4,74;0,1;0,1;0,11;0,09;0;0,1;0,05;0,05
"891";298;2014;2;3,5187e+10;-2,23;0,09;0,21;-0,77;4,34;0,11;0,09;0,13;0,08;0;0,1;0;0,05
"892";298;2013;2;3,8168e+10;-3,56;0,11;0,23;-1,51;4,26;0,76;0,81;0,93;0,64;0;0,1;0;0,05
"893";299;2015;4;3,58493e+11;1,18;0,25;0,01;0,09;0,21;0,01;0,03;0,02;0,04;0,1;0,1;0;0,05
"894";299;2014;4;3,45072e+11;1,08;0,26;0,01;0,09;0,2;0,02;0,03;0,02;0,06;0,09;0,1;0;0,05
"895";299;2013;4;3,20296e+11;0,87;0,25;0,01;0,1;0,22;0,07;0,14;0,08;0;0,22;0,1;0;0,05
"896";300;2015;8;1,7076e+10;0,86;0,09;0,08;0,28;1,66;0,11;0,1;0,14;0,05;0,1;0,1;0,05;0
"897";300;2014;8;1,7583e+10;0,75;0,14;0,12;0,36;1,91;0;0,11;0;0;0,1;0,1;0,05;0
"898";300;2013;8;1,5863e+10;0,68;0,21;0,2;0,65;1,68;0,32;0,33;0,19;0,35;0,5;0;0,05;0
"899";301;2014;11;4,8864e+10;1,87;0,09;0,02;0,06;0,84;0;0;0;0,11;0,12;0;0;0
"900";301;2015;11;3,9301e+10;1,79;0,12;0,04;0,14;1,09;0;0,03;0;0,11;0,12;0;0;0
"901";301;2013;11;4,6259e+10;1,38;0,15;0,04;0,13;0,82;0;0;0;0;0,6;0;0;0
"902";302;2013;4;7,31781e+11;0,76;-0,02;0;-0,02;0,08;0,83;0,64;0,67;0;0,68;0;0,05;0
"903";302;2015;4;7,57388e+11;0,68;0,1;0,01;0,13;0,08;0,11;0,07;0,06;0,08;0,14;0,1;0,05;0
"904";302;2014;4;7,66655e+11;0,47;0,02;0;0,03;0,09;0,06;0,06;0,05;0,08;0,14;0,1;0,05;0
"905";303;2015;3;4,858e+10;0,38;0,04;0,09;0,19;0,98;0;0,09;0;0;0,04;0;0;0,05
"906";303;2014;3;4,8741e+10;0,36;0,03;0,1;0,22;0,85;0;0;0;0;0,04;0;0;0,05
"907";303;2013;3;4,9798e+10;0,28;0,02;0,07;0,17;0,91;0;0;0;0;0,25;0;0;0,05
"908";304;2015;8;1,8319e+10;2,04;0,14;0,08;0,33;2,05;0,04;0,02;0,08;0,13;0,06;0,1;0,05;0,05
"909";304;2014;8;1,9802e+10;1,54;0,14;0,08;0,26;2,32;0,04;0,02;0,07;0,11;0,06;0,1;0,05;0,05
"910";304;2013;8;2,0255e+10;1,21;0,15;0,09;0,28;2,27;0,27;0,21;0,55;0,87;0,68;0,1;0,05;0,05
"911";305;2013;3;12292788000;0,4;-0,24;-0,06;-0,12;2,31;0;0;0;0;0,59;0;0;0
"912";305;2015;3;1,5154e+10;0,38;-0,06;-0,02;-0,03;1,33;0;0,02;0;0;0,01;0;0;0
"913";305;2014;3;1,4926e+10;0,31;0,18;0,07;0,13;1,6;0;0;0;0;0,01;0;0;0
"914";306;2015;7;5,0229e+10;0,33;0,2;0,1;0,14;1,41;0,13;0;0,13;0,05;0,13;0;0,05;0,05
"915";306;2013;7;4,6282e+10;0;0,27;0,15;0,18;2,38;0,65;0,74;0,91;0,86;0,29;0;0,05;0,05
"916";306;2014;7;4,8447e+10;0;0,3;0,17;0,21;2,2;0,12;0,12;0,15;0,06;0,13;0;0,05;0,05
"917";307;2014;2;1,5196e+10;1,02;0,17;0,1;0,3;NA;0,04;0,02;0,05;0,01;0;0,1;0;0,05
"918";307;2013;2;1,5402e+10;0,99;0,21;0,11;0,34;NA;0,4;0,39;0,61;0,39;0;0,1;0;0,05
"919";307;2015;2;5,3224e+10;0,93;0,3;0,07;0,22;NA;0,04;0,03;0,06;0,02;0;0,1;0;0,05
"920";308;2014;1;20713190000;0,96;0,08;0,03;0,08;1,39;0,02;0,01;0,1;0,08;0,12;0,1;0,05;0,05
"921";308;2013;1;20072947000;0,92;0,09;0,04;0,09;1,01;0,18;0,06;0,62;0,72;0,3;0,1;0,05;0,05
"922";308;2015;1;20921855000;0,84;0;0;0,08;1,6;0,02;0,01;0,09;0,09;0,12;0,1;0,05;0,05
"923";309;2013;5;2951013000;0,26;0,2;0,17;0,26;8,9;0;0;0;0;0;0;0;0
"924";309;2014;5;3871827000;0,18;0,12;0,1;0,14;10,62;0;0;0;0;0,17;0;0;0
"925";309;2015;5;5609132000;0,1;0,16;0,13;0,19;8,97;0;0,08;0;0;0,17;0;0;0
"926";310;2015;4;1,2605e+11;0,52;0,19;0,01;0,06;0,13;0;0,01;0;0;0,1;0;0;0
"927";310;2013;4;1,17396e+11;0,32;0,21;0,01;0,07;0,11;0;0;0;0;0,65;0;0;0
"928";310;2014;4;1,19679e+11;0,21;0,22;0,01;0,07;0,12;0;0;0;0;0,1;0;0;0
"929";311;2014;7;3547871000;0,58;0,1;0,06;0,12;3,26;0;0;0;0;0,19;0;0;0
"930";311;2015;7;3899205000;0,54;0,1;0,05;0,15;3,88;0;0,05;0;0;0,19;0;0;0
"931";311;2013;7;2851368000;0,03;0,12;0,06;0,12;2,96;0;0;0;0;0;0;0;0
"932";312;2015;1;6,341e+09;0,23;0,06;0,08;0,13;1,22;0;0,04;0;0;0,12;0;0;0
"933";312;2014;1;6,344e+09;0,21;0,1;0,12;0,18;2,24;0;0,07;0;0;0,12;0;0;0
"934";312;2013;1;6,06e+09;0,14;0,1;0,13;0,19;2,27;0;0;0;0;0,5;0;0;0
"935";313;2015;6;6419700000;0,74;0,13;0,13;0,33;1,93;0,12;0,1;0,12;0,11;0,12;0,1;0,05;0,05
"936";313;2014;6;6,202e+09;0,58;0,14;0,14;0,31;2,23;0;0,08;0,12;0,09;0,12;0,1;0,05;0,05
"937";313;2013;6;5940800000;0,43;0,12;0,14;0,35;2,55;0,7;0,48;0,89;0,84;0,5;0,1;0,05;0,05
"938";314;2013;6;8184981000;0,62;0,19;0,07;0,14;1,82;0;0;0;0;0,72;0;0;0
"939";314;2015;6;10168365000;0,46;0,18;0,08;0,14;2,12;0;0,07;0;0;0,13;0;0;0
"940";314;2014;6;8412934000;0,41;0,16;0,08;0,14;2,02;0;0;0;0;0,13;0;0;0
"941";315;2014;1;4669242000;0,18;0,08;0,21;0,42;3,6;0;0;0;0;0,11;0;0;0
"942";315;2015;1;4903771000;0,17;0,09;0,21;0,43;4,15;0;0,01;0;0;0,11;0;0;0
"943";315;2013;1;3946723000;0,08;0,08;0,22;0,46;4,14;0;0;0;0;0,6;0;0;0
"944";316;2015;6;20577200000;0,97;0,07;0,04;0,1;1,14;0;0,01;0;0;0,13;0,1;0;0,05
"945";316;2014;6;2,0094e+10;0,91;0,05;0,03;0,07;1,08;0;0,01;0;0;0,13;0,1;0;0,05
"946";316;2013;6;19949200000;0,89;0,06;0,03;0,08;0,97;0;0;0;0;0,09;0;0;0
"947";317;2014;6;2,79e+10;0,56;0,1;0,08;0,2;1,23;0,09;0,09;0,08;0,07;0,05;0,1;0,05;0,05
"948";317;2015;6;2,9281e+10;0,53;0,09;0,07;0,21;1,33;0,08;0,09;0,09;0,14;0,05;0,1;0,05;0,05
"949";317;2013;6;2,5967e+10;0,43;0,08;0,08;0,22;0,95;0,51;0,58;0,65;0,83;0;0;0,05;0,05
"950";318;2015;10;7,9551e+10;1,5;-0,1;-0,02;-0,08;NA;0;0,11;0;0;0,16;0,1;0,05;0,05
"951";318;2014;10;8,3038e+10;1,47;-0,11;-0,04;-0,13;NA;0,09;0,11;0,07;0,05;0,16;0,1;0,05;0,05
"952";318;2013;10;8,6095e+10;1,25;-0,12;-0,03;-0,12;NA;0,4;0,35;0,63;0,49;0,68;0,1;0,05;0,05
"953";319;2013;10;6783188000;15,12;-0,04;-0,01;-0,12;2,56;0;0;0;0;0;0;0;0
"954";320;2014;10;7841125000;-4,95;-0,02;0;2,64;2,82;0;0;0;0;0,16;0;0;0
"955";320;2015;10;7403215000;-11,9;-0,11;-0,02;0,14;2,96;0;0;0;0;0,16;0;0;0
"956";321;2013;1;10255200000;0,42;0,01;0,01;0,02;5,9;0,51;0,52;0;0;0,16;0;0;0,05
"957";321;2014;1;12351100000;0,35;0,15;0,23;0,48;5,07;0,1;0,08;0;0;0,1;0,1;0,05;0,05
"958";321;2015;1;12943500000;0,33;0,12;0,2;0,42;7,17;0,08;0,09;0,1;0,02;0,1;0,1;0,05;0,05
"959";322;2015;4;1,83718e+11;0,24;0,21;0,01;0,12;0,3;0,03;0,06;0,03;0;0,1;0;0;0
"960";322;2013;4;1,43642e+11;0,2;0,19;0,01;0,11;0,36;0,24;0,15;0;0;0,56;0;0;0
"961";322;2014;4;1,54642e+11;0,17;0,21;0,01;0,12;0,34;0,06;0,02;0,01;0;0,1;0;0;0
"962";323;2015;3;3,2923e+10;1,98;0,04;0,01;0,03;NA;0;0,03;0,03;0,08;0,05;0,1;0,05;0,05
"963";323;2014;3;3,404e+10;1,56;0,18;0,03;0,13;NA;0,12;0,03;0,02;0,1;0,06;0,1;0,05;0,05
"964";323;2013;3;3,3533e+10;1,53;0,19;0,03;0,12;NA;0,64;0,06;0,12;0,5;0,44;0,1;0,05;0,05
"965";324;2015;8;5791855000;2,21;0,09;0,18;1,13;4,39;0;0,11;0;0;0,11;0,1;0,05;0
"966";324;2014;8;5706052000;1,13;0,08;0,14;0,63;4,59;0,11;0,12;0;0;0,12;0,1;0,05;0
"967";324;2013;8;6382507000;0,65;0,07;0,12;0,42;2,96;0,68;0,78;0,75;0;0,29;0,1;0,05;0
"968";325;2014;1;8,369e+09;3,43;0,12;0,06;0,24;2,99;0;0;0;0;0,16;0;0;0
"969";325;2013;1;8,845e+09;1,13;0,1;0,04;0,11;2,9;0;0;0;0;0;0;0;0
"970";325;2015;1;8,047e+09;-32,72;0,11;0,06;0,89;3,52;0;0,06;0;0;0,16;0;0;0
"971";326;2015;2;16694800000;0,76;0,06;0,03;0,06;1,12;0;0,07;0;0;0,1;0,1;0;0,05
"972";326;2014;2;9334800000;0,37;0,1;0,06;0,11;1,26;0;0,06;0;0;0,1;0,1;0;0,05
"973";326;2013;2;9,246e+09;0,36;0,1;0,06;0,11;1,38;0,44;0,38;0,51;0;0,35;0,1;0;0,05
"974";327;2015;3;6,8005e+10;0,41;0,06;0,03;0,06;1,31;0,06;0,06;0,12;0,08;0,02;0,1;0;0,05
"975";327;2014;3;6,6904e+10;0,28;0,11;0,08;0,14;1,63;0,04;0,07;0,12;0,12;0,02;0,1;0;0,05
"976";327;2013;3;6,71e+10;0,26;0,15;0,1;0,18;1,72;0,62;0,76;0,88;0,21;0,55;0;0;0
"977";328;2015;4;19857941000;1,49;0,16;0,02;0,04;1,06;0,07;0,06;0,09;0,14;0,14;0;0;0,05
"978";328;2014;4;17096587000;1,26;0,33;0,03;0,08;1,11;0;0,02;0;0;0,14;0;0;0
"979";328;2013;4;14959001000;1,11;0,07;0,01;0,02;1,03;0,17;0,38;0,67;0,6;0,48;0;0;0
"980";329;2015;7;9073003000;0,38;0,08;0,05;0,08;NA;0;0,06;0;0;0,13;0,1;0;0,05
"981";329;2013;7;10488717000;0,28;0,17;0,11;0,15;NA;0,59;0,45;0;0;0,87;0;0;0,05
"982";329;2014;7;10289957000;0,18;0,15;0,1;0,15;NA;0;0,05;0;0;0,13;0,1;0;0,05
"983";330;2015;11;7,823e+10;1,2;0,14;0,03;0,12;0,89;0;0,02;0,03;0,01;0,12;0,1;0;0
"984";330;2013;11;6,455e+10;1,12;0,1;0,03;0,09;0,89;0;0,09;0,11;0;0,11;0,1;0;0
"985";330;2014;11;7,23e+09;1,04;0,11;0,03;0,1;0,97;0;0,02;0,04;0;0,12;0,1;0;0
"986";331;2015;4;30650673000;5,01;0,28;0,06;0,39;2,69;0;0,07;0;0;0,13;0,1;0,05;0,05
"987";331;2014;4;29532330000;4,09;0,31;0,05;0,26;2,59;0,03;0,07;0;0;0,13;0,1;0,05;0,05
"988";331;2013;4;33324574000;3,88;0,31;0,04;0,23;2,05;0,54;0,44;0;0;0,74;0;0;0,05
"989";332;2015;6;7077450000;1,12;0,09;0,05;0,11;1,85;0;0;0;0;0,13;0;0;0
"990";332;2014;6;4401722000;0,81;0,13;0,08;0,18;2,87;0;0;0;0;0,13;0;0;0
"991";332;2013;6;3882797000;0,73;0,15;0,08;0,19;2,85;0;0;0;0;0,31;0;0;0
"992";333;2015;11;4,115e+10;1,11;0,13;0,03;0,12;0,93;0;0,1;0,12;0;0,1;0,1;0,05;0,05
"993";333;2014;11;3,9732e+10;1,07;0,11;0,03;0,1;1,02;0;0,09;0,09;0;0,11;0,1;0,05;0,05
"994";333;2013;11;3,7244e+10;1,02;0,09;0,03;0,09;0,9;0,31;0,59;0,48;0;0,89;0;0,05;0,05
"995";334;2014;4;1,90328e+11;0,6;0,21;0,01;0,08;0,18;0;0;0;0;0,1;0;0;0
"996";334;2013;4;1,75335e+11;0,52;0,16;0,01;0,06;0,19;0;0;0;0;0,65;0;0;0
"997";334;2015;4;1,90817e+11;0,38;0,23;0,01;0,08;0,15;0;0,03;0;0;0,1;0;0;0
"998";335;2013;5;1,0248e+10;0,83;0,13;0,07;0,18;0,19;0,33;0,35;0,5;0;0,55;0;0;0
"999";335;2015;5;1,1125e+10;0,82;0,18;0,1;0,25;0,15;0,09;0,07;0,11;0;0,15;0;0;0
"1000";335;2014;5;1,0236e+10;0,75;0,16;0,09;0,22;0,18;0,12;0,07;0,08;0;0,15;0;0;0
"1001";336;2015;4;2,45192e+11;0,63;0,18;0,01;0,1;-0,09;0;0,04;0,01;0,02;0,1;0;0,05;0,05
"1002";336;2014;4;2,74119e+11;0,51;0,19;0,01;0,1;-0,18;0,01;0,03;0,01;0;0,1;0;0,05;0,05
"1003";336;2013;4;2,43291e+11;0,49;0,21;0,01;0,11;-0,1;0,13;0,41;0,17;0,27;0,34;0;0,05;0,05
"1004";337;2013;2;14336300000;1,44;0,39;0,16;0,49;1,34;0,39;0,59;0,04;0,5;0,9;0,1;0;0,05
"1005";337;2014;2;14980500000;1,26;0,12;0,05;0,15;1,6;0,08;0,12;0,01;0,05;0,1;0;0;0,05
"1006";337;2015;2;16156600000;1;0,14;0,07;0,16;2,04;0,13;0,12;0,02;0,02;0,09;0;0;0,05
"1007";338;2015;6;15870900000;0,68;0,07;0,05;0,13;1,25;0;0,07;0;0;0,15;0,1;0;0,05
"1008";338;2013;6;16535100000;0,56;0,04;0,03;0,07;0,94;0,43;0,47;0,47;0,7;0,41;0;0;0,05
"1009";338;2014;6;16733800000;0,55;0,06;0,04;0,1;1,12;0,09;0,09;0,13;0,12;0,15;0,1;0;0,05
"1010";339;2015;5;1,6247e+10;0,38;0,14;0,09;0,17;2,06;0;0,08;0;0;0,15;0,1;0;0
"1011";339;2014;5;1,7713e+10;0,38;0,05;0,03;0,06;2,01;0;0,1;0;0;0,15;0,1;0;0
"1012";339;2013;5;1,5743e+10;0,3;0,11;0,07;0,12;1,62;0,54;0,47;0;0;0,3;0;0;0
"1013";340;2013;7;1,3258e+10;0,36;0,13;0,06;0,16;1,31;0,12;0,34;0,29;0,54;0,76;0;0;0,05
"1014";340;2014;7;1,2883e+10;0,3;0,15;0,07;0,17;1,41;0,01;0,02;0,03;0,01;0,19;0,1;0;0,05
"1015";340;2015;7;1,246e+10;0,3;0,11;0,05;0,11;1,05;0,01;0,02;0;0,1;0,19;0;0;0,05
"1016";341;2014;2;17970470000;1,36;0,02;0,06;0,16;1,31;0;0,07;0;0;0,13;0;0,05;0
"1017";341;2015;2;13089468000;1,08;0,02;0,05;0,15;1,88;0;0,1;0;0;0,13;0;0,05;0
"1018";341;2013;2;13013025000;0,56;0,02;0,08;0,19;1,63;0,78;0,49;0,69;0;0,72;0;0,05;0
"1019";342;2015;10;4,02672e+11;0,97;0,09;0,04;0,13;0,85;0,03;0,04;0,03;0,02;0,16;0,1;0,05;0,05
"1020";342;2014;10;2,92829e+11;0,88;0,05;0,02;0,07;0,85;0,06;0,03;0,04;0,04;0,16;0,1;0,05;0,05
"1021";342;2013;10;2,77787e+11;0,76;0,14;0,07;0,21;0,95;0,27;0,26;0,28;0,16;0,12;0,1;0,05;0,05
"1022";343;2015;2;12276300000;0,41;0,07;0,03;0,05;1,65;0,03;0,08;0,02;0,04;0,08;0,1;0,05;0,05
"1023";343;2013;2;15580100000;0,37;0,09;0,04;0,07;0,91;0,43;0,6;0,35;0,1;0,84;0,1;0,05;0,05
"1024";343;2014;2;13996300000;0,3;0,09;0,03;0,06;1,21;0,03;0,05;0,03;0,06;0,08;0,1;0,05;0,05
"1025";344;2014;6;6913572000;-5,1;0,08;0,05;-0,32;2,36;0;0;0;0;0,13;0;0;0
"1026";344;2015;6;8427050000;-8,65;0,16;0,06;-0,4;2,3;0;0,05;0;0;0,13;0;0;0
"1027";344;2013;6;6292487000;-24,47;0,13;0,05;1,04;2,12;0;0;0;0;0;0;0;0
"1028";345;2015;1;4,1696e+10;0,9;-0,02;-0,02;-0,05;1,4;0,04;0,02;0,06;0;0,12;0,1;0,05;0,05
"1029";345;2014;1;4,6461e+10;0,84;0,02;0,03;0,09;1,11;0,04;0,06;0,05;0;0,12;0,1;0,05;0,05
"1030";345;2013;1;4,6373e+10;0,78;0,03;0,05;0,15;1,19;0,33;0,27;0,3;0;0,06;0,1;0,05;0,05
"1031";346;2014;1;4996989000;0,31;0,04;0,04;0,06;2,09;0,12;0,09;0;0;0,1;0;0,05;0,05
"1032";346;2015;1;5165800000;0,28;0,12;0,1;0,17;1,64;0,11;0,11;0;0;0,1;0;0,05;0,05
"1033";346;2013;1;4879501000;0,27;0,12;0,1;0,17;1,68;0,79;0,71;0;0;0,37;0;0,05;0,05
"1034";347;2015;1;11992433000;0,37;0,07;0,2;0,53;4;0;0,03;0;0;0,11;0,1;0;0
"1035";347;2014;1;11592048000;0,37;0,08;0,2;0,5;3,69;0;0;0;0;0,11;0,1;0;0
"1036";347;2013;1;10669239000;0,31;0,08;0,22;0,56;3,95;0,19;0,14;0;0;0,36;0,1;0;0
"1037";348;2014;5;42852100000;0,6;0,11;0,04;0,09;1,43;0,09;0,05;0;0;0,15;0,1;0;0,05
"1038";348;2013;5;31863400000;0,56;0,1;0,04;0,08;1,35;0,7;0,26;0,73;0;0,91;0;0;0,05
"1039";348;2015;5;4,0889e+10;0,54;0,12;0,05;0,1;1,63;0;0,04;0;0;0,15;0,1;0;0,05
"1040";349;2015;10;6,241e+10;1,58;0,02;0,01;0,04;0,84;0;0,07;0;0;0,16;0;0;0
"1041";349;2014;10;5,665e+10;1,56;0,01;0;0,02;0,67;0;0;0;0;0,16;0;0;0
"1042";349;2013;10;4,995e+10;1,18;0;0;0;0,81;0;0;0;0;0,37;0;0;0
"1043";350;2015;1;2,911e+10;0,53;0,15;0,06;0,13;1,29;0;0,02;0,03;0;0,12;0,1;0,05;0,05
"1044";350;2014;1;3,06e+10;0,46;0,01;0;0,01;1,33;0;0,03;0;0;0,13;0,1;0,05;0,05
"1045";350;2013;1;3,244e+10;0,36;0,16;0,06;0,12;1,21;0,21;0,19;0;0;0,68;0;0,05;0,05
"1046";351;2013;1;1473014000;0,35;0,22;0,14;0,25;7,94;0;0;0;0;0;0;0;0
"1047";351;2014;1;1,959e+09;0,23;0,18;0,12;0,22;5,43;0;0;0;0;0,13;0;0;0
"1048";351;2015;1;2,128e+09;0,14;0,13;0,09;0,15;5,65;0;0,04;0;0;0,13;0;0;0
"1049";352;2013;4;5033100000;0;0,3;0,21;0,23;NA;0,37;0,38;0;0;0,52;0;0;0,05
"1050";352;2014;4;5644400000;0;0,31;0,22;0,23;NA;0,06;0,04;0,06;0,09;0,1;0;0;0,05
"1051";352;2015;4;5106900000;0;0,29;0,22;0,25;NA;0,09;0,05;0,02;0,09;0,1;0;0;0,05
"1052";353;2015;4;1,00184e+11;0,27;0,13;0,03;0,14;0,28;0;0,04;0;0;0,16;0,1;0,05;0
"1053";353;2014;4;1,03078e+11;0,26;0,13;0,04;0,15;0,29;0;0,02;0;0;0,16;0,1;0,05;0
"1054";353;2013;4;1,03812e+11;0,25;0,14;0,04;0,15;0,27;0,46;0,22;0;0;0,45;0,1;0,05;0
"1055";354;2015;1;2370826000;0,16;0,07;0,17;0,3;4,58;0;0,06;0;0;0,1;0;0;0
"1056";354;2014;1;2034571000;0;0,06;0,18;0,3;4,95;0;0;0;0;0,1;0;0;0
"1057";354;2013;1;1903391000;0;0,06;0,17;0,29;5,34;0;0;0;0;0;0;0;0
"1058";355;2014;1;5849251000;1,99;-0,09;-0,06;-0,32;4,93;0;0;0;0;0,16;0;0;0
"1059";355;2015;1;8092460000;1,87;-0,22;-0,13;-0,9;3,92;0;0,05;0;0;0,16;0;0;0
"1060";355;2013;1;2416930000;0,9;-0,04;-0,04;-0,15;7,66;0;0;0;0;0,39;0;0;0
"1061";356;2014;2;2,3758e+10;0,76;0,02;0,05;0,12;0,84;0;0,03;0,03;0;0,1;0;0;0
"1062";356;2015;2;2,3004e+10;0,62;0,03;0,05;0,13;1;0,06;0,04;0,02;0;0,1;0;0;0
"1063";356;2013;2;1,1844e+10;0,3;0,02;0,07;0,14;0,9;0;0,12;0,28;0;0,35;0;0;0
"1064";357;2013;1;4,8273e+10;3,35;0,09;0,04;0,29;NA;0;0;0;0;0,41;0;0;0
"1065";357;2014;1;4,8501e+10;2,83;0,09;0,04;0,27;NA;0;0;0;0;0,16;0;0;0,05
"1066";357;2015;1;4,9277e+10;2,5;0,08;0,04;0,21;NA;0;0,02;0;0;0,16;0;0;0,05
"1067";358;2015;1;6,3848e+10;1;0,14;0,06;0,16;1,1;0;0,02;0;0;0,16;0;0;0,05
"1068";358;2014;1;6,3259e+10;0,87;0,14;0,06;0,14;1,4;0;0,09;0;0;0,16;0;0,05;0
"1069";358;2013;1;6,7994e+10;0,67;0,12;0,06;0,12;1,15;0,73;0,59;0;0;0,72;0;0,05;0
"1070";359;2013;7;1,8938e+10;0,38;0,17;0,11;0,19;2,45;0,27;0,17;0,27;0,58;0,86;0;0,05;0
"1071";359;2014;7;1,7722e+10;0,35;0,21;0,16;0,26;3,16;0,04;0,02;0,06;0,08;0,1;0;0,05;0
"1072";359;2015;7;1,623e+10;0,31;0,23;0,18;0,29;3,33;0,05;0,02;0,04;0,08;0,13;0;0,05;0
"1073";360;2014;6;1,4739e+10;0,78;0,04;0,04;0,12;0,89;0,02;0,02;0,02;0,11;0,07;0,1;0,05;0
"1074";360;2013;6;1,2944e+10;0,73;0,04;0,04;0,14;0,84;0,36;0,27;0,35;0,7;0,4;0,1;0,05;0
"1075";360;2015;6;1,4898e+10;0,72;0,05;0,05;0,15;0,82;0,02;0,02;0,04;0,11;0,08;0,1;0,05;0
"1076";361;2015;1;2868900000;0,21;0,07;0,08;0,16;NA;0;0,02;0;0;0,12;0;0;0
"1077";361;2014;1;2095083000;0,19;0,08;0,11;0,17;NA;0;0;0;0;0,12;0;0;0
"1078";361;2013;1;1577741000;0,05;0,08;0,12;0,17;NA;0;0;0;0;0;0;0;0
"1079";362;2014;6;3,7353e+10;4,46;0,03;0,03;0,37;1,09;0,09;0,1;0,03;0,04;0,1;0,1;0,05;0,05
"1080";362;2013;6;3,6812e+10;3,66;0,01;0,02;0,38;0,74;0,11;0,28;0;0,51;0,74;0;0,05;0,05
"1081";362;2015;6;4,0861e+10;1,16;0,19;0,18;1,29;0,86;0,11;0,12;0,04;0,02;0,1;0,1;0,05;0,05
"1082";363;2015;5;9634113000;1,37;0,06;0,06;0,17;1,51;0;0,01;0;0;0,14;0;0;0
"1083";363;2013;5;8311723000;0,86;0,07;0,06;0,15;1,3;0;0;0;0;0;0;0;0
"1084";363;2014;5;8974443000;0,8;0,08;0,07;0,17;1,53;0;0;0;0;0,14;0;0;0
"1085";364;2015;5;1,11383e+11;0,75;0,04;0,06;0,18;1,34;0,1;0,11;0,13;0,14;0,14;0;0,05;0,05
"1086";364;2014;5;8,6382e+10;0,49;0,04;0,07;0,17;1,38;0,13;0,13;0,13;0,11;0,14;0;0,05;0,05
"1087";364;2013;5;8,1882e+10;0,46;0,05;0,07;0,18;1,18;0,77;0,91;0;0;0,76;0;0,05;0,05
"1088";365;2014;4;62497100000;0,31;0,04;0,01;0,05;0,14;0,02;0,03;0,03;0,08;0,16;0,1;0;0,05
"1089";365;2013;4;59403600000;0,3;0,08;0,01;0,1;0,15;0,29;0,23;0,15;0,17;0,87;0,1;0;0,05
"1090";365;2015;4;60589700000;0,29;0,08;0,01;0,1;0,14;0,01;0,03;0,03;0,06;0,16;0,1;0;0,05
"1091";366;2015;6;3,8311e+10;5,8;0,08;0,13;2,1;2,46;0,02;0,04;0,06;0,08;0,13;0,1;0;0,05
"1092";366;2014;6;3,5471e+10;5,04;0,05;0,08;0,62;3,05;0,03;0,04;0,05;0,15;0,13;0,1;0;0,05
"1093";366;2013;6;3,6212e+10;1,68;0,08;0,12;0,98;2,81;0,34;0,57;0,55;0,61;0,34;0,1;0;0,05
"1094";367;2014;4;4,02529e+11;0,83;0,28;0,02;0,15;0,34;0,03;0,03;0;0;0,1;0,1;0,05;0
"1095";367;2015;4;4,21853e+11;0,79;0,28;0,01;0,14;0,31;0,04;0,03;0;0;0,1;0,1;0,05;0
"1096";367;2013;4;3,64021e+11;0,55;0,29;0,02;0,16;0,32;0,14;0,16;0;0;0,35;0,1;0,05;0
"1097";368;2015;6;8,7484e+10;0,83;0,09;0,06;0,21;1,1;0;0,04;0,06;0,05;0,11;0,1;0,05;0,05
"1098";368;2014;6;9,1289e+10;0,71;0,14;0,08;0,26;1,25;0;0,03;0,05;0,03;0,12;0,1;0,05;0,05
"1099";368;2013;6;9,0594e+10;0,57;0,1;0,07;0,19;1,3;0,72;0,38;0,74;0,43;0,31;0,1;0,05;0,05
"1100";369;2015;7;5,4977e+10;0,54;0,48;0,15;0,23;3,32;0;0,11;0;0;0,1;0,1;0;0
"1101";369;2013;7;3,6248e+10;0;0,42;0,14;0,19;3,79;0,13;0,73;0;0;0,18;0;0;0
"1102";369;2014;7;3,8884e+10;0;0,43;0,15;0,2;4,05;0,03;0,13;0;0;0,1;0,1;0;0
"1103";370;2015;1;10651922000;0,26;0,08;0,1;0,2;2,67;0;0,04;0;0;0,12;0,1;0,05;0,05
"1104";370;2014;1;10815876000;0,24;0,11;0,13;0,22;3,18;0,02;0,04;0,01;0,02;0,12;0,1;0,05;0,05
"1105";370;2013;1;10315443000;0,23;0,11;0,12;0,22;2,58;0,57;0,36;0;0;0,31;0,1;0,05;0,05
"1106";371;2014;1;2,3416e+10;3,92;0,17;0,1;0,6;1,81;0,11;0,12;0,04;0,02;0,16;0,1;0;0
"1107";371;2015;1;2,2362e+10;3,11;0,14;0,08;0,6;1,28;0,09;0,11;0,13;0,03;0,16;0,1;0;0,05
"1108";371;2013;1;2,2778e+10;2,47;0,18;0,11;0,42;1,6;0,37;0,39;0,34;0,09;0,7;0,1;0;0
"1109";372;2015;3;4,4343e+10;0,35;0,05;0,09;0,19;NA;0;0,09;0;0;0,02;0;0,05;0
"1110";372;2013;3;4,726e+10;0,32;0,02;0,06;0,15;NA;0;0;0;0;0,47;0;0,05;0
"1111";372;2014;3;4,555e+10;0,28;0,03;0,08;0,18;NA;0;0;0;0;0,02;0;0,05;0
"1112";373;2015;7;1,575e+10;0,2;0,15;0,06;0,12;1,28;0;0,02;0;0;0,19;0;0;0
"1113";373;2013;7;1,233e+10;0,08;0,16;0,08;0,14;2,81;0;0;0;0;0;0;0;0
"1114";373;2014;7;1,522e+10;0,07;0,19;0,09;0,16;2,11;0;0;0;0;0,19;0;0;0
"1115";374;2015;4;21143293000;2,05;0,27;0,04;0,13;1,18;0,02;0,02;0,06;0,08;0,14;0;0;0,05
"1116";374;2014;4;21248320000;1,99;0,3;0,04;0,15;1,19;0,03;0,02;0,04;0,1;0,14;0;0;0,05
"1117";374;2013;4;20097224000;1,82;0,14;0,02;0,07;1,1;0;0;0;0;0;0;0;0
"1118";375;2014;6;2345330000;5,22;0,23;0,15;0,72;4,95;0;0;0;0;0,16;0;0;0
"1119";375;2013;6;2504451000;2,32;0,22;0,14;0,8;4,88;0;0;0;0;0;0;0;0
"1120";375;2015;6;5615927000;1,67;0,25;0,1;0,48;2,89;0;0,01;0;0;0,16;0;0;0
"1121";376;2015;5;2498875000;0,79;-0,54;-0,23;-0,6;12,13;0;0,01;0;0;0,17;0;0;0
"1122";376;2014;5;2334679000;0,74;-1,27;-0,33;-0,64;11,92;0;0;0;0;0,17;0;0;0
"1123";376;2013;5;2319041000;0,36;-0,37;-0,18;-0,38;6,98;0;0;0;0;0,91;0;0;0
"1124";377;2014;4;21226171000;1,25;0,15;0,02;0,06;1,46;0;0,06;0;0;0,15;0,1;0,05;0,05
"1125";377;2015;4;22261918000;1,17;0,13;0,02;0,04;1,4;0;0,03;0;0;0,15;0,1;0,05;0,05
"1126";377;2013;4;19731494000;1,06;0,16;0,02;0,05;1,28;0;0,17;0;0;0,89;0;0;0
"1127";378;2014;10;2,32708e+11;8,99;0,08;0,04;0,68;1,3;0,1;0,06;0;0;0,16;0,1;0,05;0,05
"1128";378;2015;10;2,4464e+11;6,31;0,14;0,07;1,24;1,25;0,1;0,06;0,02;0;0,16;0,1;0,05;0,05
"1129";378;2013;10;2,74098e+11;2,31;0,1;0,05;0,33;0,68;0,58;0,41;0;0;0,28;0;0,05;0,05
"1130";379;2015;5;4268677000;0,74;0,23;0,12;0,24;2,29;0;0,04;0;0;0,15;0;0;0
"1131";379;2014;5;3877934000;0,67;0,03;0,05;0,1;2,16;0;0,06;0;0;0,15;0;0;0
"1132";379;2013;5;3582629000;0,22;0,04;0,08;0,14;2,12;0,92;0,52;0;0;1;0;0;0
"1133";380;2014;2;4,8612e+10;0,73;0,23;0,12;0,24;1,34;0;0,06;0;0;0,14;0,1;0;0
"1134";380;2015;2;4,8612e+10;0,71;0,25;0,16;0,35;1,47;0,08;0,08;0;0;0,14;0;0;0
"1135";380;2013;2;3,6481e+10;0,65;0,22;0,12;0,23;1,59;0,58;0,53;0,67;0;0,6;0,1;0;0
"1136";381;2015;7;2,35e+09;0,44;-0,31;-0,11;-0,21;5,68;0;0,07;0;0;0,19;0,1;0;0
"1137";381;2014;7;2,176e+09;0,4;-0,37;-0,11;-0,19;7,56;0;0;0;0;0,19;0,1;0;0
"1138";381;2013;7;9,5908e+11;0,02;-0,44;-0,2;-0,24;8,18;0,22;0,19;0;0;0,5;0,1;0;0
"1139";382;2014;7;1,5652e+10;0,25;0,1;0,1;0,18;1,49;0,01;0;0,03;0,13;0,11;0;0,05;0
"1140";382;2015;7;1,5261e+10;0,23;0,09;0,09;0,14;0,66;0,1;0,01;0,01;0,05;0,11;0;0,05;0
"1141";382;2013;7;1,5282e+10;0,19;0,07;0,07;0,13;1,17;0,64;0,31;0,2;0;1;0;0,05;0
"1142";383;2015;4;1,787632e+12;1,17;0,26;0,01;0,13;0,34;0,03;0,03;0,01;0,01;0,1;0,1;0,05;0,05
"1143";383;2014;4;1,687155e+12;1,11;0,26;0,01;0,13;0,3;0,02;0,03;0,01;0,02;0,1;0,1;0,05;0,05
"1144";383;2013;4;1,527015e+12;0,99;0,25;0,01;0,14;0,27;0,1;0,21;0;0;0,28;0,1;0,05;0,05
"1145";384;2015;2;5,741e+09;0,02;0,03;0,09;0,14;NA;0;0,04;0;0;0,13;0,1;0,05;0
"1146";384;2014;2;5,744e+09;0,02;0,04;0,1;0,15;NA;0,09;0,02;0,05;0,02;0,13;0,1;0,05;0
"1147";384;2013;2;5,538e+09;0,01;0,04;0,1;0,15;NA;0,55;0,18;0;0;0,43;0;0,05;0
"1148";385;2014;1;2,0002e+10;0,74;0,03;0,04;0,13;0,95;0,05;0,05;0,07;0,06;0,15;0,1;0,05;0
"1149";385;2015;1;1,901e+10;0,73;0,04;0,04;0,16;0,82;0;0,06;0;0;0,15;0,1;0,05;0
"1150";385;2013;1;1,5544e+10;0,37;0,04;0,05;0,18;0,88;0,14;0,25;0,3;0,38;0,24;0;0;0
"1151";386;2014;6;2,1412e+10;1,63;0,06;0,04;0,14;1,5;0;0,02;0;0;0,15;0,1;0,05;0,05
"1152";386;2015;6;2,0419e+10;1,44;0,06;0,04;0,13;1,61;0;0,02;0;0;0,13;0,1;0,05;0,05
"1153";386;2013;6;2,2603e+10;1,42;0,09;0,06;0,23;1,35;0,42;0,07;0,6;0;0,51;0,1;0,05;0,05
"1154";387;2015;3;4,902e+10;3,87;-0,08;-0,01;-0,08;0,9;0;0;0;0;0,05;0;0;0,05
"1155";387;2014;3;5,046e+10;2,38;0,28;0,05;0,31;1,09;0;0;0;0;0,01;0;0;0,05
"1156";387;2013;3;2,714e+10;2,33;0,06;0,02;0,09;1,4;0;0;0;0;0,52;0;0;0
"1157";388;2013;2;2,09876e+11;0,61;0,04;0,08;0,24;1,43;0,31;0,46;0,49;0;0,01;0;0,05;0,05
"1158";388;2014;2;2,07889e+11;0,56;0,03;0,08;0,21;1,41;0;0,07;0;0;0,12;0,1;0,05;0,05
"1159";388;2015;2;2,05144e+11;0,56;0,03;0,07;0,19;1,11;0;0,06;0;0;0,12;0,1;0,05;0,05
"1160";389;2013;7;10121300000;3,81;0,14;0,08;0,8;1,26;0;0;0;0;0,62;0;0,05;0
"1161";389;2014;7;9890400000;2,86;0,15;0,09;0,74;1,25;0,12;0;0,13;0;0,1;0,1;0,05;0
"1162";389;2015;7;9458900000;2,3;0,15;0,08;0,62;1,27;0;0,06;0;0;0,1;0,1;0,05;0
"1163";390;2015;4;1,2486e+10;1,11;0,07;0,04;0,09;1,44;0,01;0,02;0,03;0,03;0,14;0,1;0,05;0,05
"1164";390;2014;4;1,3457e+10;1,02;0,24;0,13;0,28;1,69;0,01;0,03;0,03;0,05;0,14;0,1;0,05;0,05
"1165";390;2013;4;1,4498e+10;0,8;0,07;0,04;0,1;1,55;0,08;0,19;0,17;0,35;0,22;0,1;0,05;0,05
"1166";391;2015;1;9,716e+09;5,22;0,22;0,06;0,6;1,4;0,08;0,09;0,05;0,04;0,12;0,1;0,05;0,05
"1167";391;2014;1;9,679e+09;3,82;0,1;0,05;0,37;1,57;0,06;0,08;0,04;0,02;0,12;0,1;0,05;0,05
"1168";391;2013;1;9,741e+09;2,84;0,09;0,04;0,26;1,43;0,39;0,62;0,36;0,2;0,91;0,1;0,05;0,05
"1169";392;2015;3;5243286000;0,53;-1,66;-0,36;-0,66;1,97;0;0,02;0;0;0,01;0;0;0
"1170";392;2014;3;8725293000;0,33;0,21;0,06;0,11;1,22;0;0;0;0;0,01;0;0;0
"1171";392;2013;3;7253135000;0,23;0,28;0,08;0,15;1,42;0;0;0;0;0,87;0;0;0
"1172";393;2015;11;39053535000;1,18;0,09;0,03;0,09;0,82;0,02;0,04;0;0,02;0,11;0,1;0,05;0,05
"1173";393;2013;11;33907490000;1,14;0,09;0,03;0,1;0,75;0,11;0,16;0;0,15;0,57;0,1;0,05;0,05
"1174";393;2014;11;36957884000;1,13;0,09;0,03;0,1;0,82;0,02;0,04;0;0,02;0,11;0,1;0,05;0,05
"1175";394;2015;7;4890350000;0,38;0,26;0,12;0,22;2,04;0;0,12;0;0;0,13;0,1;0,05;0
"1176";394;2014;7;4915204000;0,37;0,28;0,13;0,24;1,97;0;0,1;0;0;0,13;0,1;0,05;0
"1177";394;2013;7;5001801000;0,31;0,26;0,12;0,21;2,14;0,7;0,61;0;0;1;0;0,05;0
"1178";395;2015;3;3,36758e+11;0,12;0,06;0,05;0,09;0,99;0,06;0,09;0,09;0,13;0,02;0,1;0,05;0,05
"1179";395;2014;3;3,49493e+11;0,07;0,08;0,09;0,18;1,18;0,05;0,08;0,1;0,14;0,02;0,1;0,05;0,05
"1180";395;2013;3;3,46808e+11;0,04;0,08;0,09;0,19;1,32;0,29;0,5;0,56;0,41;0,04;0,1;0,05;0,05
"1181";396;2014;7;2,7658e+10;0,7;0,03;0,02;0,05;0,51;0,04;0,07;0,07;0,03;0,16;0,1;0,05;0,05
"1182";396;2015;7;2,4817e+10;0,65;0,05;0,04;0,1;0,47;0,05;0,07;0,07;0,07;0,16;0,1;0,05;0,05
"1183";396;2013;7;2,9036e+10;0,59;0,05;0,03;0,08;0,49;0,31;0,37;0,34;0,04;0,84;0,1;0,05;0
"1184";397;2013;7;16804959000;0,09;0,29;0,08;0,1;NA;0;0,02;0;0;0,8;0;0;0,05
"1185";397;2014;7;61960344000;0,06;1,63;0,2;0,3;NA;0;0,03;0;0;0,18;0,1;0;0,05
"1186";397;2015;7;45203966000;0,04;1,53;-0,09;-0,14;NA;0;0,03;0;0;0,18;0,1;0;0,05
"1187";398;2015;1;8,075e+09;3,35;0,1;0,16;0,86;3,28;0,06;0,06;0;0;0,1;0,1;0;0,05
"1188";398;2014;1;8,345e+09;1,99;0,08;0,12;0,49;3,19;0,05;0,05;0;0;0,1;0,1;0;0,05
"1189";398;2013;1;8,695e+09;1,35;0,08;0,12;0,49;3,17;0,29;0,32;0;0;0,25;0;0;0,05
"1190";399;2015;5;27219500000;1,18;0,02;0,01;0,02;1,03;0;0,09;0;0;0,15;0;0;0
"1191";399;2013;5;9580600000;0,27;0,16;0,08;0,13;1,5;0,94;0,51;0;0;0,64;0;0;0
"1192";399;2014;5;9634700000;0,23;0,15;0,08;0,11;1,8;0;0,1;0;0;0,15;0;0;0
