"";"Companies";"YearFinancialIndicator";"ROA";"TobinsQ";"EnergyProductivity";"CarbonProductivity";"WaterProductivity";"WasteProductivity";"SustainabilityPayLink";"SustainableThemedCommitment";"AuditScore";"Industry";"FirmSize";"Leverage";"NetMargin";"ROE"
"1";1;2014;0,05;1,03;0,04;0,11;0;0,08;0,1;0;0,05;5;10,03;0,52;0,07;0,09
"2";1;2013;0,07;1,07;0,79;0,72;0,54;0,57;0,1;0;0,05;5;10,03;0,51;0,11;0,14
"3";1;2015;0,05;1,54;0,06;0,11;0,01;0,09;0,1;0;0,05;5;9,87;0,4;0,1;0,1
"4";2;2013;0,08;0,36;0,05;0,14;0,16;0,23;0,1;0,05;0;6;10,63;0,69;0,06;0,28
"5";3;2015;0,19;1,63;0;0,06;0;0;0;0;0;1;9,91;0,41;0,23;0,43
"6";3;2014;0,19;1,53;0;0;0;0;0;0;0;1;9,9;0,26;0,22;0,37
"7";3;2013;0,18;1,42;0;0;0;0;0;0;0;1;9,75;0,13;0,21;0,29
"8";4;2014;0,11;2,54;0,11;0,13;0,11;0,14;0,1;0;0,05;7;11,42;7,41;0,23;0,34
"9";4;2013;0,06;2,18;0,92;0,96;0,96;0,94;0;0;0;7;11,35;6,06;0,09;0,44
"10";4;2015;0,2;2,17;0,1;0,15;0,12;0,11;0,1;0;0,05;7;11,47;4,35;0,23;0,46
"11";6;2015;0,1;0,96;0;0,06;0;0;0;0;0;5;10,49;0,28;0,22;0,2
"12";6;2014;0,05;0,9;0;0;0;0;0;0;0;5;10,4;0,16;0,11;0,1
"13";6;2013;0,06;0,92;0;0;0;0;0;0;0;5;10,3;0,13;0,12;0,11
"14";7;2014;0,04;1,66;0,02;0,01;0,02;0,03;0,1;0;0,05;5;10,62;1,38;0,07;0,13
"15";7;2013;0,04;1,23;0,12;0,08;0,15;0,35;0,1;0;0,05;5;10,63;1,3;0,07;0,12
"16";7;2015;0,05;1,63;0,01;0,01;0,01;0,05;0,1;0;0,05;5;10,62;1,29;0,08;0,14
"17";8;2015;0,06;1,71;0,05;0,04;0,09;0,01;0,1;0,05;0,05;6;9,3;0,27;0,13;0,09
"18";8;2013;0,03;1,69;0,2;0,43;0,4;0,02;0;0,05;0,05;6;9,23;0,22;0,07;0,04
"19";8;2014;0,03;1,7;0,01;0,03;0,07;0,03;0,1;0,05;0,05;6;9,27;0,13;0,06;0,04
"20";9;2013;0,11;2,62;0,83;0,87;0,99;0,92;0,1;0,05;0,05;7;10,02;0,18;0,26;0,15
"21";9;2014;0,09;3,2;0,13;0,09;0,12;0,09;0,1;0,05;0,05;7;10,03;0,18;0,22;0,13
"22";9;2015;0,1;3,82;0,06;0,08;0,08;0,03;0,1;0,05;0,05;7;10,07;0,1;0,2;0,14
"23";10;2015;0,05;2,31;0,09;0,09;0,07;0,05;0;0,05;0,05;7;9,85;0,32;0,03;0,1
"24";10;2014;0,05;1,95;0,08;0,08;0,07;0,04;0;0,05;0,05;7;9,84;0,28;0,03;0,11
"25";10;2013;0,03;1,77;0,55;0,48;0,59;0,3;0;0,05;0,05;7;9,8;0,27;0,01;0,07
"26";11;2015;0,04;0,48;0,01;0,02;0,06;0;0,1;0,05;0;2;10,6;0,47;0,13;0,32
"27";11;2014;0,04;0,64;0,02;0,01;0,07;0;0,1;0,05;0;2;10,64;0,28;0,12;0,23
"28";11;2013;0,04;0,48;0,06;0,09;0,55;0;0;0,05;0;2;10,64;0,27;0,12;0,22
"29";12;2013;0,04;0,97;0,47;0,38;0,61;0;0;0,05;0;7;10,58;2,85;0,11;0,72
"30";12;2015;0,03;0,94;0;0,07;0;0;0;0,05;0;7;10,6;2,33;0,09;0,3
"31";12;2014;0,03;0,86;0;0,07;0;0;0;0,05;0;7;10,64;1,67;0,1;0,38
"32";13;2015;-0,05;0,76;0;0,05;0;0;0;0;0;7;10,35;0,86;0,09;-0,12
"33";13;2013;0,06;1,03;0;0;0;0;0;0;0;7;10,12;0,35;0,11;0,12
"34";13;2014;0,03;0,93;0;0,08;0;0;0;0;0;7;10,31;0,33;0,05;0,05
"35";14;2015;0,03;2,4;0,14;0,14;0;0,05;0,1;0,05;0,05;7;9,72;1,06;0,1;0,09
"36";14;2014;0,03;2,65;0,1;0,14;0;0,03;0,1;0,05;0,05;7;9,68;0,93;0,1;0,09
"37";14;2013;0,01;1,88;0,63;0,94;0,3;0,62;0;0;0,05;7;9,64;0,86;0,05;0,05
"38";15;2013;0,03;0,7;0,52;0,03;0;0;0,1;0,05;0;11;10,32;1,05;0,1;0,09
"39";15;2015;0,03;0,74;0,07;0,01;0,01;0;0,1;0,05;0;11;10,37;0,99;0,12;0,12
"40";15;2014;0,03;0,8;0,09;0,01;0;0;0,1;0,05;0;11;10,36;0,96;0,1;0,1
"41";16;2013;0,04;0,73;0,02;0,02;0,03;0;0,1;0,05;0;11;10,75;0,56;0,04;0,15
"42";16;2014;0,04;0,83;0;0,01;0,03;0;0,1;0,05;0;11;10,78;0,54;0,04;0,14
"43";16;2015;0,04;0,8;0;0,01;0,02;0;0,1;0,05;0;11;10,79;0,49;0,04;0,15
"44";17;2013;0,03;0,71;0,65;0,74;0;0;0;0,05;0;5;10,7;0,56;0,13;0,22
"45";17;2014;0,02;0,8;0;0,08;0;0;0;0,05;0,05;5;10,73;0,54;0,13;0,17
"46";17;2015;0,02;0,91;0,13;0,12;0,11;0;0;0,05;0,05;5;10,73;0,49;0,12;0,14
"47";18;2013;0,03;0,34;0,85;0,63;0;0;0;0,05;0,05;4;11,08;0,34;0,13;0,21
"48";18;2014;0,02;0,29;0,09;0,09;0,09;0,12;0,1;0,05;0,05;4;11,08;0,29;0,13;0,18
"49";18;2015;0,02;0,26;0,06;0,07;0,06;0,1;0,1;0,05;0,05;4;11,07;0,28;0,12;0,14
"50";19;2013;0,02;1,21;0,72;0,85;0,61;0,82;0,1;0,05;0,05;5;10,02;0,89;0,13;0,09
"51";21;2014;0,03;2,72;0,01;0,07;0;0,15;0,1;0,05;0,05;7;9,6;0,21;0,08;0,13
"52";21;2015;0,02;2,16;0,05;0,04;0;0,15;0,1;0,05;0,05;7;9,62;0,2;0,06;0,11
"53";21;2013;0,02;2,59;0,03;0,12;0;0,68;0;0,05;0,05;7;9,47;0;0,07;0,11
"54";22;2015;0,01;0,22;0,01;0,03;0,06;0,08;0,1;0,05;0,05;4;11,02;0,4;0,06;0,02
"55";22;2014;0,17;0,26;0,01;0,03;0,05;0,12;0,1;0,05;0,05;4;11,04;0,25;0,29;0,22
"56";22;2013;0,09;0,19;0,19;0,21;0,31;0,72;0;0,05;0,05;4;11,09;0,03;0,16;0,11
"57";23;2015;0,1;3,4;0;0,06;0;0;0;0;0;5;10,12;0,44;0,14;0,17
"58";23;2013;0,02;7,43;0;0;0;0;0;0;0;5;9,52;0,27;0,03;0,04
"59";23;2014;0,08;8,25;0;0;0;0;0;0;0;5;9,62;0,25;0,12;0,14
"60";24;2015;0,09;1,13;0,1;0,1;0,09;0,03;0,1;0,05;0;7;10,18;0,48;0,15;0,18
"61";24;2014;0,09;1,88;0,08;0,08;0,09;0,02;0,1;0,05;0;7;10,12;0,44;0,15;0,17
"62";24;2013;0,1;1,68;0,61;0,65;0,72;0,32;0,1;0,05;0;7;10,08;0,36;0,14;0,18
"63";25;2014;0,06;2,1;0;0;0;0;0;0;0;6;9,81;0,72;0,18;0,18
"64";25;2015;0,07;2,04;0;0,05;0;0;0;0;0;6;9,82;0,67;0,21;0,19
"65";25;2013;0,06;2,31;0;0;0;0;0;0;0;6;9,77;0,65;0,16;0,17
"66";26;2014;0,07;1,72;0;0;0;0;0;0;0;4;9,89;1,34;0,26;0,21
"67";26;2013;0,09;1,96;0;0;0;0;0;0;0;4;9,8;1,34;0,27;0,24
"68";26;2015;0,1;1,32;0;0,06;0;0;0;0;0;4;9,89;1,04;0,32;0,25
"69";27;2013;0,01;1,46;0,64;0,51;0,52;0,43;0;0,05;0,05;5;10,82;1,34;0,12;0,16
"70";27;2014;0,01;1,79;0,08;0,09;0,08;0,08;0,1;0,05;0,05;5;10,84;1,17;0,13;0,2
"71";27;2015;0,01;1,7;0,06;0,07;0,06;0,07;0,1;0,05;0,05;5;10,85;1,04;0,13;0,2
"72";28;2015;0,01;0,16;0;0,07;0;0;0;0;0;4;11,16;1,42;0,13;0,2
"73";28;2014;0,01;0,19;0;0;0;0;0;0;0;4;11,17;1,22;0,13;0,2
"74";28;2013;0,01;0,17;0;0;0;0;0;0;0;4;11,16;1,03;0,12;0,15
"75";29;2013;0,03;1,55;0;0;0;0;0;0;0;4;10,31;4,08;0,16;0,15
"76";29;2014;0,04;2,53;0;0;0;0;0;0;0;4;10,33;3,47;0,2;0,2
"77";29;2015;0,03;2,17;0;0,04;0;0;0;0;0;4;10,43;2,57;0,12;0,09
"78";30;2014;-0,01;2,74;0;0;0;0;0;0;0;1;10,74;1,05;0;-0,02
"79";30;2015;0,01;5,02;0;0,06;0;0;0;0;0;1;10,82;0,93;0,01;0,05
"80";30;2013;0,01;4,6;0;0;0;0;0;0;0;1;10,6;0,47;0;0,03
"81";31;2014;0,06;0,72;0;0;0;0;0;0,05;0;3;10,22;0,96;0,02;0,19
"82";31;2015;0,09;0,91;0,06;0,08;0,07;0,09;0;0,05;0;3;10,21;0,78;0,05;0,32
"83";31;2013;0,03;0,64;0;0;0;0;0;0,05;0;3;10,13;0,66;0,01;0,1
"84";32;2015;-0,72;0,93;0;0,04;0;0;0,1;0;0,05;3;10,28;3,54;-2,7;-1,62
"85";32;2014;-0,08;0,57;0,09;0,04;0,01;0;0,1;0;0,05;3;10,75;0,45;-0,39;-0,18
"86";32;2013;0,04;0,68;0,49;0,18;0,06;0;0;0;0,05;3;10,79;0,3;0,14;0,07
"87";33;2015;-0,13;0,85;0;0,04;0;0;0,1;0,05;0,05;3;10,67;1,23;-0,77;-0,45
"88";33;2014;-0,03;0,93;0,1;0,03;0,05;0;0,1;0,05;0,05;3;10,79;0,77;-0,09;-0,09
"89";33;2013;0,01;0,93;0,58;0,1;0,61;0;0;0,05;0,05;3;10,75;0,6;0,05;0,04
"90";34;2013;0,06;1,49;0,07;0,17;0,23;0,92;0,1;0,05;0,05;8;10,25;0,69;0,1;0,15
"91";34;2014;0,06;1,88;0,01;0,02;0,07;0,13;0,1;0,05;0,05;8;10,25;0,65;0,1;0,14
"92";34;2015;0,08;1,77;0,01;0,02;0,08;0,12;0,1;0,05;0,05;8;10,24;0,53;0,14;0,18
"93";36;2013;0,07;0,95;0;0;0;0;0;0;0;7;10,15;0,7;0,22;0,09
"94";36;2014;0,06;1,03;0;0;0;0;0;0;0;7;10,17;0,6;0,19;0,12
"95";36;2015;0,06;2,08;0;0,02;0;0;0;0;0;7;10,18;0,51;0,19;0,11
"96";37;2014;0,04;1,73;0,09;0,05;0,02;0;0,1;0;0;4;10,21;0,72;0,41;0,08
"97";37;2013;0,02;1,41;0;0;0;0;0;0;0;4;10,19;0,71;0,24;0,04
"98";37;2015;0,04;1,87;0,06;0,06;0,01;0,04;0,1;0;0;4;10,23;0,66;0,4;0,08
"99";38;2015;0,03;1,01;0;0,03;0;0;0,1;0;0;11;10,24;1,16;0,15;0,09
"100";38;2014;0,03;0,98;0,08;0,06;0,15;0,11;0,1;0;0;11;10,21;1,11;0,14;0,09
"101";38;2013;0,02;0,89;0,62;0,62;0;0;0,1;0,05;0;11;10,18;1,1;0,13;0,08
"102";39;2013;0,04;0,66;0,58;0,63;0,3;0,07;0;0;0;4;11,19;2,84;0,16;0,28
"103";39;2014;0,04;0,62;0,07;0,1;0,06;0,08;0,1;0,05;0;4;11,2;2,8;0,17;0,29
"104";39;2015;0,03;0,39;0,11;0,13;0,1;0,01;0,1;0,05;0;4;11,21;2,32;0,16;0,24
"105";40;2013;0,15;2,92;0;0;0;0;0;0;0;1;9,85;-2,43;0,11;-0,64
"106";40;2014;0,15;3,06;0;0;0;0;0;0;0;1;9,89;-2,66;0,11;-0,64
"107";40;2015;0,15;3,36;0;0,07;0;0;0;0;0;1;9,91;-2,67;0,11;-0,71
"108";41;2015;0,05;0,92;0,08;0,08;0,12;0,1;0,1;0,05;0,05;6;10,98;1,38;0,05;0,76
"109";41;2014;0,06;0,87;0,07;0,11;0,12;0,1;0,1;0,05;0,05;6;11;0,94;0,06;0,42
"110";41;2013;0,05;1,04;0,69;0,78;0,84;0;0;0,05;0,05;6;10,97;0,54;0,05;0,47
"111";42;2013;0,01;0,19;0,12;0,2;0,05;0,04;0,1;0,05;0,05;4;12,32;1,14;0,11;0,05
"112";42;2014;0;0,11;0,02;0,03;0,02;0,01;0,1;0,05;0,05;4;12,32;1,08;0,05;0,02
"113";42;2015;0,01;0,18;0,03;0,04;0,02;0,02;0,1;0,05;0,05;4;12,33;1,01;0,17;0,06
"114";44;2015;0,13;1,23;0;0,07;0;0;0;0;0;1;9,84;0,58;0,07;0,33
"115";44;2013;0,17;2,2;0;0;0;0;0;0;0;1;9,82;0,55;0,09;0,26
"116";44;2014;0,14;1,7;0;0;0;0;0;0;0;1;9,87;0,47;0,08;0,28
"117";45;2013;0,01;0,33;0;0;0;0;0;0;0;4;11,26;1,07;0,16;0,08
"118";45;2014;0,01;0,33;0;0;0;0;0;0;0;4;11,27;1,07;0,22;0,09
"119";45;2015;0,01;0,3;0;0,03;0;0;0;0;0;4;11,32;0,96;0,2;0,08
"120";46;2013;-0,02;0,8;0,68;0,6;0;0,72;0;0,05;0,05;1;10,18;0,43;-0,02;-0,11
"121";46;2014;0,07;0,54;0,13;0,07;0,08;0,08;0,1;0,05;0,05;1;10,2;0,35;0,02;0,23
"122";46;2015;0,06;0,7;0,13;0,11;0,09;0,06;0,1;0,05;0,05;1;10,18;0,27;0,02;0,2
"123";48;2014;0,08;1,45;0,02;0,04;0,03;0,01;0,1;0,05;0;5;10,27;1,96;0,14;0,22
"124";48;2015;0,03;1,63;0,03;0,04;0,03;0,03;0,1;0,05;0;5;10,42;1,5;0,06;0,1
"125";48;2013;0,08;1,77;0,1;0,14;0,06;0,31;0;0;0;5;10,08;0,74;0,11;0,19
"126";49;2013;0,15;1,83;0,65;0,48;0;0;0;0;0;4;10,2;0,23;0,27;0,22
"127";49;2014;0,14;1,57;0;0,08;0;0;0,1;0;0;4;10,21;0,19;0,28;0,21
"128";49;2015;0,12;0,78;0;0,09;0;0;0,1;0;0;4;10,21;0,18;0,25;0,16
"129";50;2015;0,16;5,35;0,09;0,1;0,14;0;0,1;0,05;0,05;2;9,64;0,88;0,17;0,39
"130";50;2013;0,16;3,83;0,31;0,6;0,44;0;0,1;0,05;0,05;2;9,59;0,54;0,16;0,37
"131";50;2014;0,16;4,43;0,06;0,09;0,13;0;0,1;0,05;0,05;2;9,63;0,48;0,17;0,33
"132";51;2013;0,01;0,4;0,21;0,36;0,41;0,47;0;0;0;2;10,43;0,92;0;0,02
"133";51;2015;0,04;0,55;0,03;0,07;0,07;0,05;0;0,05;0;2;10,25;0,51;0,02;0,11
"134";51;2014;0,02;0,58;0,05;0,07;0,05;0,06;0;0,05;0;2;10,33;0,37;0,01;0,06
"135";53;2015;0,2;3,29;0,13;0,14;0,11;0,14;0;0,05;0,05;5;10,29;0,7;0,33;0,32
"136";53;2013;0,17;5,06;0,69;0,83;0,85;0,97;0,1;0;0,05;5;10,07;0,13;0,27;0,23
"137";53;2014;0,22;5;0,14;0,14;0,13;0,11;0,1;0,05;0,05;5;10,16;0,05;0,3;0,29
"138";54;2015;0,01;-0,1;0,02;0,02;0,05;0,03;0,1;0,05;0,05;4;11,6;0,62;0,2;0,09
"139";54;2014;0,01;-0,07;0,01;0,02;0,05;0,06;0,1;0,05;0,05;4;11,59;0,59;0,16;0,07
"140";54;2013;0,01;-0,17;0,15;0,26;0,41;0,4;0,1;0,05;0,05;4;11,57;0,57;0,14;0,06
"141";56;2013;0,01;0,26;0,75;0,71;0;0;0,1;0;0;4;11,34;0,19;0,29;0,11
"142";56;2014;0,01;0,26;0;0,09;0;0;0,1;0;0;4;11,38;0,18;0,3;0,12
"143";56;2015;0,01;0,25;0,11;0,09;0;0;0,1;0;0,05;4;11,35;0,17;0,29;0,12
"144";57;2015;0,04;1,57;0,09;0,08;0,11;0,13;0,1;0,05;0,05;8;9,99;4,04;0,04;0,26
"145";57;2014;0,06;1,59;0,07;0,05;0,08;0,09;0,1;0,05;0,05;8;9,88;2,9;0,05;0,41
"146";57;2013;0,06;1,28;0,7;0,75;0,76;0,83;0,1;0,05;0,05;8;9,89;2,65;0,05;0,37
"147";58;2013;-0,09;4,36;0;0;0;0;0;0;0;5;9,35;0,49;-0,32;-0,15
"148";58;2014;-0,06;5,24;0;0;0;0;0;0;0,05;5;9,39;0,43;-0,18;-0,09
"149";58;2015;-0,06;4,54;0;0,02;0;0;0;0;0,05;5;9,57;0,28;-0,19;-0,09
"150";59;2013;0,07;2,3;0,18;0,34;0,49;0,28;0,1;0,05;0,05;5;10,59;0,63;0,16;0,18
"151";59;2014;0,06;2,92;0,02;0,06;0,08;0,06;0,1;0,05;0,05;5;10,53;0,49;0,13;0,13
"152";59;2015;0,05;3,73;0,02;0,07;0,09;0,08;0,1;0,05;0,05;5;10,5;0,46;0,09;0,1
"153";60;2013;0,04;0,69;0;0;0;0;0;0;0;4;11,69;0,02;0,11;0,09
"154";60;2014;0,04;0,75;0;0;0;0;0;0;0;4;11,72;0,01;0,1;0,08
"155";60;2015;0,04;0,63;0;0,06;0;0;0;0;0;4;11,74;0,01;0,11;0,1
"156";61;2015;-0,01;1,63;0,08;0,07;0,09;0,12;0,1;0,05;0,05;5;10,26;0,9;-0,03;-0,04
"157";61;2013;-0,01;1,14;0;0,27;0,44;0,49;0;0,05;0;5;10,22;0,65;-0,02;-0,02
"158";61;2014;-0,01;1,21;0,06;0,07;0,09;0,1;0,1;0,05;0,05;5;10,23;0,6;-0,02;-0,02
"159";62;2015;0,08;1,23;0;0,09;0;0;0;0;0;1;9,95;0,6;0,08;0,17
"160";62;2013;0,09;1,82;0;0;0;0;0;0;0;1;9,84;0,29;0,08;0,19
"161";62;2014;0,09;1,71;0;0;0;0;0;0;0;1;9,86;0,2;0,08;0,18
"162";63;2013;0,04;0,84;0;0;0;0;0;0;0;4;10,47;1,05;0,18;0,13
"163";63;2014;0,05;0,79;0;0;0;0;0;0;0;4;10,5;0,78;0,21;0,15
"164";63;2015;0,03;1,17;0;0;0;0;0;0;0;4;10,35;0,63;0,15;0,07
"165";64;2013;0,04;1,23;0;0;0;0;0;0;0;4;10,3;2,05;0,35;0,14
"166";64;2014;0,02;1,41;0;0;0;0;0;0;0;4;10,3;1,83;0,18;0,08
"167";64;2015;0,03;1,49;0;0,08;0;0;0;0;0;4;10,26;1,64;0,23;0,1
"168";65;2013;0,01;0,15;0,23;0,26;0,14;0,1;0,1;0,05;0,05;4;12,27;1,11;0,17;0,07
"169";65;2014;0;0,17;0,05;0,04;0,03;0,01;0,1;0,05;0,05;4;12,27;1,11;0,09;0,03
"170";65;2015;0,01;0,16;0,05;0,06;0,03;0,02;0,1;0,05;0,05;4;12,24;0,98;0,22;0,08
"171";66;2015;0,07;1,2;0,06;0,03;0,09;0,07;0,1;0;0,05;7;10,04;0,37;0,19;0,14
"172";66;2013;0,09;1,32;0,34;0,49;0,58;0,34;0,1;0,05;0,05;7;10,07;0,22;0,23;0,19
"173";66;2014;0,07;1,25;0,05;0,03;0,08;0,13;0,1;0;0,05;7;10,04;0,22;0,19;0,14
"174";67;2015;-0,1;1,27;0,02;0,04;0,02;0;0,1;0,05;0,05;2;10,2;1,86;-0,02;-0,44
"175";67;2013;0,03;0,89;0,16;0,24;0,22;0,39;0,1;0,05;0,05;2;10,32;1,6;0,04;0,13
"176";67;2014;0,02;0,98;0,02;0,04;0,02;0;0,1;0,05;0,05;2;10,29;1,38;0,02;0,07
"177";68;2015;0,04;0,94;0,05;0,07;0,06;0,1;0,1;0;0,05;5;10,53;0,77;0,01;0,21
"178";68;2014;0,04;1;0,1;0,06;0;0,1;0,1;0;0,05;5;10,44;0,61;0,01;0,17
"179";68;2013;0,01;0,91;0,76;0,7;0,82;0,65;0,1;0;0,05;5;10,4;0,56;0;0,06
"180";70;2015;0,03;0,73;0,04;0,04;0,05;0,06;0;0,05;0;6;10,89;1,71;0,04;0,13
"181";70;2014;0,04;0,85;0,04;0,05;0,07;0,11;0;0,05;0;6;10,93;1,66;0,07;0,19
"182";70;2013;0,04;0,87;0,37;0,35;0,44;0,7;0;0,05;0;6;10,93;1,29;0,07;0,2
"183";72;2015;0,06;1,17;0;0,03;0;0;0,1;0;0;1;10,38;1,48;0,1;0,24
"184";72;2014;0,12;1,38;0;0;0;0;0,1;0;0;1;10,38;0,93;0,21;0,37
"185";72;2013;0,07;1,62;0;0;0;0;0,1;0;0;1;10,42;0,6;0,12;0,19
"186";73;2015;0,08;1,93;0,13;0,13;0,11;0,12;0,1;0,05;0,05;2;10,21;2,32;0,08;0,39
"187";73;2014;0,07;1,64;0,12;0,14;0,12;0,11;0,1;0,05;0,05;2;10,21;1,63;0,08;0,26
"188";73;2013;0,07;1,55;0,59;0,84;0,6;0,91;0,1;0,05;0,05;2;10,21;1,05;0,08;0,24
"189";74;2014;0,02;1,79;0;0;0;0;0;0;0;4;10,33;1,76;0,09;0,05
"190";74;2015;0,07;1,86;0;0,07;0;0;0;0;0;4;10,34;1,71;0,4;0,21
"191";74;2013;0,01;1,74;0;0;0;0;0;0;0;4;10,31;1,66;0,03;0,02
"192";75;2013;0,03;1,2;0,05;0,05;0,48;0,07;0;0,05;0,05;1;10,6;0,33;0,07;0,05
"193";75;2015;0,05;1,3;0;0,02;0;0;0,1;0,05;0,05;1;10,59;0,31;0,11;0,07
"194";75;2014;0,03;1,19;0,01;0,01;0,06;0,01;0,1;0,05;0,05;1;10,6;0,3;0,08;0,05
"195";76;2013;0,12;1,1;0;0;0;0;0;0,05;0;8;9,96;1,07;0,17;0,5
"196";76;2015;0,03;1,29;0;0,04;0;0;0;0,05;0;8;9,93;1,04;0,05;0,12
"197";76;2014;0,07;1,18;0;0;0;0;0;0,05;0;8;9,94;0,93;0,09;0,23
"198";77;2015;0,07;3,74;0,14;0,02;0,15;0;0,1;0;0,05;5;10,43;2,41;0,17;0,26
"199";77;2014;0,13;5,09;0;0,02;0,11;0;0,1;0;0,05;5;10,24;0,96;0,26;0,37
"200";77;2013;0,12;5,07;0,74;0,76;0,75;0;0;0;0,05;5;10,13;0,75;0,22;0,26
"201";78;2013;0,1;4,03;0;0;0;0;0;0;0;5;9,61;0,04;0,14;0,13
"202";79;2015;0,06;1,19;0;0,03;0;0;0;0;0;8;10,11;1,39;0,16;0,17
"203";79;2014;0,12;1,44;0;0;0;0;0;0;0;8;10,05;1,09;0,29;0,31
"204";79;2013;0,15;1,34;0;0,1;0;0;0;0;0;8;10,03;0,61;0,27;0,28
"205";80;2015;0,1;2,75;0;0,09;0;0;0;0;0;2;9,63;0,34;0,12;0,21
"206";80;2014;0,1;2,54;0,05;0;0,07;0,03;0;0;0;2;9,64;0,33;0,13;0,2
"207";80;2013;0,1;2,21;0,3;0,17;0,23;0,11;0;0;0;2;9,63;0,28;0,12;0,18
"208";81;2013;0,15;3,16;0;0;0;0;0;0;0;6;9,45;0,53;0,03;0,34
"209";81;2014;0,15;3,4;0;0,1;0;0;0;0,05;0;6;9,51;0,48;0,03;0,45
"210";81;2015;0,16;2,86;0;0,01;0;0;0;0,05;0;6;9,5;0,43;0,04;0,46
"211";82;2014;-0,01;1,6;0;0;0;0;0;0;0;1;10,39;143,99;-0,02;-1,23
"212";82;2013;-0,01;1,65;0;0;0;0;0;0;0;1;10,24;93,91;-0,02;-1,13
"213";82;2015;-0,01;1,42;0;0,02;0;0;0;0;0;1;10,59;-776,59;-0,03;-5,42
"214";83;2013;0,03;0,58;0;0,86;0;0;0;0;0;5;10,74;0,47;0,05;0,15
"215";83;2014;0,04;0,64;0,06;0,1;0;0;0,1;0;0;5;10,75;0,46;0,06;0,19
"216";83;2015;0,04;0,8;0,07;0,1;0,1;0;0,1;0;0;5;10,76;0,42;0,06;0,18
"217";85;2014;0,11;5,01;0,08;0,09;0,07;0,09;0,1;0,05;0,05;2;10,13;4,93;0,09;1,26
"218";85;2013;0,16;4,6;0,34;0,38;0,35;0,37;0,1;0,05;0,05;2;10,14;4,93;0,13;1
"219";85;2015;0,19;5,44;0,09;0,07;0,07;0,08;0,1;0,05;0,05;2;10,08;2,25;0,14;3,27
"220";86;2015;-0,02;1,06;0;0,02;0;0;0;0;0;3;10,17;1,52;-0,13;-0,07
"221";86;2014;0,07;1,37;0;0;0;0;0;0;0;3;10,18;1,21;0,2;0,22
"222";86;2013;0,07;2,17;0;0;0;0;0;0;0;3;10,08;1,19;0,22;0,21
"223";87;2013;0,13;3,17;0,32;0,33;0,34;0,49;0,1;0,05;0,05;2;9,64;13,91;0,1;4,8
"224";87;2015;0,16;4,33;0,07;0,06;0,07;0,12;0,1;0,05;0,05;2;9,62;9,07;0,12;4,26
"225";87;2014;0,12;3,27;0,07;0,08;0,06;0,13;0,1;0,05;0,05;2;9,67;6,39;0,09;3,72
"226";88;2015;0,05;1,16;0;0,03;0;0;0;0;0;1;11,22;0,94;0,11;0,16
"227";88;2013;0,04;1,09;0;0;0;0;0;0;0;1;11,2;0,88;0,11;0,14
"228";88;2014;0,05;1,15;0;0;0;0;0;0;0;1;11,2;0,84;0,12;0,16
"229";89;2015;0,02;0,47;0;0,07;0;0;0;0;0;4;10,83;0,11;0,37;0,06
"230";89;2014;0,02;0,43;0;0;0;0;0;0;0;4;10,86;0,1;0,36;0,05
"231";89;2013;0,02;0,5;0;0;0;0;0;0;0;4;10,73;0,1;0,33;0,05
"232";91;2013;0,12;1,54;0,24;0,45;0,53;0,57;0,1;0,05;0,05;6;10,17;0,22;0,09;0,21
"233";91;2015;0,09;0,85;0,04;0,06;0,07;0,1;0,1;0,05;0,05;6;10,18;0,21;0,07;0,18
"234";91;2014;0,11;1,45;0,03;0,07;0,08;0,09;0,1;0,05;0,05;6;10,2;0,21;0,09;0,22
"235";92;2014;0,01;0,21;0;0;0;0;0;0;0;4;10,49;0,77;0,07;0,06
"236";92;2013;0;0,21;0;0;0;0;0;0;0;4;10,54;0,76;0,01;0,01
"237";93;2014;-0,03;0,76;0;0,08;0;0;0;0;0;11;10,37;2,28;0,07;-0,17
"238";93;2015;0,02;0,73;0;0,13;0;0;0;0;0;11;10,33;1,94;0,06;0,1
"239";93;2013;0,03;0,83;0,76;0,61;0;0;0;0;0;11;10,34;1,76;0,07;0,14
"240";94;2013;0,05;1,01;0,47;0,53;0,55;0,77;0,1;0,05;0,05;11;10,06;0,63;0,15;0,16
"241";94;2014;0,01;0,95;0,04;0,11;0,09;0,12;0,1;0,05;0,05;11;10,07;0,61;0,04;0,03
"242";94;2015;-0,03;0,49;0,08;0,1;0,1;0,12;0,1;0,05;0,05;11;10,04;0,58;-0,12;-0,08
"243";95;2015;0,01;0,23;0;0,04;0;0;0,1;0;0,05;4;11,52;1,23;0,17;0,08
"244";95;2014;0,01;0,28;0,02;0,04;0;0;0,1;0;0,05;4;11,49;1,06;0,19;0,1
"245";95;2013;0,01;0,26;0,43;0,32;0;0;0,1;0;0;4;11,47;0,95;0,18;0,1
"246";97;2013;0,11;1,51;0,71;0,36;0;0;0,1;0;0;6;9,85;1,49;0,13;0,47
"247";97;2014;0,09;1,67;0;0,04;0;0;0,1;0;0;6;9,85;1,34;0,13;0,35
"248";97;2015;0,09;1,69;0;0,06;0;0;0,1;0;0;6;9,87;1,3;0,12;0,34
"249";98;2015;-0,04;0,84;0,05;0,06;0,1;0,1;0,1;0,05;0,05;3;10,99;0,59;-0,14;-0,1
"250";98;2014;0,06;0,89;0,04;0,06;0,1;0,05;0,1;0,05;0,05;3;11,07;0,43;0,12;0,13
"251";98;2013;0,08;0,88;0,18;0,36;0,67;0,29;0,1;0,05;0,05;3;11,07;0,4;0,16;0,18
"252";99;2015;0,07;2,12;0;0,11;0;0;0;0,05;0;2;10,55;0,45;0,02;0,22
"253";99;2013;0,07;1,78;0,66;0,72;0;0;0;0,05;0;2;10,51;0,44;0,02;0,19
"254";99;2014;0,06;1,86;0;0,08;0;0;0;0,05;0;2;10,54;0,41;0,02;0,18
"255";100;2015;0,08;2,27;0,06;0,07;0,03;0,05;0,1;0,05;0,05;2;9,92;1,8;0,08;0,44
"256";100;2013;0,04;2,19;0,16;0,25;0,17;0,36;0,1;0,05;0,05;2;9,96;1,67;0,05;0,31
"257";100;2014;0,11;2;0,04;0,06;0,01;0,06;0,1;0,05;0,05;2;9,92;1,39;0,11;0,56
"258";101;2014;-0,03;4,53;0,07;0,04;0;0;0,1;0;0;7;9,97;0,44;-0,06;-0,09
"259";101;2015;-0,01;4,71;0;0,06;0;0;0,1;0;0;7;10,04;0,27;-0,05;-0,02
"260";101;2013;-0,02;4,29;0,53;0,45;0;0;0;0;0;7;9,91;0,09;-0,09;-0,05
"261";102;2015;0,09;1,04;0,05;0,1;0,06;0,08;0,1;0,05;0,05;7;11,05;0,36;0,19;0,16
"262";102;2014;0,08;0,95;0,06;0,08;0,06;0,1;0,1;0,05;0,05;7;11,02;0,35;0,16;0,14
"263";102;2013;0,1;0,92;0,5;0,61;0,6;0,82;0,1;0;0,05;7;11;0,22;0,2;0,17
"264";103;2015;0,06;1;0,12;0,07;0,05;0,04;0,1;0,05;0,05;6;10,54;0,92;0,17;0,17
"265";103;2013;0,06;1,19;0,3;0,43;0,31;0,13;0,1;0,05;0,05;6;10,5;0,86;0,16;0,19
"266";103;2014;0,06;1,36;0,06;0,07;0,04;0;0,1;0,05;0,05;6;10,52;0,85;0,15;0,18
"267";104;2014;0,02;0,89;0,02;0;0,02;0;0,1;0,05;0,05;10;10,7;1,34;0,04;0,05
"268";104;2015;0,02;0,72;0,01;0,02;0,02;0,09;0,1;0,05;0,05;10;10,68;1,33;0,05;0,06
"269";104;2013;0;0,76;0,15;0,09;0,23;0;0;0;0;10;10,71;1,17;-0,01;-0,01
"270";105;2014;0,15;2,54;0,09;0,04;0,04;0,1;0,1;0,05;0,05;7;10,07;0,12;0,14;0,2
"271";105;2015;0,13;2,47;0,1;0,04;0,05;0,06;0,1;0,05;0,05;7;10,12;0,1;0,13;0,19
"272";105;2013;0,17;3,23;0,55;0,3;0,14;0,37;0;0,05;0;7;9,91;0;0,14;0,22
"273";106;2015;0,06;1,93;0;0,02;0;0;0;0;0;7;9,74;0,67;0,1;0,15
"274";106;2014;0,05;1,7;0;0;0;0;0;0;0;7;9,74;0,59;0,08;0,1
"275";106;2013;0,07;1,75;0;0;0;0;0;0;0;7;9,72;0;0,12;0,1
"276";107;2015;0,06;1,38;0,12;0,14;0,13;0;0,1;0,05;0,05;2;10,97;0,74;0,03;0,14
"277";107;2013;0,07;1,22;0,88;0,89;0,79;0;0;0,05;0,05;2;10,85;0,35;0,04;0,12
"278";107;2014;0,06;1,54;0,13;0,14;0,12;0;0,1;0,05;0,05;2;10,87;0,34;0,03;0,12
"279";108;2015;0,02;0,73;0,07;0,08;0,06;0;0,1;0,05;0,05;3;11,43;0,22;0,03;0,03
"280";108;2014;0,07;0,84;0,06;0,09;0,09;0,06;0,1;0,05;0,05;3;11,42;0,16;0,09;0,13
"281";108;2013;0,09;0,95;0,35;0,57;0,36;0,32;0,1;0,05;0,05;3;11,4;0,13;0,09;0,15
"282";109;2013;0,03;1,59;0;0;0;0;0;0;0;3;9,98;0,97;0,11;0,07
"283";109;2014;0,05;1,26;0;0;0;0;0;0;0;3;10,07;0,67;0,2;0,11
"284";109;2015;0,01;1,16;0;0,02;0;0;0;0;0;3;10,1;0,48;0,04;0,01
"285";110;2014;0,03;1,26;0,11;0,04;0,01;0;0,1;0;0;11;10,74;1,89;0,11;0,11
"286";110;2015;0,03;1,15;0;0,03;0;0;0,1;0;0;11;10,77;1,86;0,16;0,15
"287";110;2013;0,04;1,16;0;0,29;0,12;0;0,1;0;0;11;10,7;1,66;0,13;0,15
"288";113;2015;0,03;0,46;0;0,07;0;0;0,1;0,05;0,05;6;10,76;4,21;0,07;0,25
"289";113;2014;0,05;0,47;0;0,09;0;0;0,1;0,05;0,05;6;10,79;3,19;0,09;0,31
"290";113;2013;0,06;0,49;0,62;0,42;0,14;0;0;0,05;0,05;6;10,77;2,5;0,09;0,41
"291";114;2015;0,03;0,48;0;0,05;0;0;0;0;0;4;10,94;2,31;0,26;0,21
"292";114;2014;0,03;0,58;0;0;0;0;0;0;0;4;10,92;2,13;0,27;0,21
"293";114;2013;0,03;0,55;0;0;0;0;0;0;0;4;10,9;2;0,3;0,24
"294";116;2013;0,09;1,18;0,18;0,25;0,48;0,14;0,1;0,05;0;5;9,95;0,79;0,12;0,21
"295";116;2014;0,06;1,32;0,01;0,04;0,04;0,02;0,1;0,05;0;5;9,99;0,75;0,07;0,13
"296";116;2015;0,07;1,34;0,02;0,03;0,04;0;0,1;0,05;0;5;10;0,75;0,09;0,16
"297";117;2015;0,08;1,22;0;0,06;0;0;0;0;0;6;10,68;0,51;0,16;0,14
"298";117;2013;0,08;1,15;0;0;0;0;0;0;0;6;10,54;0,15;0,14;0,13
"299";117;2014;0,07;1,22;0;0;0;0;0;0;0;6;10,57;0,15;0,13;0,11
"300";118;2014;0,09;1,97;0,01;0,01;0;0,01;0,1;0,05;0;1;10,94;0,37;0,16;0,17
"301";118;2015;0,1;2,08;0,01;0,01;0;0;0,1;0,05;0;1;10,95;0,29;0,16;0,19
"302";118;2013;0,08;1,7;0,28;0,09;0;0,01;0;0;0;1;10,92;0,26;0,14;0,15
"303";119;2015;0,07;1,12;0;0,05;0;0;0;0;0;1;10,2;1,4;0,16;0,19
"304";119;2014;0,07;1,33;0;0;0;0;0;0;0;1;10,2;1,08;0,18;0,19
"305";119;2013;0,07;1,31;0;0;0;0;0;0;0;1;10,18;1,05;0,19;0,17
"306";121;2015;0,02;1,27;0;0,09;0;0;0;0;0;1;10,22;1,99;0,02;0,09
"307";121;2013;0,22;4,62;0;0;0;0;0;0;0;1;9,46;1,05;0,08;0,4
"308";121;2014;0,2;3,65;0;0;0;0;0;0;0;1;9,53;0,48;0,07;0,44
"309";122;2015;0,1;1,29;0;0,06;0;0;0;0,05;0;6;9,94;0,72;0,13;0,24
"310";122;2014;0,09;1,46;0,08;0,06;0;0;0;0,05;0;6;9,96;0,61;0,1;0,2
"311";122;2013;0,1;1,62;0,54;0,29;0;0;0;0,05;0;6;10,03;0,48;0,11;0,2
"312";124;2015;0,09;2,27;0;0,07;0;0;0,1;0,05;0,05;2;9,95;1,32;0,12;0,34
"313";124;2014;0,09;1,97;0,13;0,08;0,09;0;0,1;0,05;0,05;2;9,92;1,13;0,11;0,31
"314";124;2013;0,07;1,17;0,28;0,39;0,27;0,47;0;0,05;0,05;2;9,91;1,1;0,1;0,27
"315";125;2015;0,03;0,81;0,12;0,04;0,14;0,05;0,1;0,05;0,05;11;10,46;1,01;0,07;0,08
"316";125;2014;0,03;0,83;0,08;0,03;0,12;0,03;0,1;0,05;0,05;11;10,45;1;0,07;0,11
"317";125;2013;0,03;0,75;0,6;0,26;0,6;0,12;0;0,05;0;11;10,41;0,91;0,07;0,09
"318";126;2015;0,02;0,73;0,02;0,02;0,06;0,09;0,1;0,05;0,05;11;11,08;0,94;0,12;0,07
"319";126;2013;0,02;0,74;0,03;0,12;0,6;0,79;0,1;0;0,05;11;11,06;0,92;0,11;0,07
"320";126;2014;0,02;0,79;0,05;0,02;0,09;0,11;0,1;0,05;0,05;11;11,08;0,91;0,08;0,05
"321";127;2015;0,01;1,16;0;0,04;0;0;0;0,05;0;5;10,27;1,85;0,02;0,05
"322";127;2013;0,04;1,21;0,29;0,11;0,24;0,03;0,1;0;0;5;10,23;1,84;0,05;0,15
"323";127;2014;0,04;1,31;0,06;0,04;0;0;0;0,05;0;5;10,25;1,62;0,06;0,15
"324";128;2015;-0,39;0,84;0;0,08;0,08;0;0,1;0,05;0,05;3;10,47;1,72;0,08;-1,01
"325";128;2014;0,03;0,68;0;0,02;0,06;0;0,1;0,05;0,05;3;10,7;0,46;0,08;0,07
"326";128;2013;0;0,74;0,58;0,12;0,39;0;0;0,05;0,05;3;10,63;0,39;0;0
"327";129;2015;0,05;1,9;0,13;0,08;0,15;0;0;0;0,05;7;10,25;1,03;0,2;0,13
"328";129;2014;0;0,59;0,1;0,11;0;0;0;0;0,05;7;10,65;0,34;0;0
"329";129;2013;0,07;0,56;0,3;0,45;0;0;0;0;0,05;7;10,62;0,17;0,18;0,13
"330";130;2013;0,05;1,85;0,73;0,8;0,84;0,6;0,1;0,05;0,05;8;10,29;0,82;0,07;0,14
"331";130;2014;0,06;1,84;0,13;0,14;0,14;0,06;0,1;0,05;0,05;8;10,29;0,66;0,08;0,16
"332";130;2015;0,05;2,06;0,13;0,14;0,14;0,08;0,1;0,05;0,05;8;10,27;0,62;0,07;0,15
"333";131;2014;0,08;2,37;0;0;0;0;0;0;0;6;9,67;0,52;0,15;0,16
"334";131;2013;0,08;2,11;0;0;0;0;0;0;0;6;9,66;0,5;0,15;0,16
"335";131;2015;0,09;3,2;0;0,03;0;0;0;0;0;6;9,65;0,5;0,16;0,19
"336";132;2013;0,02;0,61;0;0;0;0;0;0;0;11;10,67;0,99;0,07;0,09
"337";132;2015;0,02;0,65;0;0,12;0;0;0;0;0;11;10,7;0,96;0,09;0,09
"338";132;2014;0,03;0,67;0;0;0;0;0;0;0;11;10,7;0,93;0,12;0,15
"339";134;2014;0,06;1,08;0,04;0,03;0;0;0,1;0,05;0;8;10,21;2,07;0,08;0,2
"340";134;2015;0,05;1,01;0,03;0,03;0;0;0,1;0,05;0;8;10,19;1,73;0,09;0,23
"341";134;2013;0,1;1,28;0;0,19;0;0;0,1;0,05;0;8;10,07;1,12;0,12;0,34
"342";135;2015;0,11;1,55;0;0,05;0,07;0;0;0,05;0;6;10,33;0,54;0,12;0,31
"343";135;2013;0,08;2,09;0;0;0;0;0;0;0;6;10,38;0,36;0,08;0,19
"344";135;2014;0,09;1,86;0;0,04;0;0;0;0,05;0;6;10,38;0,35;0,09;0,22
"345";136;2015;-0,15;1,67;0;0,05;0;0;0;0;0;3;10,43;0,51;-0,52;-0,3
"346";136;2013;0,07;1,65;0;0;0;0;0;0;0;3;10,49;0,38;0,15;0,15
"347";136;2014;0,09;1,56;0;0,04;0;0;0;0;0;3;10,54;0,33;0,16;0,17
"348";137;2013;0,07;1,98;0;0;0;0;0;0;0;3;10,6;1,07;0,05;0,18
"349";137;2014;0,06;1,94;0;0;0;0;0;0;0;3;10,67;1,06;0,06;0,17
"350";137;2015;0,05;1,54;0;0;0;0;0;0;0;3;10,69;1,03;0,09;0,13
"351";138;2014;-0,03;1,97;0;0;0;0;0;0;0;7;9,89;2,06;-0,11;-0,1
"352";138;2015;0,02;2,07;0;0,1;0;0;0;0;0;7;10,02;2,03;0,07;0,09
"353";138;2013;0,01;1,55;0;0;0;0;0;0;0;7;9,87;1,7;0,04;0,04
"354";139;2015;0,04;1,78;0;0,02;0;0;0;0;0;4;10,36;1,05;0,31;0,08
"355";139;2014;0,03;1,62;0;0;0;0;0;0;0;4;10,36;1,05;0,24;0,06
"356";139;2013;0,08;1,08;0;0;0;0;0;0;0;4;10,36;1,03;0,76;0,18
"357";140;2013;0,05;1,59;0,03;0;0,3;0;0;0,05;0;3;9,99;0,62;0,21;0,1
"358";140;2014;0,05;1,1;0;0,02;0,03;0;0;0,05;0;3;10,08;0,62;0,16;0,09
"359";140;2015;0,01;0,66;0;0,03;0;0;0;0,05;0;3;10,15;0,55;0,04;0,02
"360";141;2015;0,05;1,47;0;0;0;0;0,1;0;0;5;10,73;0,8;0,02;0,14
"361";141;2013;0,03;1,33;0;0;0;0;0;0;0;5;10,73;0,57;0,02;0,08
"362";141;2014;0,04;1,47;0;0;0;0;0,1;0;0;5;10,73;0,55;0,02;0,1
"363";142;2014;0,01;0,8;0;0;0;0;0;0;0;3;10,8;1,52;0,01;0,05
"364";142;2013;0;0,85;0;0;0;0;0;0;0;3;10,64;1,43;0;-0,01
"365";142;2015;0;0,76;0;0;0;0;0;0;0;3;10,81;1,38;0;0
"366";143;2015;0;0,54;0;0,07;0;0;0,1;0,05;0,05;11;10,65;1,42;-0,02;-0,02
"367";143;2013;0,02;0,54;0,55;0,21;0,03;0;0;0,05;0,05;11;10,64;1,26;0,06;0,08
"368";143;2014;0,02;0,59;0;0,04;0;0;0,1;0,05;0,05;11;10,67;1,25;0,08;0,09
"369";144;2015;0;0,46;0,1;0,11;0,05;0,09;0,1;0,05;0,05;11;10,98;1,1;0,08;0,09
"370";144;2014;0,02;0,56;0,06;0,07;0,02;0,13;0,1;0,05;0,05;11;10,94;0,97;0,06;0,07
"371";144;2013;0,02;0,49;0,12;0,41;0,05;0,72;0,1;0,05;0,05;11;10,9;0,8;0,07;0,08
"372";145;2014;0,04;1,54;0;0,14;0;0;0;0;0;1;9,96;0,98;0,07;0,21
"373";145;2015;0,06;1,6;0;0,05;0;0;0;0;0;1;10,19;0,66;0,11;0,28
"374";145;2013;0,03;1,47;0,97;0,79;0;0;0;0;0;1;9,89;0,58;0,05;0,11
"375";146;2015;0,04;2,38;0;0,04;0;0;0;0;0;4;9,78;1,69;0,24;0,09
"376";146;2014;0,04;2,08;0;0;0;0;0;0;0;4;9,64;1,36;0,27;0,1
"377";146;2013;0,05;1,68;0;0;0;0;0;0;0;4;9,6;1,11;0,33;0,11
"378";147;2014;0,02;0,42;0,06;0,05;0,08;0,07;0,1;0,05;0,05;1;11,32;4,8;0,02;0,12
"379";147;2015;0,03;0,56;0,04;0,04;0,08;0,1;0,1;0,05;0,05;1;11,35;4,64;0,05;0,27
"380";147;2013;0,04;0,4;0,57;0,35;0,7;0,65;0,1;0,05;0;1;11,31;4,35;0,05;0,34
"381";148;2015;0,21;4,28;0;0,01;0;0;0;0;0;6;9,4;0,17;0,13;0,29
"382";148;2013;0,22;6,23;0;0;0;0;0;0;0;6;9,32;0;0,13;0,26
"383";148;2014;0,22;5,45;0;0;0;0;0;0;0;6;9,37;0;0,13;0,26
"384";149;2013;0,09;7,61;0,03;0,13;0;0;0;0;0;7;10,25;0,02;0,19;0,11
"385";150;2015;0,03;1,22;0,01;0,02;0;0,06;0,1;0;0,05;6;10,58;0,57;0,02;0,08
"386";150;2014;0,07;1,55;0,01;0,03;0;0,08;0,1;0,05;0,05;6;10,52;0,3;0,05;0,15
"387";150;2013;0,05;0,91;0,25;0,39;0;0,51;0;0;0,05;6;10,53;0,16;0,04;0,1
"388";151;2015;0,01;0,31;0;0,03;0;0;0;0;0,05;11;10,72;1,55;0,04;0,05
"389";151;2014;0,01;0,36;0;0;0;0;0;0;0,05;11;10,72;1,54;0,02;0,02
"390";151;2013;0,01;0,35;0;0;0;0;0;0;0,05;11;10,7;1,25;0,03;0,03
"391";152;2013;0,04;1,38;0;0;0;0;0;0;0;7;10,14;1,23;0,1;0,09
"392";152;2015;0,05;1,14;0;0,04;0;0;0;0;0;7;10,42;0,77;0,11;0,1
"393";152;2014;0,03;1,51;0;0;0;0;0;0;0;7;10,16;0,64;0,08;0,07
"394";153;2015;0,08;2,67;0;0,07;0;0;0;0;0;7;9,97;1,61;0,14;0,24
"395";153;2014;0,08;2,23;0;0;0;0;0;0;0;7;9,97;1,13;0,15;0,22
"396";153;2013;0,07;1,96;0;0;0;0;0;0;0;7;9,98;1,05;0,13;0,19
"397";154;2013;0,01;0,18;0,08;0,15;0;0;0;0;0,05;4;11,12;0;0,27;0,13
"398";154;2014;0,01;0,17;0;0,03;0;0;0,1;0;0,05;4;11,14;0;0,23;0,1
"399";154;2015;0,01;0,22;0;0,04;0;0;0,1;0;0,05;4;11,15;0;0,25;0,11
"400";155;2014;0,06;1,94;0;0;0;0;0;0;0;7;9,93;0,79;0,31;0,18
"401";155;2015;0,04;1,97;0;0,08;0;0;0;0;0;7;9,9;0,73;0,21;0,13
"402";155;2013;0,09;2,72;0;0;0;0;0;0;0;7;9,59;0,38;0,32;0,26
"403";156;2014;0;1,03;0;0;0;0;0;0;0;4;12,51;875,59;-0,05;-0,11
"404";156;2015;0;1,03;0;0;0;0;0;0;0;4;12,51;793,47;-0,01;-0,08
"405";156;2013;0,03;1,03;0;0;0;0;0;0;0;4;12,51;339,01;-0,05;-0,73
"406";157;2013;0,03;1,65;0,14;0,17;0;0;0,1;0,05;0,05;1;10,73;1,33;0,13;0,11
"407";157;2014;0,03;1,61;0;0,11;0;0;0,1;0,05;0,05;1;10,72;1,22;0,14;0,13
"408";157;2015;0,04;1,34;0;0,11;0;0;0,1;0,05;0,05;1;10,68;1,18;0,16;0,13
"409";158;2014;0,07;0,13;0;0;0;0;0;0;0;6;10,55;0,33;0,08;0,2
"410";158;2015;0,09;0,14;0;0,04;0;0;0;0;0;6;10,51;0,32;0,09;0,27
"411";158;2013;0,07;0,9;0;0;0;0;0;0;0;6;10,55;0,27;0,08;0,19
"412";159;2013;0,02;0,41;0,36;0,45;0,21;0,37;0,1;0,05;0;6;11,82;1,7;0,09;0,1
"413";159;2014;0,02;0,6;0,08;0,07;0,07;0,07;0,1;0,05;0,05;6;11,81;1,56;0,1;0,12
"414";159;2015;-0,01;0,76;0,09;0,08;0,06;0,06;0,1;0,05;0,05;6;11,69;1,48;-0,05;-0,06
"415";160;2014;0,03;1,64;0,02;0,03;0;0,03;0;0;0;4;10,4;2,2;0,26;0,09
"416";160;2013;0,01;1,34;0,65;0;0;0;0;0;0;4;10,41;2,02;0,11;0,04
"417";160;2015;0,06;1,59;0,02;0,02;0,02;0,02;0;0;0;4;10,38;1,8;0,57;0,17
"418";161;2015;0,4;2,9;0;0,13;0;0;0;0;0;5;10,71;1,14;0,55;1,07
"419";161;2014;0,39;4,08;0;0;0;0;0;0;0;5;10,54;0,77;0,49;0,83
"420";161;2013;0,14;5,25;0,88;0,83;0;0;0;0;0;5;10,35;0,35;0,27;0,28
"421";162;2015;0,07;1,97;0,1;0,09;0,09;0,09;0,1;0,05;0,05;2;10,33;1,55;0,09;0,29
"422";162;2014;0,06;1,67;0,08;0,09;0,08;0,08;0,1;0,05;0,05;2;10,38;1,36;0,09;0,24
"423";162;2013;0,08;1,67;0,55;0,51;0,68;0,64;0,1;0,05;0,05;2;10,36;1,02;0,1;0,26
"424";163;2015;0,05;0,75;0;0,02;0;0;0,1;0,05;0,05;7;10,46;0,24;0,14;0,07
"425";163;2014;0,08;0,89;0;0,02;0;0;0,1;0,05;0,05;7;10,48;0,17;0,24;0,12
"426";163;2013;0,07;0,74;0,12;0;0;0;0,1;0,05;0;7;10,45;0,15;0,25;0,09
"427";164;2015;0,05;0,5;0,01;0,02;0,02;0,02;0,1;0,05;0,05;1;11,29;1,09;0,06;0,27
"428";164;2014;0,02;0,34;0,03;0,02;0,05;0,03;0,1;0,05;0,05;1;11,25;0,9;0,02;0,07
"429";164;2013;0,03;0,4;0,35;0,35;0,22;0,4;0;0,05;0,05;1;11,22;0,18;0,02;0,12
"430";165;2014;0,09;1,8;0;0;0;0;0;0;0;1;9,92;0,15;0,05;0,21
"431";165;2013;0,09;1,47;0;0;0;0;0;0;0;1;9,89;0,15;0,05;0,22
"432";165;2015;0,09;1,42;0;0,03;0;0;0;0;0;1;9,91;0,08;0,05;0,22
"433";166;2015;0,14;1,38;0,05;0,03;0,01;0;0,1;0,05;0;1;9,89;0,51;0,06;0,37
"434";166;2014;0,16;2,05;0;0,06;0;0;0,1;0,05;0;1;9,89;0,48;0,08;0,42
"435";166;2013;0,17;2,16;0,36;0,45;0,53;0;0;0,05;0;1;9,89;0,42;0,08;0,42
"436";167;2015;0,01;0,42;0,06;0,06;0,04;0,07;0,1;0,05;0,05;4;11,94;2,32;0,16;0,07
"437";167;2014;0,01;0,44;0,11;0,07;0,08;0,11;0,1;0,05;0,05;4;11,93;2,28;0,23;0,11
"438";167;2013;0,01;0,41;0,5;0,53;0,36;0,41;0,1;0,05;0,05;4;11,96;2,26;0,23;0,11
"439";168;2015;0,14;2,17;0;0,09;0,05;0;0;0,05;0,05;6;9,77;0,61;0,08;0,28
"440";168;2013;0,16;3,07;0,55;0,7;0;0;0;0,05;0,05;6;9,72;0,14;0,08;0,25
"441";168;2014;0,15;3,01;0,08;0,09;0;0;0;0,05;0,05;6;9,72;0,13;0,08;0,24
"442";169;2015;-0,02;0,79;0,01;0,01;0;0,08;0,1;0,05;0;3;10,57;0,95;-0,03;-0,04
"443";169;2013;0,08;1,45;0;0,29;0,31;0;0,1;0,05;0;3;10,47;0,58;0,07;0,15
"444";169;2014;0,11;1,01;0;0,04;0;0;0,1;0,05;0;3;10,51;0,48;0,11;0,23
"445";170;2013;0,06;1,6;0;0;0;0;0;0;0;5;10,46;-3,43;0,05;-0,18
"446";170;2014;0,07;1,82;0;0;0;0;0;0;0,05;5;10,49;-3,73;0,05;-0,24
"447";170;2015;0,06;1,63;0;0,01;0;0;0;0;0,05;5;10,52;-4,01;0,04;-0,28
"448";171;2015;-0,03;1,27;0,07;0,03;0,07;0,08;0,1;0,05;0,05;4;10,33;1,18;-0,22;-0,06
"449";171;2014;0,04;1,28;0,06;0,04;0,09;0,09;0,1;0,05;0,05;4;10,33;0,91;0,41;0,09
"450";171;2013;0,05;1,18;0,32;0,18;0,31;0,44;0;0,05;0,05;4;10,3;0,81;0,46;0,09
"451";172;2015;0,16;3,94;0,02;0,04;0,14;0,05;0,1;0,05;0,05;1;10,64;2,34;0,08;0,8
"452";172;2014;0,14;3,46;0,03;0,04;0,12;0,03;0,1;0,05;0,05;1;10,62;1,65;0,07;0,52
"453";172;2013;0,13;2,74;0,31;0,36;0,86;0,18;0,1;0,05;0,05;1;10,64;1,03;0,07;0,34
"454";173;2015;-0,09;0,54;0,08;0,06;0,08;0,04;0,1;0,05;0,05;3;10,53;0,34;-0,46;-0,15
"455";173;2014;0,06;0,67;0,1;0,1;0,12;0,04;0,1;0,05;0,05;3;10,59;0,27;0,16;0,1
"456";173;2013;0,12;0,71;0,44;0,48;0,55;0,34;0,1;0,05;0,05;3;10,63;0,22;0,21;0,21
"457";174;2013;0;0,05;0,12;0,29;0,04;0;0,1;0,05;0,05;4;11,44;0,33;0,01;0,01
"458";174;2014;0;0,06;0,03;0,05;0,02;0,03;0,1;0,05;0,05;4;11,39;0,3;0,04;0,04
"459";174;2015;0,01;0,07;0,05;0,05;0,06;0;0,1;0,05;0,05;4;11,36;0,29;0,09;0,09
"460";175;2013;0,02;1,05;0,07;0,06;0,04;0,03;0,1;0;0;1;10,42;2,9;0,05;0,14
"461";175;2014;0,03;1,13;0,04;0;0;0;0,1;0;0;1;10,42;2,27;0,06;0,14
"462";175;2015;0,05;0,98;0,05;0,06;0,01;0,02;0,1;0;0,05;1;10,41;1,62;0,12;0,27
"463";176;2015;0,07;1,2;0,08;0,07;0,13;0,07;0;0,05;0;1;10;2,63;0,13;0,29
"464";176;2014;0,09;1,7;0,1;0,08;0,12;0,09;0;0,05;0;1;9,98;1,29;0,14;0,27
"465";176;2013;0,08;1,83;0,84;0,56;0,91;0,68;0;0,05;0;1;9,97;1,14;0,12;0,26
"466";177;2013;0,09;1,54;0,12;0,05;0;0;0,1;0,05;0,05;6;10,66;0,39;0,1;0,26
"467";177;2014;0,09;1,68;0,04;0,01;0;0;0,1;0,05;0,05;6;10,66;0,34;0,11;0,23
"468";177;2015;0,1;1,69;0;0,01;0;0;0,1;0,05;0,05;6;10,69;0,3;0,12;0,26
"469";179;2015;0,03;0,29;0;0;0;0;0;0;0;7;10,91;0,45;0,05;0,07
"470";180;2013;0,11;2,13;0,16;0,09;0,36;0,24;0;0;0;2;9,69;0,08;0,06;0,17
"471";180;2014;0,12;2,44;0,03;0,01;0,03;0,03;0,1;0,05;0;2;9,74;0,07;0,06;0,17
"472";180;2015;0,12;2,81;0,05;0,02;0,05;0,02;0,1;0,05;0;2;9,79;0,06;0,07;0,18
"473";181;2014;0,08;1,77;0;0;0;0;0;0;0;5;9,79;0,19;0,04;0,17
"474";181;2013;0,08;1,59;0;0;0;0;0;0;0;5;9,75;0,16;0,05;0,16
"475";181;2015;0,08;1,91;0;0,06;0;0;0;0;0;5;9,81;0,16;0,05;0,17
"476";182;2013;0,02;1,46;0,5;0,27;0;0;0;0,05;0,05;4;10,11;0,66;0,06;0,04
"477";182;2015;0,05;1,32;0,05;0,06;0,04;0,11;0,1;0,05;0,05;4;10,07;0,57;0,1;0,08
"478";182;2014;0,06;1,71;0;0,05;0;0;0,1;0,05;0,05;4;10,09;0,54;0,14;0,1
"479";183;2015;0,09;3,98;0,14;0,12;0,13;0,12;0,1;0,05;0,05;2;9,73;1,56;0,07;0,48
"480";183;2013;0,16;4,2;0,86;0,61;0,68;0,67;0;0,05;0,05;2;9,73;1,12;0,11;0,64
"481";183;2014;0,15;4,31;0,14;0,1;0,12;0,12;0,1;0,05;0,05;2;9,75;1,06;0,11;0,55
"482";184;2014;0,05;0,92;0,07;0,07;0,09;0,11;0,1;0,05;0,05;5;10,37;0,4;0,02;0,12
"483";184;2015;0,05;1,1;0,07;0,1;0,12;0,1;0,1;0,05;0,05;5;10,39;0,37;0,02;0,13
"484";184;2013;0,06;0,7;0,87;0,66;0;0,61;0;0,05;0;5;10,32;0,28;0,03;0,13
"485";185;2014;0,1;1,59;0,02;0,02;0,04;0,06;0,1;0,05;0,05;7;11,07;2,96;0,13;0,8
"486";185;2015;0,12;1,43;0,01;0,03;0,06;0,03;0,1;0,05;0,05;7;11,04;2,34;0,16;0,99
"487";185;2013;0,14;1,74;0,17;0,25;0,19;0,42;0,1;0,05;0,05;7;11,1;1,44;0,17;0,83
"488";186;2014;0,02;0,4;0;0;0;0;0;0;0;4;10,83;0,32;0,27;0,1
"489";186;2015;0,01;0,47;0;0,06;0;0;0;0;0;4;10,89;0,27;0,4;0,16
"490";186;2013;0,01;0,46;0;0;0;0;0;0;0;4;10,81;0,18;0,23;0,08
"491";187;2015;-0,03;0,28;0;0;0;0;0;0;0;6;10,56;3,17;-0,08;-0,25
"492";187;2014;-0,01;0,3;0;0;0;0;0;0;0;6;10,55;2,13;-0,02;-0,06
"493";187;2013;0,04;0,25;0;0;0;0;0;0;0;6;10,5;1,53;0,05;0,19
"494";188;2014;0,11;7,88;0;0,04;0,11;0,06;0;0,05;0;5;9,52;0,67;0,19;0,26
"495";188;2013;0,04;4,53;0;0;0;0;0;0;0;5;9,48;0,55;0,09;0,09
"496";188;2015;0,14;7,49;0,11;0,06;0,11;0,04;0;0,05;0;5;9,57;0,52;0,24;0,3
"497";189;2015;0,01;20,04;0;0,06;0;0;0;0;0;9;9;3,62;0,01;0,17
"498";189;2013;-0,2;13,45;0;0;0;0;0;0;0;9;8,8;-3,43;-0,23;0,78
"499";189;2014;-0,07;15,85;0;0;0;0;0;0;0;9;8,92;-8,27;-0,09;0,35
"500";190;2015;0,12;1,58;0,08;0,08;0,07;0,07;0,1;0,05;0,05;7;11,01;0,33;0,21;0,2
"501";190;2013;0,11;1,34;0,56;0,59;0,57;0,26;0,1;0,05;0,05;7;10,97;0,23;0,18;0,18
"502";190;2014;0,13;1,88;0,08;0,07;0,06;0,03;0,1;0,05;0,05;7;10,96;0,22;0,21;0,2
"503";191;2015;0,09;6,97;0,08;0,1;0,03;0,1;0;0;0;7;9,58;0,48;0,1;0,21
"504";191;2013;0,17;4,92;0,43;0,6;0,3;0,33;0;0;0;7;9,61;0,22;0,21;0,29
"505";191;2014;0,16;4,87;0;0,11;0;0;0;0;0;7;9,7;0,17;0,18;0,29
"506";192;2015;0,03;0,71;0,04;0,06;0,08;0,05;0,1;0,05;0;8;10,49;2,29;0,04;0,21
"507";192;2014;0,02;0,98;0;0,04;0,03;0;0,1;0,05;0,05;8;10,46;1,69;0,02;0,08
"508";192;2013;0,04;0,83;0,86;0,36;0;0;0;0,05;0,05;8;10,5;1,09;0,05;0,19
"509";193;2015;0,04;0,87;0;0,05;0;0;0;0,05;0;1;10,1;0,82;0,06;0,24
"510";193;2014;0,04;0,77;0;0;0;0;0;0,05;0;1;10,11;0,77;0,06;0,22
"511";193;2013;0,02;0,68;0;0;0;0;0;0,05;0;1;10,11;0,51;0,04;0,12
"512";195;2013;0,14;0,84;0;0;0;0;0;0;0;7;9,57;0,01;0,2;0,54
"513";196;2015;0,12;2,31;0,07;0,05;0,08;0,06;0;0;0;6;10,2;1,32;0,14;0,37
"514";196;2014;0,15;2,17;0,06;0,06;0,08;0,05;0,1;0,05;0;6;10,25;0,88;0,2;0,37
"515";196;2013;0,09;1,76;0,39;0,3;0,47;0,39;0,1;0;0;6;10,3;0,29;0,12;0,17
"516";197;2015;0,04;0,74;0;0,12;0,11;0,06;0,1;0,05;0,05;4;10,4;0,95;0,19;0,12
"517";197;2014;0,05;1,13;0,11;0,06;0,1;0,07;0,1;0,05;0,05;4;10,31;0,81;0,19;0,12
"518";197;2013;0,05;1,02;0,69;0,49;0,69;0,39;0;0,05;0,05;4;10,28;0,69;0,2;0,11
"519";198;2015;0,12;2,49;0;0,09;0;0;0,1;0;0,05;6;9,56;0,77;0,07;0,33
"520";198;2014;0,12;3,08;0;0,1;0;0;0,1;0;0,05;6;9,53;0,57;0,06;0,33
"521";198;2013;0,13;3,39;0,26;0,49;0;0;0,1;0;0,05;6;9,45;0,45;0,06;0,36
"522";199;2015;0,04;0,81;0,12;0,07;0,12;0,05;0,1;0,05;0,05;1;10,49;0,58;0,03;0,11
"523";199;2013;0,05;0,96;0,38;0,3;0,57;0,28;0;0,05;0,05;1;10,49;0,5;0,04;0,14
"524";199;2014;0,04;1,04;0,09;0,09;0,1;0,02;0,1;0,05;0,05;1;10,5;0,46;0,03;0,1
"525";200;2015;0,12;1,98;0,12;0,12;0,11;0,08;0,1;0,05;0,05;5;11,12;0,28;0,18;0,22
"526";200;2014;0,12;2,11;0,11;0,12;0,11;0,06;0,1;0,05;0,05;5;11,12;0,27;0,14;0,22
"527";200;2013;0,11;1,82;0,72;0,69;0,74;0,46;0,1;0,05;0,05;5;11,12;0,25;0,19;0,2
"528";201;2015;0,07;1,29;0,01;0,07;0,08;0,13;0;0,05;0,05;7;9,94;0,36;0,13;0,14
"529";201;2014;-0,04;1,13;0,03;0,05;0,09;0,14;0,1;0,05;0,05;7;9,92;0,27;-0,07;-0,06
"530";201;2013;0,04;0,96;0,36;0,29;0,65;0,87;0,1;0,05;0,05;7;10,01;0,14;0,09;0,06
"531";202;2013;0,01;0,15;0,2;0,23;0,22;0,11;0;0,05;0,05;4;12,38;1,48;0,17;0,08
"532";202;2014;0,01;0,1;0,04;0,04;0,04;0,02;0,1;0,05;0,05;4;12,41;1,45;0,21;0,1
"533";202;2015;0,01;0,15;0,03;0,04;0,05;0,01;0,1;0,05;0,05;4;12,37;1,4;0,24;0,1
"534";203;2015;0,07;1,65;0,14;0,1;0,1;0,11;0,1;0;0;1;9,93;1,99;0,05;0,3
"535";203;2014;0,08;1,59;0,12;0,1;0;0,12;0,1;0;0;1;9,97;1,37;0,06;0,35
"536";203;2013;0,09;1,43;0,66;0,48;0;0,71;0,1;0;0;1;9,93;1,36;0,06;0,38
"537";204;2015;0,02;2,19;0,06;0,06;0,09;0,09;0,1;0,05;0,05;2;10,19;2,19;0,03;0,14
"538";204;2013;0,12;1,88;0,33;0,24;0,63;0;0,1;0,05;0,05;2;10,19;1,79;0,12;0,62
"539";204;2014;0,11;1,99;0,05;0,06;0,09;0,09;0,1;0,05;0,05;2;10,2;1,76;0,12;0,49
"540";205;2015;0,01;0,21;0,01;0,03;0;0,02;0,1;0,05;0,05;4;10,98;0,97;0,2;0,08
"541";205;2014;0,01;0,18;0,01;0,03;0;0,01;0,1;0,05;0,05;4;10,97;0,77;0,21;0,09
"542";205;2013;0,01;0,16;0,04;0,15;0;0;0;0,05;0,05;4;10,97;0,76;0,21;0,09
"543";206;2015;0,11;1,41;0,1;0,09;0,02;0,01;0,1;0;0,05;4;10,05;0,52;0,25;0,27
"544";206;2014;0,03;1,41;0,12;0,08;0,01;0;0,1;0;0,05;4;10,01;0,5;0,06;0,07
"545";206;2013;0,05;1,24;0,43;0,32;0,04;0,08;0,1;0;0;4;9,99;0,45;0,11;0,12
"546";207;2015;0,08;2,44;0;0,1;0;0;0;0;0;7;9,66;1,07;0,71;0,17
"547";207;2014;0,04;2,34;0;0,13;0;0;0;0;0;7;9,7;0,97;0,37;0,08
"548";207;2013;0,02;1,45;0,66;0,67;0;0;0;0;0;7;9,74;0,91;0,19;0,04
"549";208;2015;0,11;3,57;0,03;0,02;0,02;0,01;0,1;0,05;0,05;2;10,17;8,57;0,19;3,65
"550";208;2014;0,08;3,12;0,02;0,03;0,03;0,01;0,1;0;0,05;2;10,19;5,33;0,15;0,15
"551";208;2013;0,1;2,26;0,11;0,14;0,06;0,05;0,1;0;0,05;2;10,28;0,21;0,2;0,16
"552";209;2014;0,08;1,6;0;0;0;0;0;0;0;3;10,92;7,72;0,08;0,43
"553";209;2015;0,07;0,91;0;0,01;0;0;0;0;0;3;10,92;1,21;0,05;0,01
"554";209;2013;0,11;0,97;0;0;0;0;0;0;0;3;10,88;1,11;0,1;0,46
"555";210;2013;0,02;1,43;0;0;0;0;0;0;0;1;10,05;2,59;0,08;0,09
"556";210;2015;0;1,36;0;0,08;0;0;0;0;0;1;10,16;1,21;0,02;0,01
"557";210;2014;0,01;1,45;0;0;0;0;0;0;0;1;10,11;1,18;0,06;0,06
"558";211;2015;0,05;2,31;0,01;0,03;0,1;0,12;0,1;0,05;0,05;2;10,95;3,54;0,04;0,2
"559";211;2014;0,05;2,2;0,09;0,11;0,09;0,1;0,1;0,05;0,05;2;10,96;2,69;0,04;0,17
"560";211;2013;0,05;2,19;0,79;0,42;0,11;0;0,1;0,05;0,05;2;10,95;2,15;0,04;0,16
"561";213;2014;0,06;0,76;0,08;0,04;0,02;0,06;0,1;0,05;0,05;1;10,18;1,83;0,02;0,32
"562";213;2013;0,06;0,84;0,28;0,25;0,25;0,43;0,1;0,05;0,05;1;10,18;1,43;0,02;0,33
"563";213;2015;0,06;0,63;0,1;0,06;0;0,06;0,1;0,05;0,05;1;10,17;1,43;0,02;0,35
"564";214;2015;0,05;1,24;0;0,01;0;0;0;0;0;6;9,92;0,33;0,04;0,13
"565";214;2013;0,07;2,06;0;0;0;0;0;0;0;6;9,87;0,33;0,05;0,16
"566";214;2014;0,06;1,94;0;0;0;0;0;0;0;6;9,91;0,32;0,04;0,14
"567";215;2013;0,05;0,24;0;0;0;0;0,1;0;0;4;10,9;0,55;0,15;0,11
"568";215;2015;0,06;0,14;0;0,03;0;0;0,1;0;0;4;10,88;0,52;0,2;0,12
"569";215;2014;0,07;0,16;0;0;0;0;0,1;0;0;4;10,89;0,49;0,19;0,14
"570";216;2013;0,14;3,33;0,15;0,16;0;0;0,1;0;0,05;1;9,82;-6,07;0,09;-0,98
"571";216;2015;0,11;4;0;0,06;0;0;0,1;0;0,05;1;9,9;-8,76;0,07;-2,54
"572";216;2014;0,16;3,47;0;0,04;0;0;0,1;0;0,05;1;9,85;-11,46;0,1;-1,77
"573";217;2015;0,03;1,24;0;0,04;0;0;0;0;0;5;10,15;1,21;0,05;0,09
"574";217;2013;0,09;1,44;0;0;0;0;0;0;0;5;9,84;1,16;0,1;0,22
"575";217;2014;0,07;1,51;0;0;0;0;0;0;0;5;9,86;0,95;0,09;0,19
"576";218;2014;0,05;0,82;0;0;0;0;0;0;0,05;6;10,14;0,75;0,05;0,11
"577";218;2015;-0,02;0,92;0;0,04;0;0;0;0;0,05;6;10,08;0,72;-0,03;-0,05
"578";218;2013;0,05;0,77;0;0;0;0;0;0;0;6;10,15;0,61;0,06;0,13
"579";220;2015;0,07;2,72;0,03;0,03;0,04;0,02;0,1;0,05;0,05;5;10,55;0,55;0,12;0,16
"580";220;2014;0,07;2,2;0,12;0,03;0;0;0,1;0,05;0,05;5;10,57;0,35;0,12;0,14
"581";220;2013;0,14;1,62;0,27;0,18;0,3;0,35;0;0,05;0,05;5;10,55;0,24;0,2;0,29
"582";221;2015;0,09;1,62;0,08;0,09;0,08;0,11;0,1;0,05;0,05;6;10,69;4,62;0,08;1,11
"583";221;2014;0,1;1,78;0,08;0,09;0,06;0,13;0,1;0,05;0,05;6;10,57;1,81;0,08;0,85
"584";221;2013;0,08;1,43;0,49;0,56;0,63;0,87;0,1;0,05;0,05;6;10,56;1,25;0,07;1,2
"585";222;2015;0;0,08;0,03;0,08;0,04;0,01;0,1;0;0;4;11,4;0,41;0,09;0,08
"586";222;2013;0,01;0,08;0;0;0;0;0;0;0;4;11,37;0,4;0,1;0,09
"587";222;2014;0,01;0,08;0,03;0,07;0;0;0,1;0;0;4;11,4;0,33;0,11;0,1
"588";223;2013;-0,07;1,6;0;0;0;0;0;0;0;3;9,99;36,6;-1,9;-1,47
"589";223;2015;-0,06;1,28;0;0,01;0;0;0;0;0;3;10,27;-18,4;-3,6;2,17
"590";223;2014;-0,05;1,94;0;0;0;0;0;0;0;3;10,1;-59,73;-2,04;3,55
"591";224;2015;0,09;2,35;0;0,01;0;0,02;0;0;0;1;10,53;1,38;0,05;0,33
"592";224;2014;0,08;1,92;0;0,01;0;0;0;0;0;1;10,53;1,01;0,05;0,23
"593";224;2013;0,07;1,78;0,12;0,13;0;0;0;0;0;1;10,53;0,8;0,04;0,17
"594";226;2015;-0,01;0,32;0;0,06;0;0;0;0;0,05;1;9,86;0,77;-0,03;-0,05
"595";226;2014;0;0,31;0;0;0;0;0;0;0,05;1;9,87;0,74;-0,02;-0,02
"596";227;2015;0;1,59;0,06;0,07;0,1;0;0;0,05;0,05;6;10,33;0,54;0,02;0,01
"597";227;2014;0,01;1,67;0,03;0,04;0,11;0;0;0,05;0,05;6;10,31;0,54;0,04;0,03
"598";227;2013;0,01;0,86;0,1;0,19;0,91;0,75;0;0,05;0,05;6;10,29;0,51;0,04;0,03
"599";228;2014;0,13;2,41;0,09;0,1;0,08;0,07;0,1;0,05;0,05;1;10,35;1,37;0,19;0,38
"600";228;2015;0,09;2,06;0,1;0,11;0,08;0,09;0,1;0,05;0,05;1;10,32;1,37;0,17;0,28
"601";228;2013;0,1;3,15;0,36;0,61;0,69;0,49;0,1;0,05;0,05;1;10,36;1,22;0,17;0,31
"602";229;2014;0,06;1,62;0,04;0,06;0,09;0,02;0,1;0,05;0;8;10,39;0,36;0,06;0,16
"603";229;2015;0,1;1,78;0,05;0,05;0,09;0,02;0,1;0,05;0;8;10,36;0,35;0,11;0,31
"604";229;2013;0,04;1,49;0,17;0,2;0,34;0,34;0,1;0,05;0;8;10,44;0,3;0,04;0,11
"605";230;2015;0,19;0,98;0;0,02;0;0;0,1;0;0;1;10,34;1,17;0,14;0,61
"606";230;2014;0,16;1,11;0;0;0;0;0,1;0;0;1;10,35;0,81;0,09;0,41
"607";230;2013;0,15;0,97;0;0;0;0;0;0;0;1;10,35;0,46;0,09;0,32
"608";231;2015;0,06;6,6;0;0,11;0;0;0;0,05;0;7;10,21;1,79;0,05;0,27
"609";231;2014;0,07;6,26;0,12;0,13;0;0;0;0,05;0;7;10,19;1,33;0,06;0,26
"610";231;2013;0,07;9,05;0,69;0,54;0;0;0;0,05;0;7;10,15;1,24;0,05;0,24
"611";232;2013;0,24;1,45;0,13;0,05;0;0;0;0;0;4;9,96;1,36;0,37;0,43
"612";232;2015;0,25;1,62;0,01;0,04;0;0,04;0;0;0,05;4;10,05;0,55;0,39;0,61
"613";232;2014;0,24;1,52;0,02;0,01;0;0,02;0;0;0,05;4;10,12;0,22;0,38;0,55
"614";233;2013;0,05;2,74;0,16;0,2;0,15;0;0;0,05;0,05;1;9,83;1,36;0,41;0,13
"615";233;2015;0,04;3,76;0,03;0,04;0,02;0;0,1;0;0,05;1;9,78;1,12;0,38;0,09
"616";233;2014;0,16;3,95;0,04;0,04;0,02;0;0,1;0;0,05;1;9,84;1,12;1,36;0,39
"617";234;2013;0,1;1,25;0,63;0,37;0,8;0,35;0,1;0;0,05;6;9,84;6,39;0,05;0,63
"618";234;2014;0,11;1,28;0,1;0,12;0,12;0,02;0,1;0;0,05;6;9,86;3,16;0,05;1,17
"619";234;2015;0,14;1,91;0;0,06;0;0;0,1;0;0,05;6;9,75;-25,24;0,06;0,9
"620";235;2013;0,04;2,39;0,36;0,26;0;0;0;0,05;0;1;9,81;6,39;0,03;0,65
"621";235;2014;0,12;1,56;0;0,01;0;0;0,1;0,05;0;1;9,83;3,16;0,1;0,16
"622";235;2015;0,06;1,48;0;0,03;0;0;0,1;0,05;0;1;9,82;0,68;0,05;0,13
"623";236;2014;0,08;3,03;0,02;0,11;0;0;0,1;0,05;0,05;1;10,54;0,71;0,08;0,17
"624";236;2015;0,06;3,28;0,13;0,13;0;0;0,1;0,05;0,05;1;10,58;0,68;0,06;0,14
"625";236;2013;0,14;2,96;0,39;0,22;0,4;0;0,1;0,05;0,05;1;10,56;0,49;0,14;0,3
"626";237;2014;0,13;1,94;0,06;0,04;0;0;0,1;0;0;7;9,67;3,4;0,18;0,48
"627";237;2013;0,13;2,06;0,26;0,23;0;0;0,1;0;0;7;9,6;1,17;0,17;0,32
"628";237;2015;0,16;1,94;0;0,03;0;0;0,1;0;0;7;9,74;0,89;0,2;0,38
"629";238;2014;0,07;0,96;0;0,12;0;0;0;0;0;5;10,74;1,13;0,17;0,17
"630";238;2013;0,09;1,05;0;0;0;0;0;0;0;5;10,56;0,59;0,18;0,17
"631";238;2015;0,04;0,89;0,1;0,15;0;0;0;0;0;5;10,74;0,5;0,1;0,08
"632";239;2014;0,03;4,42;0;0;0;0;0;0;0;4;9,67;0,99;0,01;0,19
"633";239;2015;0,04;4,12;0;0,02;0;0;0;0;0;4;9,71;0,87;0,01;0,23
"634";239;2013;0,03;3,88;0;0;0;0;0;0;0;4;9,64;0,56;0,01;0,15
"635";240;2013;0,2;1,05;0,81;0,47;0,57;0;0;0,05;0,05;2;10,86;6,24;0,27;0,12
"636";240;2015;0,19;1,39;0,09;0,1;0,11;0;0,1;0,05;0,05;2;10,8;0,52;0,27;0,27
"637";240;2014;0,21;1,15;0,08;0,09;0,09;0;0,1;0,05;0,05;2;10,82;0,5;0,3;0,07
"638";241;2013;0;0,07;0,59;0,92;0,96;0,82;0;0,05;0,05;4;11,95;0,35;0,05;0,05
"639";241;2015;0,01;0,07;0,09;0,12;0,1;0,1;0,1;0,05;0,05;4;11,94;0,31;0,07;0,07
"640";241;2014;0,01;0,08;0,09;0,12;0,09;0,09;0,1;0,05;0,05;4;11,96;0,27;0,08;0,09
"641";243;2013;-0,01;0,94;0,61;0,44;0,44;0,43;0;0,05;0;1;10,42;3,18;-0,02;-0,04
"642";243;2014;-0,01;0,89;0,06;0,08;0,06;0,06;0,1;0,05;0,05;1;10,43;3,16;-0,01;-0,03
"643";243;2015;-0,02;0,99;0,08;0,09;0,04;0,06;0,1;0,05;0,05;1;10,4;2,42;-0,05;-0,08
"644";244;2013;0,04;1,32;0,09;0,05;0,07;0,09;0;0;0,05;1;9,93;0,48;0,05;0,08
"645";244;2014;0,06;1,41;0;0,02;0,01;0,01;0;0;0,05;1;9,92;0,32;0,07;0,12
"646";244;2015;0,06;1,53;0;0,02;0,01;0,02;0;0,05;0,05;1;10;0,25;0,08;0,13
"647";246;2015;0,09;2,65;0,15;0,1;0,11;0,07;0,1;0,05;0;2;9,65;0,63;0,09;0,24
"648";246;2014;0,1;2,33;0,12;0,11;0,13;0,06;0,1;0,05;0;2;9,64;0,57;0,1;0,23
"649";246;2013;0,09;2,19;0,86;0,77;0,79;0,41;0,1;0,05;0;2;9,65;0,53;0,09;0,22
"650";247;2013;0,02;0,28;0;0,1;0;0;0;0;0,05;4;10,38;0,34;0,07;0,05
"651";247;2014;0,01;0,28;0;0,02;0;0;0;0,05;0,05;4;10,4;0,3;0,06;0,04
"652";247;2015;0,02;0,36;0;0,03;0;0;0;0,05;0,05;4;10,4;0,29;0,11;0,08
"653";248;2015;0,09;1,76;0,01;0,02;0;0;0,1;0,05;0,05;4;10,26;0,68;0,12;0,24
"654";248;2014;0,08;1,82;0;0,02;0;0;0,1;0,05;0,05;4;10,25;0,48;0,11;0,19
"655";248;2013;0,08;1,57;0,08;0,17;0;0;0;0,05;0,05;4;10,23;0,33;0,11;0,19
"656";249;2015;0,15;2,94;0,06;0,04;0,05;0,03;0,1;0,05;0,05;6;10,51;0,75;0,16;0,38
"657";249;2014;0,15;3,56;0,03;0,03;0,03;0,02;0,1;0,05;0,05;6;10,5;0,52;0,16;0,31
"658";249;2013;0,14;2,75;0,15;0,16;0,1;0,95;0;0,05;0,05;6;10,53;0,25;0,15;0,26
"659";251;2014;0,15;3,25;0,08;0,12;0,05;0,12;0;0,05;0,05;2;10,54;4,55;0,21;1,42
"660";251;2015;0,16;4,1;0,12;0,13;0,03;0,1;0;0,05;0,05;2;10,51;4,5;0,21;1,78
"661";251;2013;0,13;2,61;0,63;0,72;0,73;0,61;0;0,05;0,05;2;10,54;3,4;0,19;1,24
"662";252;2015;0,08;2,24;0,12;0,09;0,13;0,13;0,1;0,05;0,05;8;10,33;2,23;0,13;0,27
"663";252;2014;0,11;2,62;0,09;0,06;0,09;0,11;0,1;0,05;0,05;8;10,37;1,02;0,17;0,24
"664";252;2013;0,11;2,36;0,61;0,59;0,39;0,8;0,1;0,05;0;8;10,38;0,24;0,17;0,19
"665";253;2015;0,06;0,66;0,03;0,05;0,02;0;0,1;0,05;0,05;8;10,24;0,4;0,11;0,1
"666";253;2014;0,06;0,93;0,02;0,05;0,02;0,01;0,1;0,05;0,05;8;10,26;0,35;0,11;0,09
"667";253;2013;0,06;0,81;0,85;0,5;0,33;0,18;0,1;0,05;0,05;8;10,29;0,27;0,12;0,09
"668";254;2014;0,11;0,94;0,05;0,07;0;0,08;0,1;0;0;3;10,48;1,24;0,22;0,38
"669";254;2015;0,07;0,84;0,05;0,08;0;0,09;0,1;0;0;3;10,63;0,9;0,11;0,14
"670";254;2013;0,09;0,98;0,33;0,24;0;0,15;0,1;0;0;3;10,45;0,67;0,13;0,36
"671";255;2014;0,09;1,69;0,02;0,04;0,06;0,1;0,1;0,05;0,05;5;10,99;0,9;0,04;0,23
"672";255;2013;0,08;1,41;0,24;0,28;0,2;0,2;0;0,05;0,05;5;11,02;0,61;0,03;0,24
"673";255;2015;0,13;1,58;0,04;0,04;0,05;0,09;0,1;0,05;0,05;5;11,01;0,29;0,04;0,32
"674";256;2015;0,04;0,46;0,03;0,05;0;0;0,1;0,05;0;3;10,51;0,59;0,11;0,1
"675";256;2013;0,04;0,91;0,24;0,43;0;0;0,1;0,05;0;3;10,55;0,5;0,1;0,09
"676";256;2014;0,12;0,67;0,03;0,06;0;0;0,1;0,05;0;3;10,56;0,44;0,28;0,25
"677";257;2015;-0,06;0,41;0;0,07;0;0;0,1;0,05;0,05;4;11,9;0,39;0,16;-0,11
"678";257;2013;0,05;0,28;0,17;0,35;0;0,84;0;0,05;0,05;4;11,92;0,33;0,12;0,09
"679";257;2014;0,08;0,42;0,04;0,04;0;0,12;0,1;0,05;0,05;4;11,9;0,25;0,27;0,15
"680";258;2015;0;2,19;0,02;0,14;0,08;0,1;0,1;0,05;0,05;7;11,26;2,8;0,13;0
"681";258;2013;0;1,68;0,35;0,42;0,57;0,82;0,1;0,05;0,05;7;11,19;2,35;0,09;0,05
"682";258;2014;0,01;1,89;0,05;0,03;0,06;0,08;0,1;0,05;0,05;7;11,24;2,27;0,16;0,08
"683";259;2014;0,06;1,3;0,01;0,02;0;0,01;0,1;0,05;0,05;7;10,02;0,53;0,13;0,14
"684";259;2013;0,12;1,34;0,59;0,54;0,66;0,67;0;0;0,05;7;10,07;0,2;0,22;0,23
"685";259;2015;0,13;1,66;0,04;0,02;0,01;0,03;0,1;0,05;0,05;7;9,92;0,16;0,21;0,22
"686";260;2014;0,01;0,16;0;0,01;0;0;0,1;0,05;0;4;10,99;0,81;0,22;0,09
"687";260;2015;0,01;0,16;0;0,03;0;0;0,1;0,05;0;4;11,09;0,71;0,21;0,08
"688";260;2013;0,01;0,16;0,15;0,12;0;0;0,1;0,05;0;4;10,93;0,49;0,23;0,11
"689";261;2015;0,09;0,73;0;0,03;0;0;0;0;0,05;7;10,39;0,51;0,14;0,17
"690";261;2013;0,11;1,1;0,17;0,13;0;0;0;0;0,05;7;10,3;0,46;0,16;0,22
"691";261;2014;0,17;1,69;0;0,02;0;0;0;0;0,05;7;10,35;0,39;0,22;0,35
"692";262;2015;0,05;2,49;0,06;0,07;0,05;0,07;0;0;0,05;7;9,63;0,44;0,09;0,09
"693";262;2014;0,09;2,01;0,06;0,06;0,06;0,06;0;0;0,05;7;9,64;0,41;0,14;0,14
"694";262;2013;0,12;1,71;0,39;0,42;0,45;0,53;0;0;0;7;9,6;0,2;0,19;0,18
"695";263;2013;0,05;1,45;0;0;0;0;0;0;0;5;10,18;2,58;0,09;0,21
"696";263;2014;0,06;1,63;0;0;0;0;0;0;0;5;10,2;1,76;0,12;0,28
"697";263;2015;0,04;1,37;0;0,06;0;0;0;0;0;5;10,35;0,64;0,09;0,09
"698";264;2015;-0,1;0,89;0;0,07;0;0;0;0,05;0;3;10,38;0,77;-0,78;-0,22
"699";264;2014;0,06;1,01;0,05;0,06;0,06;0;0;0,05;0;3;10,35;0,59;0,24;0,12
"700";264;2013;0,05;1,47;0,65;0,3;0,5;0;0;0,05;0;3;10,29;0,5;0,2;0,11
"701";265;2014;0,02;0,99;0,01;0,05;0,03;0;0,1;0,05;0;11;10,87;0,63;0,07;0,05
"702";265;2013;-0,09;0,93;0,1;0,18;0,14;0;0,1;0;0;11;10,84;0,61;0,13;-0,21
"703";265;2015;0,01;0,94;0,04;0,06;0,02;0;0,1;0,05;0;11;10,92;0,54;0,03;0,02
"704";266;2015;0,01;0,47;0,04;0,06;0,02;0,02;0,1;0,05;0,05;8;10,4;1,07;0,02;0,06
"705";266;2014;0,04;0,51;0,04;0,05;0,01;0,01;0,1;0,05;0,05;8;10,4;0,48;0,05;0,16
"706";266;2013;0,02;0,62;0,12;0,13;0,05;0,03;0,1;0,05;0,05;8;10,39;0,37;0,03;0,1
"707";267;2015;0,17;4,84;0;0,1;0;0;0;0;0,05;1;10,01;0,15;0,12;0,28
"708";267;2013;0,17;3,98;0;0;0;0;0;0;0;1;9,73;0,11;0,11;0,26
"709";267;2014;0,16;2,88;0;0;0;0;0;0;0,05;1;9,85;0,09;0,1;0,27
"710";268;2015;0,04;4,59;0,12;0,11;0,14;0,12;0,1;0,05;0,05;1;10,35;1,59;0,09;0,12
"711";268;2014;0,02;4,06;0,02;0,03;0,11;0,12;0,1;0,05;0,05;1;10,28;1,28;0,06;0,07
"712";268;2013;0,05;3,46;0,89;0,62;0,92;0,8;0,1;0,05;0,05;1;10,25;1,13;0,13;0,13
"713";270;2015;0;-0,72;0;0;0;0;0;0;0;4;10,88;0,26;0,59;0,03
"714";270;2014;-0,01;-0,82;0;0;0;0;0;0;0;4;10,95;0,1;0;-0,08
"715";270;2013;0,03;-0,78;0;0;0;0;0;0;0;4;13,91;0,07;0,92;0,28
"716";271;2015;-0,03;1,63;0;0,03;0;0;0,1;0,05;0,05;6;10,39;0,24;0,08;-0,04
"717";271;2014;0,07;1,26;0,1;0,06;0;0;0,1;0,05;0,05;6;10,42;0,15;0,12;0,12
"718";271;2013;0,07;1,03;0,35;0,36;0;0,51;0,1;0,05;0,05;6;10,42;0,14;0,1;0,11
"719";272;2013;0,06;0,79;0;0;0;0;0,1;0;0;3;10,54;0,79;0,17;0,18
"720";272;2015;0,05;0,35;0;0,08;0;0;0,1;0;0;3;10,43;0,77;0,15;0,13
"721";272;2014;0,06;0,65;0;0;0;0;0,1;0;0;3;10,53;0,72;0,17;0,16
"722";273;2014;-0,14;6,84;0;0;0;0;0;0;0;7;9,15;1,05;-0,26;-0,44
"723";273;2015;-0,12;7,77;0;0,03;0;0;0;0;0;7;9,26;0,84;-0,2;-0,4
"724";274;2013;0,01;1,13;0,29;0,46;0;0;0;0,05;0,05;6;10,51;0,79;0,18;0,09
"725";274;2015;0,01;1,01;0,01;0,05;0;0,08;0,1;0,05;0,05;6;10,53;0,77;0,2;0,11
"726";274;2014;0,01;1,26;0,05;0,05;0;0,11;0,1;0,05;0,05;6;10,52;0,72;0,19;0,1
"727";275;2013;0,03;-0,13;0,21;0,37;0,28;0;0;0;0,05;4;11,01;0,57;0,03;0,06
"728";276;2013;0,08;1,11;0;0;0;0;0;0;0;8;10,18;0,57;0,11;0,1
"729";276;2014;0,08;1;0;0;0;0;0;0;0;8;10,19;0,33;0,13;0,14
"730";276;2015;0,08;0,89;0;0,05;0;0;0;0;0;8;10,15;0,32;0,12;0,14
"731";277;2015;0,05;1,63;0,12;0,11;0,1;0,12;0,1;0,05;0,05;7;9,86;1,47;0,06;0,2
"732";277;2014;0,06;1,1;0,12;0,11;0,11;0,09;0,1;0;0,05;7;9,84;1,13;0,07;0,19
"733";277;2013;0,08;1;0,81;0,74;0,94;0,48;0;0;0,05;7;9,76;0,8;0,08;0,23
"734";278;2015;0,05;1,92;0,08;0,04;0,1;0,08;0;0,05;0,05;1;9,86;1,33;0,09;0,15
"735";278;2014;0,18;1,82;0,05;0,03;0,13;0,1;0;0,05;0,05;1;9,82;0,95;0,29;0,53
"736";278;2013;0,09;1,65;0,2;0,13;0;0,28;0;0,05;0;1;9,78;0,94;0,2;0,24
"737";279;2014;0,03;1,47;0;0;0;0;0;0;0;4;10,04;0,95;0,24;0,04
"738";279;2013;0,03;1,27;0;0;0;0;0;0;0;4;10;0,87;0,26;0,04
"739";279;2015;0,02;1,54;0;0,09;0;0;0;0;0;4;10,07;0,79;0,25;0,05
"740";280;2015;0,02;0,92;0;0,11;0;0;0,1;0;0;3;10,19;27,17;0,03;0,55
"741";280;2014;0,02;1,22;0;0,12;0;0;0,1;0;0;3;10,18;12,15;0,03;0,51
"742";280;2013;0,02;1,09;0;0,52;0;0;0;0;0;3;10,25;3,85;0,02;0,12
"743";281;2014;0,05;1,15;0,12;0,07;0;0;0,1;0,05;0;1;10,33;1,6;0,07;0,34
"744";281;2015;0,05;1,08;0;0,07;0;0;0,1;0,05;0;1;10,34;1,45;0,07;0,44
"745";281;2013;0,05;1,08;0,55;0,44;0;0;0;0;0;1;10,34;1,13;0,07;0,3
"746";282;2015;0,09;1,49;0,08;0,06;0,1;0,14;0,1;0,05;0,05;7;11,03;0,87;0,25;0,19
"747";282;2014;0,12;1,82;0;0,07;0;0;0,1;0,05;0;7;10,99;0,68;0,28;0,23
"748";282;2013;0,13;1,77;0,51;0,55;0;0;0,1;0,05;0;7;10,93;0,52;0,29;0,25
"749";283;2013;0,11;2,41;0;0;0;0;0;0;0;1;9,78;0,71;0,1;0,33
"750";283;2015;0,14;3,92;0;0,06;0;0;0;0;0;1;9,82;0,71;0,12;0,46
"751";283;2014;0,12;3,17;0;0;0;0;0;0;0;1;9,82;0,69;0,11;0,38
"752";284;2015;-0,16;1,29;0;0,03;0;0;0,1;0,05;0,05;3;10,64;0,28;0,28;-0,26
"753";284;2014;0,01;1,13;0,02;0,03;0,01;0,07;0,1;0,05;0,05;3;10,75;0,2;0,03;0,02
"754";284;2013;0,09;1,1;0,1;0,15;0,74;0,48;0,1;0,05;0,05;3;10,84;0,16;0,24;0,14
"755";285;2015;0,01;0,9;0;0;0;0;0;0;0;3;10,35;1,32;0,01;0,04
"756";285;2014;0,04;1,29;0;0;0;0;0;0;0;3;10,35;1,08;0,02;0,11
"757";285;2013;0,05;1,27;0;0;0;0;0;0;0;3;10,31;0,88;0,02;0,14
"758";287;2014;0,07;1,02;0;0,08;0;0;0,1;0;0,05;6;10,31;0,83;0,07;0,19
"759";287;2015;0,08;0,67;0;0,08;0;0;0,1;0;0,05;6;10,32;0,83;0,08;0,23
"760";287;2013;0,06;0,88;0;0;0;0;0;0;0;6;10,32;0,02;0,07;0,19
"761";288;2015;0,01;0,67;0,14;0,11;0,06;0,1;0,1;0,05;0,05;11;10,8;0,97;0,05;0,05
"762";288;2014;0,03;0,66;0,08;0,11;0,03;0,1;0,1;0,05;0,05;11;10,78;0,96;0,08;0,09
"763";288;2013;0,02;0,59;0,68;0,44;0,04;0,26;0,1;0,05;0,05;11;10,75;0,89;0,05;0,06
"764";290;2014;0,04;0,81;0;0;0;0;0,1;0;0,05;11;10,55;0,68;0,14;0,13
"765";290;2013;0,04;0,72;0;0,36;0;0;0,1;0;0,05;11;10,51;0,68;0,12;0,11
"766";290;2015;0,05;0,76;0;0,04;0;0;0,1;0;0,05;11;10,57;0,68;0,16;0,13
"767";291;2015;0,08;2,42;0,03;0,03;0,08;0,07;0,1;0,05;0,05;2;10,84;2,42;0,09;0,37
"768";291;2014;0,08;2,3;0,02;0,04;0,08;0,08;0,1;0,05;0,05;2;10,85;1,92;0,1;0,3
"769";291;2013;0,09;1,9;0,29;0,32;0,36;0,13;0,1;0,05;0,05;2;10,89;1;0,1;0,29
"770";292;2015;0,04;1,28;0,09;0,06;0,09;0,04;0,1;0,05;0,05;5;11,22;0,45;0,14;0,1
"771";292;2014;0,05;1,16;0,04;0,06;0,03;0,04;0,1;0,05;0,05;5;11,23;0,44;0,18;0,12
"772";292;2013;0,12;1,13;0,4;0,34;0,28;0,25;0,1;0,05;0,05;5;11,24;0,4;0,43;0,28
"773";293;2015;0,01;0,06;0,02;0,03;0,02;0,03;0,1;0,05;0,05;4;11,34;0,35;0,1;0,12
"774";293;2013;0;0,07;0,08;0,18;0;0;0,1;0,05;0,05;4;11,32;0,27;0,09;0,09
"775";293;2014;0,01;0,07;0,02;0,03;0,01;0,04;0,1;0,05;0,05;4;11,34;0,25;0,11;0,11
"776";294;2013;0,08;1,73;0,11;0,24;0,09;0,45;0,1;0,05;0;2;11,16;0,32;0,13;0,16
"777";294;2015;0,07;1,77;0,04;0,05;0,05;0;0,1;0,05;0;2;11,11;0,29;0,12;0,14
"778";294;2014;0,07;1,95;0,04;0,07;0,04;0,11;0,1;0,05;0;2;11,13;0,29;0,12;0,14
"779";295;2015;0,04;0,58;0;0,03;0;0;0;0;0;4;10,47;0,37;0,05;0,14
"780";295;2014;0,04;0,56;0;0;0;0;0;0;0;4;10,41;0,31;0,06;0,17
"781";295;2013;0,05;0,6;0,32;0;0;0;0;0;0;4;10,39;0,3;0,07;0,19
"782";296;2014;0,07;1,41;0,08;0,06;0;0;0;0,05;0;6;10,1;0,57;0,07;0,17
"783";296;2013;0,08;1,42;0,55;0,27;0;0;0;0,05;0;6;10,11;0,47;0,08;0,17
"784";296;2015;0,09;1,11;0;0,06;0;0;0;0,05;0;6;10,07;0,28;0,08;0,2
"785";297;2015;0,03;1,1;0,12;0,12;0,03;0,05;0,1;0,05;0,05;4;10,17;0,8;0,39;0,06
"786";297;2014;0,02;1,23;0,13;0,14;0,04;0,07;0,1;0,05;0,05;4;10,17;0,68;0,35;0,05
"787";297;2013;0,01;1,12;0,94;0,97;0;0;0,1;0,05;0,05;4;10,17;0,66;0,18;0,02
"788";298;2015;0,21;4,74;0,1;0,1;0,11;0,09;0,1;0,05;0,05;2;10,53;-2,15;0,09;-0,52
"789";298;2014;0,21;4,34;0,11;0,09;0,13;0,08;0,1;0;0,05;2;10,55;-2,23;0,09;-0,77
"790";298;2013;0,23;4,26;0,76;0,81;0,93;0,64;0,1;0;0,05;2;10,58;-3,56;0,11;-1,51
"791";299;2015;0,01;0,21;0,01;0,03;0,02;0,04;0,1;0;0,05;4;11,55;1,18;0,25;0,09
"792";299;2014;0,01;0,2;0,02;0,03;0,02;0,06;0,1;0;0,05;4;11,54;1,08;0,26;0,09
"793";299;2013;0,01;0,22;0,07;0,14;0,08;0;0,1;0;0,05;4;11,51;0,87;0,25;0,1
"794";300;2015;0,08;1,66;0,11;0,1;0,14;0,05;0,1;0,05;0;8;10,23;0,86;0,09;0,28
"795";300;2014;0,12;1,91;0;0,11;0;0;0,1;0,05;0;8;10,25;0,75;0,14;0,36
"796";300;2013;0,2;1,68;0,32;0,33;0,19;0,35;0;0,05;0;8;10,2;0,68;0,21;0,65
"797";301;2014;0,02;0,84;0;0;0;0,11;0;0;0;11;10,69;1,87;0,09;0,06
"798";301;2015;0,04;1,09;0;0,03;0;0,11;0;0;0;11;10,59;1,79;0,12;0,14
"799";301;2013;0,04;0,82;0;0;0;0;0;0;0;11;10,67;1,38;0,15;0,13
"800";302;2013;0;0,08;0,83;0,64;0,67;0;0;0,05;0;4;11,86;0,76;-0,02;-0,02
"801";302;2015;0,01;0,08;0,11;0,07;0,06;0,08;0,1;0,05;0;4;11,88;0,68;0,1;0,13
"802";302;2014;0;0,09;0,06;0,06;0,05;0,08;0,1;0,05;0;4;11,88;0,47;0,02;0,03
"803";303;2015;0,09;0,98;0;0,09;0;0;0;0;0,05;3;10,69;0,38;0,04;0,19
"804";303;2014;0,1;0,85;0;0;0;0;0;0;0,05;3;10,69;0,36;0,03;0,22
"805";303;2013;0,07;0,91;0;0;0;0;0;0;0,05;3;10,7;0,28;0,02;0,17
"806";304;2015;0,08;2,05;0,04;0,02;0,08;0,13;0,1;0,05;0,05;8;10,26;2,04;0,14;0,33
"807";304;2014;0,08;2,32;0,04;0,02;0,07;0,11;0,1;0,05;0,05;8;10,3;1,54;0,14;0,26
"808";304;2013;0,09;2,27;0,27;0,21;0,55;0,87;0,1;0,05;0,05;8;10,31;1,21;0,15;0,28
"809";305;2013;-0,06;2,31;0;0;0;0;0;0;0;3;10,09;0,4;-0,24;-0,12
"810";305;2015;-0,02;1,33;0;0,02;0;0;0;0;0;3;10,18;0,38;-0,06;-0,03
"811";305;2014;0,07;1,6;0;0;0;0;0;0;0;3;10,17;0,31;0,18;0,13
"812";306;2015;0,1;1,41;0,13;0;0,13;0,05;0;0,05;0,05;7;10,7;0,33;0,2;0,14
"813";306;2013;0,15;2,38;0,65;0,74;0,91;0,86;0;0,05;0,05;7;10,67;0;0,27;0,18
"814";306;2014;0,17;2,2;0,12;0,12;0,15;0,06;0;0,05;0,05;7;10,69;0;0,3;0,21
"815";308;2014;0,03;1,39;0,02;0,01;0,1;0,08;0,1;0,05;0,05;1;10,32;0,96;0,08;0,08
"816";308;2013;0,04;1,01;0,18;0,06;0,62;0,72;0,1;0,05;0,05;1;10,3;0,92;0,09;0,09
"817";308;2015;0;1,6;0,02;0,01;0,09;0,09;0,1;0,05;0,05;1;10,32;0,84;0;0,08
"818";309;2013;0,17;8,9;0;0;0;0;0;0;0;5;9,47;0,26;0,2;0,26
"819";309;2014;0,1;10,62;0;0;0;0;0;0;0;5;9,59;0,18;0,12;0,14
"820";309;2015;0,13;8,97;0;0,08;0;0;0;0;0;5;9,75;0,1;0,16;0,19
"821";310;2015;0,01;0,13;0;0,01;0;0;0;0;0;4;11,1;0,52;0,19;0,06
"822";310;2013;0,01;0,11;0;0;0;0;0;0;0;4;11,07;0,32;0,21;0,07
"823";310;2014;0,01;0,12;0;0;0;0;0;0;0;4;11,08;0,21;0,22;0,07
"824";311;2014;0,06;3,26;0;0;0;0;0;0;0;7;9,55;0,58;0,1;0,12
"825";311;2015;0,05;3,88;0;0,05;0;0;0;0;0;7;9,59;0,54;0,1;0,15
"826";311;2013;0,06;2,96;0;0;0;0;0;0;0;7;9,46;0,03;0,12;0,12
"827";312;2015;0,08;1,22;0;0,04;0;0;0;0;0;1;9,8;0,23;0,06;0,13
"828";312;2014;0,12;2,24;0;0,07;0;0;0;0;0;1;9,8;0,21;0,1;0,18
"829";312;2013;0,13;2,27;0;0;0;0;0;0;0;1;9,78;0,14;0,1;0,19
"830";313;2015;0,13;1,93;0,12;0,1;0,12;0,11;0,1;0,05;0,05;6;9,81;0,74;0,13;0,33
"831";313;2014;0,14;2,23;0;0,08;0,12;0,09;0,1;0,05;0,05;6;9,79;0,58;0,14;0,31
"832";313;2013;0,14;2,55;0,7;0,48;0,89;0,84;0,1;0,05;0,05;6;9,77;0,43;0,12;0,35
"833";314;2013;0,07;1,82;0;0;0;0;0;0;0;6;9,91;0,62;0,19;0,14
"834";314;2015;0,08;2,12;0;0,07;0;0;0;0;0;6;10,01;0,46;0,18;0,14
"835";314;2014;0,08;2,02;0;0;0;0;0;0;0;6;9,92;0,41;0,16;0,14
"836";315;2014;0,21;3,6;0;0;0;0;0;0;0;1;9,67;0,18;0,08;0,42
"837";315;2015;0,21;4,15;0;0,01;0;0;0;0;0;1;9,69;0,17;0,09;0,43
"838";315;2013;0,22;4,14;0;0;0;0;0;0;0;1;9,6;0,08;0,08;0,46
"839";316;2015;0,04;1,14;0;0,01;0;0;0,1;0;0,05;6;10,31;0,97;0,07;0,1
"840";316;2014;0,03;1,08;0;0,01;0;0;0,1;0;0,05;6;10,3;0,91;0,05;0,07
"841";316;2013;0,03;0,97;0;0;0;0;0;0;0;6;10,3;0,89;0,06;0,08
"842";317;2014;0,08;1,23;0,09;0,09;0,08;0,07;0,1;0,05;0,05;6;10,45;0,56;0,1;0,2
"843";317;2015;0,07;1,33;0,08;0,09;0,09;0,14;0,1;0,05;0,05;6;10,47;0,53;0,09;0,21
"844";317;2013;0,08;0,95;0,51;0,58;0,65;0,83;0;0,05;0,05;6;10,41;0,43;0,08;0,22
"845";319;2013;-0,01;2,56;0;0;0;0;0;0;0;10;9,83;15,12;-0,04;-0,12
"846";320;2014;0;2,82;0;0;0;0;0;0;0;10;9,89;-4,95;-0,02;2,64
"847";320;2015;-0,02;2,96;0;0;0;0;0;0;0;10;9,87;-11,9;-0,11;0,14
"848";321;2013;0,01;5,9;0,51;0,52;0;0;0;0;0,05;1;10,01;0,42;0,01;0,02
"849";321;2014;0,23;5,07;0,1;0,08;0;0;0,1;0,05;0,05;1;10,09;0,35;0,15;0,48
"850";321;2015;0,2;7,17;0,08;0,09;0,1;0,02;0,1;0,05;0,05;1;10,11;0,33;0,12;0,42
"851";322;2015;0,01;0,3;0,03;0,06;0,03;0;0;0;0;4;11,26;0,24;0,21;0,12
"852";322;2013;0,01;0,36;0,24;0,15;0;0;0;0;0;4;11,16;0,2;0,19;0,11
"853";322;2014;0,01;0,34;0,06;0,02;0,01;0;0;0;0;4;11,19;0,17;0,21;0,12
"854";324;2015;0,18;4,39;0;0,11;0;0;0,1;0,05;0;8;9,76;2,21;0,09;1,13
"855";324;2014;0,14;4,59;0,11;0,12;0;0;0,1;0,05;0;8;9,76;1,13;0,08;0,63
"856";324;2013;0,12;2,96;0,68;0,78;0,75;0;0,1;0,05;0;8;9,8;0,65;0,07;0,42
"857";325;2014;0,06;2,99;0;0;0;0;0;0;0;1;9,92;3,43;0,12;0,24
"858";325;2013;0,04;2,9;0;0;0;0;0;0;0;1;9,95;1,13;0,1;0,11
"859";325;2015;0,06;3,52;0;0,06;0;0;0;0;0;1;9,91;-32,72;0,11;0,89
"860";326;2015;0,03;1,12;0;0,07;0;0;0,1;0;0,05;2;10,22;0,76;0,06;0,06
"861";326;2014;0,06;1,26;0;0,06;0;0;0,1;0;0,05;2;9,97;0,37;0,1;0,11
"862";326;2013;0,06;1,38;0,44;0,38;0,51;0;0,1;0;0,05;2;9,97;0,36;0,1;0,11
"863";327;2015;0,03;1,31;0,06;0,06;0,12;0,08;0,1;0;0,05;3;10,83;0,41;0,06;0,06
"864";327;2014;0,08;1,63;0,04;0,07;0,12;0,12;0,1;0;0,05;3;10,83;0,28;0,11;0,14
"865";327;2013;0,1;1,72;0,62;0,76;0,88;0,21;0;0;0;3;10,83;0,26;0,15;0,18
"866";328;2015;0,02;1,06;0,07;0,06;0,09;0,14;0;0;0,05;4;10,3;1,49;0,16;0,04
"867";328;2014;0,03;1,11;0;0,02;0;0;0;0;0;4;10,23;1,26;0,33;0,08
"868";328;2013;0,01;1,03;0,17;0,38;0,67;0,6;0;0;0;4;10,17;1,11;0,07;0,02
"869";330;2015;0,03;0,89;0;0,02;0,03;0,01;0,1;0;0;11;10,89;1,2;0,14;0,12
"870";330;2013;0,03;0,89;0;0,09;0,11;0;0,1;0;0;11;10,81;1,12;0,1;0,09
"871";330;2014;0,03;0,97;0;0,02;0,04;0;0,1;0;0;11;9,86;1,04;0,11;0,1
"872";331;2015;0,06;2,69;0;0,07;0;0;0,1;0,05;0,05;4;10,49;5,01;0,28;0,39
"873";331;2014;0,05;2,59;0,03;0,07;0;0;0,1;0,05;0,05;4;10,47;4,09;0,31;0,26
"874";331;2013;0,04;2,05;0,54;0,44;0;0;0;0;0,05;4;10,52;3,88;0,31;0,23
"875";332;2015;0,05;1,85;0;0;0;0;0;0;0;6;9,85;1,12;0,09;0,11
"876";332;2014;0,08;2,87;0;0;0;0;0;0;0;6;9,64;0,81;0,13;0,18
"877";332;2013;0,08;2,85;0;0;0;0;0;0;0;6;9,59;0,73;0,15;0,19
"878";333;2015;0,03;0,93;0;0,1;0,12;0;0,1;0,05;0,05;11;10,61;1,11;0,13;0,12
"879";333;2014;0,03;1,02;0;0,09;0,09;0;0,1;0,05;0,05;11;10,6;1,07;0,11;0,1
"880";333;2013;0,03;0,9;0,31;0,59;0,48;0;0;0,05;0,05;11;10,57;1,02;0,09;0,09
"881";334;2014;0,01;0,18;0;0;0;0;0;0;0;4;11,28;0,6;0,21;0,08
"882";334;2013;0,01;0,19;0;0;0;0;0;0;0;4;11,24;0,52;0,16;0,06
"883";334;2015;0,01;0,15;0;0,03;0;0;0;0;0;4;11,28;0,38;0,23;0,08
"884";335;2013;0,07;0,19;0,33;0,35;0,5;0;0;0;0;5;10,01;0,83;0,13;0,18
"885";335;2015;0,1;0,15;0,09;0,07;0,11;0;0;0;0;5;10,05;0,82;0,18;0,25
"886";335;2014;0,09;0,18;0,12;0,07;0,08;0;0;0;0;5;10,01;0,75;0,16;0,22
"887";336;2015;0,01;-0,09;0;0,04;0,01;0,02;0;0,05;0,05;4;11,39;0,63;0,18;0,1
"888";336;2014;0,01;-0,18;0,01;0,03;0,01;0;0;0,05;0,05;4;11,44;0,51;0,19;0,1
"889";336;2013;0,01;-0,1;0,13;0,41;0,17;0,27;0;0,05;0,05;4;11,39;0,49;0,21;0,11
"890";337;2013;0,16;1,34;0,39;0,59;0,04;0,5;0,1;0;0,05;2;10,16;1,44;0,39;0,49
"891";337;2014;0,05;1,6;0,08;0,12;0,01;0,05;0;0;0,05;2;10,18;1,26;0,12;0,15
"892";337;2015;0,07;2,04;0,13;0,12;0,02;0,02;0;0;0,05;2;10,21;1;0,14;0,16
"893";338;2015;0,05;1,25;0;0,07;0;0;0,1;0;0,05;6;10,2;0,68;0,07;0,13
"894";338;2013;0,03;0,94;0,43;0,47;0,47;0,7;0;0;0,05;6;10,22;0,56;0,04;0,07
"895";338;2014;0,04;1,12;0,09;0,09;0,13;0,12;0,1;0;0,05;6;10,22;0,55;0,06;0,1
"896";339;2015;0,09;2,06;0;0,08;0;0;0,1;0;0;5;10,21;0,38;0,14;0,17
"897";339;2014;0,03;2,01;0;0,1;0;0;0,1;0;0;5;10,25;0,38;0,05;0,06
"898";339;2013;0,07;1,62;0,54;0,47;0;0;0;0;0;5;10,2;0,3;0,11;0,12
"899";340;2013;0,06;1,31;0,12;0,34;0,29;0,54;0;0;0,05;7;10,12;0,36;0,13;0,16
"900";340;2014;0,07;1,41;0,01;0,02;0,03;0,01;0,1;0;0,05;7;10,11;0,3;0,15;0,17
"901";340;2015;0,05;1,05;0,01;0,02;0;0,1;0;0;0,05;7;10,1;0,3;0,11;0,11
"902";341;2014;0,06;1,31;0;0,07;0;0;0;0,05;0;2;10,25;1,36;0,02;0,16
"903";341;2015;0,05;1,88;0;0,1;0;0;0;0,05;0;2;10,12;1,08;0,02;0,15
"904";341;2013;0,08;1,63;0,78;0,49;0,69;0;0;0,05;0;2;10,11;0,56;0,02;0,19
"905";342;2015;0,04;0,85;0,03;0,04;0,03;0,02;0,1;0,05;0,05;10;11,6;0,97;0,09;0,13
"906";342;2014;0,02;0,85;0,06;0,03;0,04;0,04;0,1;0,05;0,05;10;11,47;0,88;0,05;0,07
"907";342;2013;0,07;0,95;0,27;0,26;0,28;0,16;0,1;0,05;0,05;10;11,44;0,76;0,14;0,21
"908";343;2015;0,03;1,65;0,03;0,08;0,02;0,04;0,1;0,05;0,05;2;10,09;0,41;0,07;0,05
"909";343;2013;0,04;0,91;0,43;0,6;0,35;0,1;0,1;0,05;0,05;2;10,19;0,37;0,09;0,07
"910";343;2014;0,03;1,21;0,03;0,05;0,03;0,06;0,1;0,05;0,05;2;10,15;0,3;0,09;0,06
"911";344;2014;0,05;2,36;0;0;0;0;0;0;0;6;9,84;-5,1;0,08;-0,32
"912";344;2015;0,06;2,3;0;0,05;0;0;0;0;0;6;9,93;-8,65;0,16;-0,4
"913";344;2013;0,05;2,12;0;0;0;0;0;0;0;6;9,8;-24,47;0,13;1,04
"914";345;2015;-0,02;1,4;0,04;0,02;0,06;0;0,1;0,05;0,05;1;10,62;0,9;-0,02;-0,05
"915";345;2014;0,03;1,11;0,04;0,06;0,05;0;0,1;0,05;0,05;1;10,67;0,84;0,02;0,09
"916";345;2013;0,05;1,19;0,33;0,27;0,3;0;0,1;0,05;0,05;1;10,67;0,78;0,03;0,15
"917";346;2014;0,04;2,09;0,12;0,09;0;0;0;0,05;0,05;1;9,7;0,31;0,04;0,06
"918";346;2015;0,1;1,64;0,11;0,11;0;0;0;0,05;0,05;1;9,71;0,28;0,12;0,17
"919";346;2013;0,1;1,68;0,79;0,71;0;0;0;0,05;0,05;1;9,69;0,27;0,12;0,17
"920";347;2015;0,2;4;0;0,03;0;0;0,1;0;0;1;10,08;0,37;0,07;0,53
"921";347;2014;0,2;3,69;0;0;0;0;0,1;0;0;1;10,06;0,37;0,08;0,5
"922";347;2013;0,22;3,95;0,19;0,14;0;0;0,1;0;0;1;10,03;0,31;0,08;0,56
"923";348;2014;0,04;1,43;0,09;0,05;0;0;0,1;0;0,05;5;10,63;0,6;0,11;0,09
"924";348;2013;0,04;1,35;0,7;0,26;0,73;0;0;0;0,05;5;10,5;0,56;0,1;0,08
"925";348;2015;0,05;1,63;0;0,04;0;0;0,1;0;0,05;5;10,61;0,54;0,12;0,1
"926";349;2015;0,01;0,84;0;0,07;0;0;0;0;0;10;10,8;1,58;0,02;0,04
"927";349;2014;0;0,67;0;0;0;0;0;0;0;10;10,75;1,56;0,01;0,02
"928";349;2013;0;0,81;0;0;0;0;0;0;0;10;10,7;1,18;0;0
"929";350;2015;0,06;1,29;0;0,02;0,03;0;0,1;0,05;0,05;1;10,46;0,53;0,15;0,13
"930";350;2014;0;1,33;0;0,03;0;0;0,1;0,05;0,05;1;10,49;0,46;0,01;0,01
"931";350;2013;0,06;1,21;0,21;0,19;0;0;0;0,05;0,05;1;10,51;0,36;0,16;0,12
"932";351;2013;0,14;7,94;0;0;0;0;0;0;0;1;9,17;0,35;0,22;0,25
"933";351;2014;0,12;5,43;0;0;0;0;0;0;0;1;9,29;0,23;0,18;0,22
"934";351;2015;0,09;5,65;0;0,04;0;0;0;0;0;1;9,33;0,14;0,13;0,15
"935";353;2015;0,03;0,28;0;0,04;0;0;0,1;0,05;0;4;11;0,27;0,13;0,14
"936";353;2014;0,04;0,29;0;0,02;0;0;0,1;0,05;0;4;11,01;0,26;0,13;0,15
"937";353;2013;0,04;0,27;0,46;0,22;0;0;0,1;0,05;0;4;11,02;0,25;0,14;0,15
"938";354;2015;0,17;4,58;0;0,06;0;0;0;0;0;1;9,37;0,16;0,07;0,3
"939";354;2014;0,18;4,95;0;0;0;0;0;0;0;1;9,31;0;0,06;0,3
"940";354;2013;0,17;5,34;0;0;0;0;0;0;0;1;9,28;0;0,06;0,29
"941";355;2014;-0,06;4,93;0;0;0;0;0;0;0;1;9,77;1,99;-0,09;-0,32
"942";355;2015;-0,13;3,92;0;0,05;0;0;0;0;0;1;9,91;1,87;-0,22;-0,9
"943";355;2013;-0,04;7,66;0;0;0;0;0;0;0;1;9,38;0,9;-0,04;-0,15
"944";356;2014;0,05;0,84;0;0,03;0,03;0;0;0;0;2;10,38;0,76;0,02;0,12
"945";356;2015;0,05;1;0,06;0,04;0,02;0;0;0;0;2;10,36;0,62;0,03;0,13
"946";356;2013;0,07;0,9;0;0,12;0,28;0;0;0;0;2;10,07;0,3;0,02;0,14
"947";358;2015;0,06;1,1;0;0,02;0;0;0;0;0,05;1;10,81;1;0,14;0,16
"948";358;2014;0,06;1,4;0;0,09;0;0;0;0,05;0;1;10,8;0,87;0,14;0,14
"949";358;2013;0,06;1,15;0,73;0,59;0;0;0;0,05;0;1;10,83;0,67;0,12;0,12
"950";359;2013;0,11;2,45;0,27;0,17;0,27;0,58;0;0,05;0;7;10,28;0,38;0,17;0,19
"951";359;2014;0,16;3,16;0,04;0,02;0,06;0,08;0;0,05;0;7;10,25;0,35;0,21;0,26
"952";359;2015;0,18;3,33;0,05;0,02;0,04;0,08;0;0,05;0;7;10,21;0,31;0,23;0,29
"953";360;2014;0,04;0,89;0,02;0,02;0,02;0,11;0,1;0,05;0;6;10,17;0,78;0,04;0,12
"954";360;2013;0,04;0,84;0,36;0,27;0,35;0,7;0,1;0,05;0;6;10,11;0,73;0,04;0,14
"955";360;2015;0,05;0,82;0,02;0,02;0,04;0,11;0,1;0,05;0;6;10,17;0,72;0,05;0,15
"956";362;2014;0,03;1,09;0,09;0,1;0,03;0,04;0,1;0,05;0,05;6;10,57;4,46;0,03;0,37
"957";362;2013;0,02;0,74;0,11;0,28;0;0,51;0;0,05;0,05;6;10,57;3,66;0,01;0,38
"958";362;2015;0,18;0,86;0,11;0,12;0,04;0,02;0,1;0,05;0,05;6;10,61;1,16;0,19;1,29
"959";363;2015;0,06;1,51;0;0,01;0;0;0;0;0;5;9,98;1,37;0,06;0,17
"960";363;2013;0,06;1,3;0;0;0;0;0;0;0;5;9,92;0,86;0,07;0,15
"961";363;2014;0,07;1,53;0;0;0;0;0;0;0;5;9,95;0,8;0,08;0,17
"962";364;2015;0,06;1,34;0,1;0,11;0,13;0,14;0;0,05;0,05;5;11,05;0,75;0,04;0,18
"963";364;2014;0,07;1,38;0,13;0,13;0,13;0,11;0;0,05;0,05;5;10,94;0,49;0,04;0,17
"964";364;2013;0,07;1,18;0,77;0,91;0;0;0;0,05;0,05;5;10,91;0,46;0,05;0,18
"965";365;2014;0,01;0,14;0,02;0,03;0,03;0,08;0,1;0;0,05;4;10,8;0,31;0,04;0,05
"966";365;2013;0,01;0,15;0,29;0,23;0,15;0,17;0,1;0;0,05;4;10,77;0,3;0,08;0,1
"967";365;2015;0,01;0,14;0,01;0,03;0,03;0,06;0,1;0;0,05;4;10,78;0,29;0,08;0,1
"968";366;2015;0,13;2,46;0,02;0,04;0,06;0,08;0,1;0;0,05;6;10,58;5,8;0,08;2,1
"969";366;2014;0,08;3,05;0,03;0,04;0,05;0,15;0,1;0;0,05;6;10,55;5,04;0,05;0,62
"970";366;2013;0,12;2,81;0,34;0,57;0,55;0,61;0,1;0;0,05;6;10,56;1,68;0,08;0,98
"971";367;2014;0,02;0,34;0,03;0,03;0;0;0,1;0,05;0;4;11,6;0,83;0,28;0,15
"972";367;2015;0,01;0,31;0,04;0,03;0;0;0,1;0,05;0;4;11,63;0,79;0,28;0,14
"973";367;2013;0,02;0,32;0,14;0,16;0;0;0,1;0,05;0;4;11,56;0,55;0,29;0,16
"974";368;2015;0,06;1,1;0;0,04;0,06;0,05;0,1;0,05;0,05;6;10,94;0,83;0,09;0,21
"975";368;2014;0,08;1,25;0;0,03;0,05;0,03;0,1;0,05;0,05;6;10,96;0,71;0,14;0,26
"976";368;2013;0,07;1,3;0,72;0,38;0,74;0,43;0,1;0,05;0,05;6;10,96;0,57;0,1;0,19
"977";369;2015;0,15;3,32;0;0,11;0;0;0,1;0;0;7;10,74;0,54;0,48;0,23
"978";369;2013;0,14;3,79;0,13;0,73;0;0;0;0;0;7;10,56;0;0,42;0,19
"979";369;2014;0,15;4,05;0,03;0,13;0;0;0,1;0;0;7;10,59;0;0,43;0,2
"980";370;2015;0,1;2,67;0;0,04;0;0;0,1;0,05;0,05;1;10,03;0,26;0,08;0,2
"981";370;2014;0,13;3,18;0,02;0,04;0,01;0,02;0,1;0,05;0,05;1;10,03;0,24;0,11;0,22
"982";370;2013;0,12;2,58;0,57;0,36;0;0;0,1;0,05;0,05;1;10,01;0,23;0,11;0,22
"983";371;2014;0,1;1,81;0,11;0,12;0,04;0,02;0,1;0;0;1;10,37;3,92;0,17;0,6
"984";371;2015;0,08;1,28;0,09;0,11;0,13;0,03;0,1;0;0,05;1;10,35;3,11;0,14;0,6
"985";371;2013;0,11;1,6;0,37;0,39;0,34;0,09;0,1;0;0;1;10,36;2,47;0,18;0,42
"986";373;2015;0,06;1,28;0;0,02;0;0;0;0;0;7;10,2;0,2;0,15;0,12
"987";373;2013;0,08;2,81;0;0;0;0;0;0;0;7;10,09;0,08;0,16;0,14
"988";373;2014;0,09;2,11;0;0;0;0;0;0;0;7;10,18;0,07;0,19;0,16
"989";374;2015;0,04;1,18;0,02;0,02;0,06;0,08;0;0;0,05;4;10,33;2,05;0,27;0,13
"990";374;2014;0,04;1,19;0,03;0,02;0,04;0,1;0;0;0,05;4;10,33;1,99;0,3;0,15
"991";374;2013;0,02;1,1;0;0;0;0;0;0;0;4;10,3;1,82;0,14;0,07
"992";375;2014;0,15;4,95;0;0;0;0;0;0;0;6;9,37;5,22;0,23;0,72
"993";375;2013;0,14;4,88;0;0;0;0;0;0;0;6;9,4;2,32;0,22;0,8
"994";375;2015;0,1;2,89;0;0,01;0;0;0;0;0;6;9,75;1,67;0,25;0,48
"995";376;2015;-0,23;12,13;0;0,01;0;0;0;0;0;5;9,4;0,79;-0,54;-0,6
"996";376;2014;-0,33;11,92;0;0;0;0;0;0;0;5;9,37;0,74;-1,27;-0,64
"997";376;2013;-0,18;6,98;0;0;0;0;0;0;0;5;9,37;0,36;-0,37;-0,38
"998";377;2014;0,02;1,46;0;0,06;0;0;0,1;0,05;0,05;4;10,33;1,25;0,15;0,06
"999";377;2015;0,02;1,4;0;0,03;0;0;0,1;0,05;0,05;4;10,35;1,17;0,13;0,04
"1000";377;2013;0,02;1,28;0;0,17;0;0;0;0;0;4;10,3;1,06;0,16;0,05
"1001";378;2014;0,04;1,3;0,1;0,06;0;0;0,1;0,05;0,05;10;11,37;8,99;0,08;0,68
"1002";378;2015;0,07;1,25;0,1;0,06;0,02;0;0,1;0,05;0,05;10;11,39;6,31;0,14;1,24
"1003";378;2013;0,05;0,68;0,58;0,41;0;0;0;0,05;0,05;10;11,44;2,31;0,1;0,33
"1004";379;2015;0,12;2,29;0;0,04;0;0;0;0;0;5;9,63;0,74;0,23;0,24
"1005";379;2014;0,05;2,16;0;0,06;0;0;0;0;0;5;9,59;0,67;0,03;0,1
"1006";379;2013;0,08;2,12;0,92;0,52;0;0;0;0;0;5;9,55;0,22;0,04;0,14
"1007";380;2014;0,12;1,34;0;0,06;0;0;0,1;0;0;2;10,69;0,73;0,23;0,24
"1008";380;2015;0,16;1,47;0,08;0,08;0;0;0;0;0;2;10,69;0,71;0,25;0,35
"1009";380;2013;0,12;1,59;0,58;0,53;0,67;0;0,1;0;0;2;10,56;0,65;0,22;0,23
"1010";381;2015;-0,11;5,68;0;0,07;0;0;0,1;0;0;7;9,37;0,44;-0,31;-0,21
"1011";381;2014;-0,11;7,56;0;0;0;0;0,1;0;0;7;9,34;0,4;-0,37;-0,19
"1012";381;2013;-0,2;8,18;0,22;0,19;0;0;0,1;0;0;7;11,98;0,02;-0,44;-0,24
"1013";382;2014;0,1;1,49;0,01;0;0,03;0,13;0;0,05;0;7;10,19;0,25;0,1;0,18
"1014";382;2015;0,09;0,66;0,1;0,01;0,01;0,05;0;0,05;0;7;10,18;0,23;0,09;0,14
"1015";382;2013;0,07;1,17;0,64;0,31;0,2;0;0;0,05;0;7;10,18;0,19;0,07;0,13
"1016";383;2015;0,01;0,34;0,03;0,03;0,01;0,01;0,1;0,05;0,05;4;12,25;1,17;0,26;0,13
"1017";383;2014;0,01;0,3;0,02;0,03;0,01;0,02;0,1;0,05;0,05;4;12,23;1,11;0,26;0,13
"1018";383;2013;0,01;0,27;0,1;0,21;0;0;0,1;0,05;0,05;4;12,18;0,99;0,25;0,14
"1019";385;2014;0,04;0,95;0,05;0,05;0,07;0,06;0,1;0,05;0;1;10,3;0,74;0,03;0,13
"1020";385;2015;0,04;0,82;0;0,06;0;0;0,1;0,05;0;1;10,28;0,73;0,04;0,16
"1021";385;2013;0,05;0,88;0,14;0,25;0,3;0,38;0;0;0;1;10,19;0,37;0,04;0,18
"1022";386;2014;0,04;1,5;0;0,02;0;0;0,1;0,05;0,05;6;10,33;1,63;0,06;0,14
"1023";386;2015;0,04;1,61;0;0,02;0;0;0,1;0,05;0,05;6;10,31;1,44;0,06;0,13
"1024";386;2013;0,06;1,35;0,42;0,07;0,6;0;0,1;0,05;0,05;6;10,35;1,42;0,09;0,23
"1025";387;2015;-0,01;0,9;0;0;0;0;0;0;0,05;3;10,69;3,87;-0,08;-0,08
"1026";387;2014;0,05;1,09;0;0;0;0;0;0;0,05;3;10,7;2,38;0,28;0,31
"1027";387;2013;0,02;1,4;0;0;0;0;0;0;0;3;10,43;2,33;0,06;0,09
"1028";388;2013;0,08;1,43;0,31;0,46;0,49;0;0;0,05;0,05;2;11,32;0,61;0,04;0,24
"1029";388;2014;0,08;1,41;0;0,07;0;0;0,1;0,05;0,05;2;11,32;0,56;0,03;0,21
"1030";388;2015;0,07;1,11;0;0,06;0;0;0,1;0,05;0,05;2;11,31;0,56;0,03;0,19
"1031";389;2013;0,08;1,26;0;0;0;0;0;0,05;0;7;10,01;3,81;0,14;0,8
"1032";389;2014;0,09;1,25;0,12;0;0,13;0;0,1;0,05;0;7;10;2,86;0,15;0,74
"1033";389;2015;0,08;1,27;0;0,06;0;0;0,1;0,05;0;7;9,98;2,3;0,15;0,62
"1034";390;2015;0,04;1,44;0,01;0,02;0,03;0,03;0,1;0,05;0,05;4;10,1;1,11;0,07;0,09
"1035";390;2014;0,13;1,69;0,01;0,03;0,03;0,05;0,1;0,05;0,05;4;10,13;1,02;0,24;0,28
"1036";390;2013;0,04;1,55;0,08;0,19;0,17;0,35;0,1;0,05;0,05;4;10,16;0,8;0,07;0,1
"1037";391;2015;0,06;1,4;0,08;0,09;0,05;0,04;0,1;0,05;0,05;1;9,99;5,22;0,22;0,6
"1038";391;2014;0,05;1,57;0,06;0,08;0,04;0,02;0,1;0,05;0,05;1;9,99;3,82;0,1;0,37
"1039";391;2013;0,04;1,43;0,39;0,62;0,36;0,2;0,1;0,05;0,05;1;9,99;2,84;0,09;0,26
"1040";392;2015;-0,36;1,97;0;0,02;0;0;0;0;0;3;9,72;0,53;-1,66;-0,66
"1041";392;2014;0,06;1,22;0;0;0;0;0;0;0;3;9,94;0,33;0,21;0,11
"1042";392;2013;0,08;1,42;0;0;0;0;0;0;0;3;9,86;0,23;0,28;0,15
"1043";393;2015;0,03;0,82;0,02;0,04;0;0,02;0,1;0,05;0,05;11;10,59;1,18;0,09;0,09
"1044";393;2013;0,03;0,75;0,11;0,16;0;0,15;0,1;0,05;0,05;11;10,53;1,14;0,09;0,1
"1045";393;2014;0,03;0,82;0,02;0,04;0;0,02;0,1;0,05;0,05;11;10,57;1,13;0,09;0,1
"1046";394;2015;0,12;2,04;0;0,12;0;0;0,1;0,05;0;7;9,69;0,38;0,26;0,22
"1047";394;2014;0,13;1,97;0;0,1;0;0;0,1;0,05;0;7;9,69;0,37;0,28;0,24
"1048";394;2013;0,12;2,14;0,7;0,61;0;0;0;0,05;0;7;9,7;0,31;0,26;0,21
"1049";395;2015;0,05;0,99;0,06;0,09;0,09;0,13;0,1;0,05;0,05;3;11,53;0,12;0,06;0,09
"1050";395;2014;0,09;1,18;0,05;0,08;0,1;0,14;0,1;0,05;0,05;3;11,54;0,07;0,08;0,18
"1051";395;2013;0,09;1,32;0,29;0,5;0,56;0,41;0,1;0,05;0,05;3;11,54;0,04;0,08;0,19
"1052";396;2014;0,02;0,51;0,04;0,07;0,07;0,03;0,1;0,05;0,05;7;10,44;0,7;0,03;0,05
"1053";396;2015;0,04;0,47;0,05;0,07;0,07;0,07;0,1;0,05;0,05;7;10,39;0,65;0,05;0,1
"1054";396;2013;0,03;0,49;0,31;0,37;0,34;0,04;0,1;0,05;0;7;10,46;0,59;0,05;0,08
"1055";398;2015;0,16;3,28;0,06;0,06;0;0;0,1;0;0,05;1;9,91;3,35;0,1;0,86
"1056";398;2014;0,12;3,19;0,05;0,05;0;0;0,1;0;0,05;1;9,92;1,99;0,08;0,49
"1057";398;2013;0,12;3,17;0,29;0,32;0;0;0;0;0,05;1;9,94;1,35;0,08;0,49
"1058";399;2015;0,01;1,03;0;0,09;0;0;0;0;0;5;10,43;1,18;0,02;0,02
"1059";399;2013;0,08;1,5;0,94;0,51;0;0;0;0;0;5;9,98;0,27;0,16;0,13
"1060";399;2014;0,08;1,8;0;0,1;0;0;0;0;0;5;9,98;0,23;0,15;0,11
