Ticker;Companies;YearNewsWeekGR;RankNewsWeekGR;GreenScore;EnergyProductivity;CarbonProductivity;WaterProductivity;WasteProductivity;Green Revenue; SustainabilityPayLink ; SustainableThemedCommitment ; AuditScore 
A;1;2016;86;0,55;0,06;0,11;0,01;0,09;0,14;1;0;1
AAL;2;2016;179;0,39;0,00;0,05;0,03;0,06;0,10;1;1;0
AAP;3;2016;430;0,16;0,00;0,06;0,00;0,00;0,10;0;0;0
AAPL;4;2016;14;0,74;0,10;0,15;0,12;0,11;0,11;1;0;1
ABBV;5;2016;125;0,47;0,07;0,04;0,02;0,05;0,14;1;0;1
ABC;6;2016;361;0,20;0,00;0,06;0,00;0,00;0,14;0;0;0
ABT;7;2016;187;0,38;0,01;0,01;0,01;0,05;0,14;1;0;1
ACIW;8;2016;81;0,57;0,05;0,04;0,09;0,01;0,18;1;1;1
ADBE;9;2016;53;0,62;0,06;0,08;0,08;0,03;0,19;1;1;1
ADI;10;2016;100;0,53;0,09;0,09;0,07;0,05;0,13;0;1;1
ADM;11;2016;240;0,32;0,01;0,02;0,06;0,00;0,09;1;1;0
ADP;12;2016;268;0,28;0,00;0,07;0,00;0,00;0,16;0;1;0
ADS;13;2016;343;0,21;0,00;0,05;0,00;0,00;0,16;0;0;0
ADSK;14;2016;22;0,71;0,14;0,14;0,00;0,05;0,19;1;1;1
AEE;15;2016;205;0,36;0,07;0,01;0,01;0,00;0,12;1;1;0
AEP;16;2016;254;0,30;0,00;0,01;0,02;0,00;0,12;1;1;0
AET;17;2016;64;0,60;0,13;0,12;0,11;0,00;0,14;0;1;1
AFL;18;2016;42;0,64;0,06;0,07;0,06;0,10;0,16;1;1;1
AGN;19;2016;13;0,74;0,14;0,13;0,13;0,00;0,14;1;1;1
AIG;20;2016;174;0,40;0,00;0,09;0,00;0,00;0,15;1;1;0
AKAM;21;2016;58;0,62;0,05;0,04;0,00;0,15;0,18;1;1;1
ALL;22;2016;93;0,54;0,01;0,03;0,06;0,08;0,16;1;1;1
ALXN;23;2016;314;0,23;0,00;0,06;0,00;0,00;0,17;0;0;0
AMAT;24;2016;65;0,60;0,10;0,10;0,09;0,03;0,13;1;1;0
AME;25;2016;394;0,18;0,00;0,05;0,00;0,00;0,13;0;0;0
AMG;26;2016;427;0,16;0,00;0,06;0,00;0,00;0,10;0;0;0
AMGN;27;2016;49;0,63;0,06;0,07;0,06;0,07;0,17;1;1;1
AMP;28;2016;414;0,17;0,00;0,07;0,00;0,00;0,10;0;0;0
AMT;29;2016;375;0,19;0,00;0,04;0,00;0,00;0,15;0;0;0
AMZN;30;2016;387;0,18;0,00;0,06;0,00;0,00;0,12;0;0;0
ANDV;31;2016;216;0,35;0,06;0,08;0,07;0,09;0,01;0;1;0
APA;32;2016;353;0,20;0,00;0,04;0,00;0,00;0,01;1;0;1
APC;33;2016;285;0,26;0,00;0,04;0,00;0,00;0,01;1;1;1
APD;34;2016;110;0,51;0,01;0,02;0,08;0,12;0,08;1;1;1
APH;35;2016;367;0,19;0,00;0,06;0,00;0,00;0,13;0;0;0
ATVI;36;2016;463;0,12;0,00;0,02;0,00;0,00;0,10;0;0;0
AVB;37;2016;173;0,40;0,06;0,06;0,01;0,04;0,14;1;0;0
AWK;38;2016;251;0,31;0,00;0,03;0,00;0,00;0,18;1;0;0
AXP;39;2016;63;0,60;0,11;0,13;0,10;0,01;0,10;1;1;0
AZO;40;2016;413;0,17;0,00;0,07;0,00;0,00;0,10;0;0;0
BA;41;2016;34;0,66;0,08;0,08;0,12;0,10;0,09;1;1;1
BAC;42;2016;175;0,40;0,03;0,04;0,02;0,02;0,10;1;1;1
BAX;43;2016;194;0,37;0,00;0,02;0,00;0,01;0,14;1;1;1
BBBY;44;2016;409;0,17;0,00;0,07;0,00;0,00;0,10;0;0;0
BBT;45;2016;450;0,13;0,00;0,03;0,00;0,00;0,10;0;0;0
BBY;46;2016;27;0,68;0,13;0,11;0,09;0,06;0,10;1;1;1
BCR;47;2016;378;0,19;0,00;0,07;0,00;0,00;0,12;0;0;0
BDX;48;2016;158;0,42;0,03;0,04;0,03;0,03;0,14;1;1;0
BEN;49;2016;264;0,29;0,00;0,09;0,00;0,00;0,10;1;0;0
BF.A;50;2016;52;0,62;0,09;0,10;0,14;0,00;0,10;1;1;1
BG;51;2016;197;0,37;0,03;0,07;0,07;0,05;0,10;0;1;0
BHI;52;2016;118;0,49;0,10;0,09;0,06;0,02;0,03;1;1;1
BIIB;53;2016;5;0,79;0,13;0,14;0,11;0,14;0,17;0;1;1
BK;54;2016;152;0,42;0,02;0,02;0,05;0,03;0,10;1;1;1
BKE;55;2016;490;0,05;0,00;0,00;0,00;0,00;0,05;0;0;0
BLK;56;2016;142;0,44;0,11;0,09;0,00;0,00;0,10;1;0;1
BLL;57;2016;24;0,69;0,09;0,08;0,11;0,13;0,09;1;1;1
BMRN;58;2016;306;0,24;0,00;0,02;0,00;0,00;0,17;0;0;1
BMY;59;2016;67;0,60;0,02;0,07;0,09;0,08;0,14;1;1;1
BRK.A;60;2016;388;0,18;0,00;0,06;0,00;0,00;0,12;0;0;0
BSX;61;2016;21;0,72;0,08;0,07;0,09;0,12;0,15;1;1;1
BWA;62;2016;422;0,16;0,00;0,09;0,00;0,00;0,07;0;0;0
BX;63;2016;473;0,10;0,00;0,00;0,00;0,00;0,10;0;0;0
BXP;64;2016;326;0,22;0,00;0,08;0,00;0,00;0,14;0;0;0
C;65;2016;133;0,46;0,05;0,06;0,03;0,02;0,10;1;1;1
CA;66;2016;79;0,58;0,06;0,03;0,09;0,07;0,19;1;0;1
CAG;67;2016;190;0,38;0,02;0,04;0,02;0,00;0,10;1;1;1
CAH;68;2016;76;0,58;0,05;0,07;0,06;0,10;0,14;1;0;1
CAM;69;2016;480;0,09;0,00;0,07;0,00;0,00;0,02;0;0;0
CAT;70;2016;247;0,31;0,04;0,04;0,05;0,06;0,07;0;1;0
CBG;71;2016;134;0,46;0,10;0,13;0,00;0,00;0,08;1;0;1
CBS;72;2016;262;0,29;0,00;0,03;0,00;0,00;0,16;1;0;0
CCE;73;2016;9;0,76;0,13;0,13;0,11;0,12;0,07;1;1;1
CCI;74;2016;324;0,22;0,00;0,07;0,00;0,00;0,15;0;0;0
CCL;75;2016;220;0,34;0,00;0,02;0,00;0,00;0,12;1;1;1
CE;76;2016;432;0,15;0,00;0,04;0,00;0,00;0,07;0;1;0
CELG;77;2016;54;0,62;0,14;0,02;0,15;0,00;0,17;1;0;1
CERN;78;2016;373;0,19;0,00;0,00;0,00;0,00;0,19;0;0;0
CF;79;2016;470;0,10;0,00;0,03;0,00;0,00;0,08;0;0;0
CHD;80;2016;352;0,20;0,00;0,09;0,00;0,00;0,12;0;0;0
CHRW;81;2016;443;0,14;0,00;0,01;0,00;0,00;0,08;0;1;0
CHTR;82;2016;392;0,18;0,00;0,02;0,00;0,00;0,16;0;0;0
CI;83;2016;112;0,50;0,07;0,10;0,10;0,00;0,14;1;0;0
CIT;84;2016;402;0,17;0,00;0,07;0,00;0,00;0,10;0;0;0
CL;85;2016;51;0,62;0,09;0,07;0,07;0,08;0,11;1;1;1
CLR;86;2016;497;0,03;0,00;0,02;0,00;0,00;0,01;0;0;0
CLX;87;2016;45;0,64;0,07;0,06;0,07;0,12;0,12;1;1;1
CMCSA;88;2016;374;0,19;0,00;0,03;0,00;0,00;0,16;0;0;0
CME;89;2016;412;0,17;0,00;0,07;0,00;0,00;0,10;0;0;0
CMG;90;2016;429;0,16;0,00;0,06;0,00;0,00;0,10;0;0;0
CMI;91;2016;85;0,55;0,04;0,06;0,07;0,10;0,08;1;1;1
CNO;92;2016;435;0,15;0,00;0,04;0,00;0,00;0,11;0;0;0
CNP;93;2016;345;0,21;0,00;0,13;0,00;0,00;0,08;0;0;0
CNX;94;2016;19;0,72;0,08;0,10;0,10;0,12;0,11;1;1;1
COF;95;2016;260;0,29;0,00;0,04;0,00;0,00;0,10;1;0;1
COH;96;2016;436;0,15;0,00;0,03;0,00;0,00;0,12;0;0;0
COL;97;2016;263;0,29;0,00;0,06;0,00;0,00;0,13;1;0;0
COP;98;2016;105;0,52;0,05;0,06;0,10;0,10;0,01;1;1;1
COST;99;2016;267;0,28;0,00;0,11;0,00;0,00;0,12;0;1;0
CPB;100;2016;106;0,51;0,06;0,07;0,03;0,05;0,10;1;1;1
CRM;101;2016;218;0,35;0,00;0,06;0,00;0,00;0,19;1;0;0
CSCO;102;2016;46;0,64;0,05;0,10;0,06;0,08;0,14;1;1;1
CSX;103;2016;40;0,65;0,12;0,07;0,05;0,04;0,18;1;1;1
CTL;104;2016;113;0,50;0,01;0,02;0,02;0,09;0,16;1;1;1
CTSH;105;2016;55;0,62;0,10;0,04;0,05;0,06;0,17;1;1;1
CTXS;106;2016;348;0,21;0,00;0,02;0,00;0,00;0,19;0;0;0
CVS;107;2016;16;0,73;0,12;0,14;0,13;0,00;0,14;1;1;1
CVX;108;2016;159;0,42;0,07;0,08;0,06;0,00;0,01;1;1;1
CXO;109;2016;495;0,03;0,00;0,02;0,00;0,00;0,01;0;0;0
D;110;2016;295;0,25;0,00;0,03;0,00;0,00;0,12;1;0;0
DAL;111;2016;44;0,64;0,06;0,09;0,09;0,10;0,10;1;1;1
DD;112;2016;221;0,34;0,00;0,05;0,00;0,00;0,09;1;1;1
DE;113;2016;224;0,34;0,00;0,07;0,00;0,00;0,07;1;1;1
DFS;114;2016;438;0,15;0,00;0,05;0,00;0,00;0,10;0;0;0
DG;115;2016;377;0,19;0,00;0,09;0,00;0,00;0,10;0;0;0
DGX;116;2016;182;0,39;0,02;0,03;0,04;0,00;0,14;1;1;0
DHR;117;2016;371;0,19;0,00;0,06;0,00;0,00;0,14;0;0;0
DIS;118;2016;249;0,31;0,01;0,01;0,00;0,00;0,14;1;1;0
DISCA;119;2016;336;0,21;0,00;0,05;0,00;0,00;0,16;0;0;0
DISH ;120;2016;354;0,20;0,00;0,04;0,00;0,00;0,16;0;0;0
DLTR;121;2016;368;0,19;0,00;0,09;0,00;0,00;0,10;0;0;0
DOV;122;2016;351;0,20;0,00;0,06;0,00;0,00;0,10;0;1;0
DOW;123;2016;116;0,50;0,06;0,05;0,09;0,03;0,07;1;1;1
DPS;124;2016;226;0,34;0,00;0,07;0,00;0,00;0,07;1;1;1
DTE;125;2016;32;0,67;0,12;0,04;0,14;0,05;0,11;1;1;1
DUK;126;2016;107;0,51;0,02;0,02;0,06;0,09;0,12;1;1;1
DVA;127;2016;323;0,23;0,00;0,04;0,00;0,00;0,14;0;1;0
DVN;128;2016;189;0,38;0,00;0,08;0,08;0,00;0,02;1;1;1
EBAY;129;2016;96;0,54;0,13;0,08;0,15;0,00;0,13;0;0;1
ECL;130;2016;6;0,78;0,13;0,14;0,14;0,08;0,10;1;1;1
EFX;131;2016;437;0,15;0,00;0,03;0,00;0,00;0,11;0;0;0
EIX;132;2016;309;0,24;0,00;0,12;0,00;0,00;0,12;0;0;0
EMC;133;2016;25;0,69;0,06;0,07;0,09;0,13;0,14;1;1;1
EMN;134;2016;257;0,29;0,03;0,03;0,00;0,00;0,09;1;1;0
EMR;135;2016;259;0,29;0,00;0,05;0,07;0,00;0,13;0;1;0
EOG;136;2016;484;0,06;0,00;0,05;0,00;0,00;0,01;0;0;0
EPD;137;2016;487;0,05;0,00;0,00;0,00;0,00;0,05;0;0;0
EQIX;138;2016;300;0,25;0,00;0,10;0,00;0,00;0,15;0;0;0
EQR;139;2016;419;0,16;0,00;0,02;0,00;0,00;0,14;0;0;0
EQT;140;2016;471;0,10;0,00;0,03;0,00;0,00;0,02;0;1;0
ESRX;141;2016;304;0,24;0,00;0,00;0,00;0,00;0,14;1;0;0
ETP;142;2016;488;0,05;0,00;0,00;0,00;0,00;0,05;0;0;0
ETR;143;2016;177;0,39;0,00;0,07;0,00;0,00;0,12;1;1;1
EXC;144;2016;38;0,65;0,10;0,11;0,05;0,09;0,12;1;1;1
EXPE;145;2016;395;0,18;0,00;0,05;0,00;0,00;0,13;0;0;0
EXR;146;2016;381;0,19;0,00;0,04;0,00;0,00;0,15;0;0;0
F;147;2016;94;0,54;0,04;0,04;0,08;0,10;0,07;1;1;1
FAST;148;2016;468;0,11;0,00;0,01;0,00;0,00;0,10;0;0;0
FB;149;2016;308;0,24;0,00;0,06;0,00;0,00;0,18;0;0;0
FDX;150;2016;198;0,37;0,01;0,02;0,00;0,06;0,13;1;0;1
FE;151;2016;364;0,20;0,00;0,03;0,00;0,00;0,12;0;0;1
FIS;152;2016;355;0,20;0,00;0,04;0,00;0,00;0,16;0;0;0
FISV;153;2016;322;0,23;0,00;0,07;0,00;0,00;0,16;0;0;0
FITB;154;2016;266;0,29;0,00;0,04;0,00;0,00;0,10;1;0;1
FLT;155;2016;313;0,24;0,00;0,08;0,00;0,00;0,16;0;0;0
FNMA;156;2016;478;0,10;0,00;0,00;0,00;0,00;0,10;0;0;0
FOX;157;2016;128;0,47;0,00;0,11;0,00;0,00;0,16;1;1;1
GD;158;2016;479;0,09;0,00;0,04;0,00;0,00;0,05;0;0;0
GE;159;2016;74;0,59;0,09;0,08;0,06;0,06;0,11;1;1;1
GGP;160;2016;334;0,22;0,02;0,02;0,02;0,02;0,13;0;0;0
GILD;161;2016;255;0,30;0,00;0,13;0,00;0,00;0,17;0;0;0
GIS;162;2016;29;0,67;0,10;0,09;0,09;0,09;0,10;1;1;1
GLW;163;2016;215;0,35;0,00;0,02;0,00;0,00;0,13;1;1;1
GM;164;2016;229;0,33;0,01;0,02;0,02;0,02;0,07;1;1;1
GPC;165;2016;458;0,12;0,00;0,03;0,00;0,00;0,09;0;0;0
GPS;166;2016;214;0,35;0,05;0,03;0,01;0,00;0,11;1;1;0
GS;167;2016;102;0,53;0,06;0,06;0,04;0,07;0,10;1;1;1
GWW;168;2016;227;0,34;0,00;0,09;0,05;0,00;0,10;0;1;1
HAL;169;2016;275;0,27;0,01;0,01;0,00;0,08;0,02;1;1;0
HCA;170;2016;366;0,20;0,00;0,01;0,00;0,00;0,14;0;0;1
HCP;171;2016;69;0,59;0,07;0,03;0,07;0,08;0,15;1;1;1
HD;172;2016;91;0,54;0,02;0,04;0,14;0,05;0,10;1;1;1
HES;173;2016;129;0,47;0,08;0,06;0,08;0,04;0,01;1;1;1
HIG;174;2016;122;0,48;0,05;0,05;0,06;0,00;0,12;1;1;1
HLT ;175;2016;161;0,42;0,05;0,06;0,01;0,02;0,12;1;0;1
HOG;176;2016;126;0,47;0,08;0,07;0,13;0,07;0,07;0;1;0
HON;177;2016;232;0,33;0,00;0,01;0,00;0,00;0,12;1;1;1
HOT;178;2016;245;0,31;0,01;0,03;0,00;0,00;0,12;1;0;1
HRL;179;2016;181;0,39;0,05;0,02;0,05;0,02;0,10;1;1;0
HSIC;180;2016;400;0,18;0,00;0,06;0,00;0,00;0,12;0;0;0
HST;181;2016;71;0,59;0,05;0,06;0,04;0,11;0,14;1;1;1
HSY;182;2016;3;0,81;0,14;0,12;0,13;0,12;0,10;1;1;1
HUM;183;2016;18;0,72;0,07;0,10;0,12;0,10;0,14;1;1;1
IBM;184;2016;115;0,50;0,01;0,03;0,06;0,03;0,17;1;1;1
ICE;185;2016;426;0,16;0,00;0,06;0,00;0,00;0,10;0;0;0
IEP;186;2016;494;0,04;0,00;0,00;0,00;0,00;0,04;0;0;0
ILMN;187;2016;87;0,55;0,11;0,06;0,11;0,04;0,17;0;1;0
INCY ;188;2016;320;0,23;0,00;0,06;0,00;0,00;0,17;0;0;0
INTC;189;2016;48;0,63;0,08;0,08;0,07;0,07;0,13;1;1;1
INTU;190;2016;123;0,48;0,08;0,10;0,03;0,10;0,17;0;0;0
IP;191;2016;137;0,46;0,04;0,06;0,08;0,05;0,08;1;1;0
IPG;192;2016;365;0,20;0,00;0,05;0,00;0,00;0,10;0;1;0
ISRG;193;2016;327;0,22;0,00;0,07;0,00;0,00;0,15;0;0;0
ITT;194;2016;286;0,26;0,00;0,08;0,00;0,00;0,18;0;0;0
ITW;195;2016;207;0,36;0,07;0,05;0,08;0,06;0,10;0;0;0
IVZ;196;2016;77;0,58;0,00;0,12;0,11;0,06;0,10;1;1;1
JBHT;197;2016;236;0,32;0,00;0,09;0,00;0,00;0,08;1;0;1
JCI;198;2016;41;0,65;0,12;0,07;0,12;0,05;0,09;1;1;1
JNJ;199;2016;11;0,76;0,12;0,12;0,11;0,08;0,13;1;1;1
JNPR;200;2016;90;0,54;0,01;0,07;0,08;0,13;0,15;0;1;1
JPM;201;2016;149;0,43;0,03;0,04;0,05;0,01;0,10;1;1;1
JWN;202;2016;35;0,66;0,14;0,10;0,10;0,11;0,11;1;0;0
K;203;2016;68;0,60;0,06;0,06;0,09;0,09;0,10;1;1;1
KEY;204;2016;208;0,36;0,01;0,03;0,00;0,02;0,10;1;1;1
KIM;205;2016;117;0,50;0,10;0,09;0,02;0,01;0,13;1;0;1
KLAC;206;2016;321;0,23;0,00;0,10;0,00;0,00;0,13;0;0;0
KMB;207;2016;166;0,41;0,03;0,02;0,02;0,01;0,11;1;1;1
KMI;208;2016;485;0,06;0,00;0,01;0,00;0,00;0,05;0;0;0
KMX;209;2016;391;0,18;0,00;0,08;0,00;0,00;0,10;0;0;0
KO;210;2016;103;0,52;0,01;0,03;0,10;0,12;0,07;1;1;1
KR;211;2016;164;0,41;0,10;0,03;0,00;0,00;0,13;1;1;0
KSS;212;2016;98;0,53;0,10;0,06;0,00;0,06;0,11;1;1;1
KSU;213;2016;379;0,19;0,00;0,01;0,00;0,00;0,18;0;0;0
L;214;2016;290;0,25;0,00;0,03;0,00;0,00;0,12;1;0;0
LB;215;2016;238;0,32;0,00;0,06;0,00;0,00;0,11;1;0;1
LH;216;2016;396;0,18;0,00;0,04;0,00;0,00;0,14;0;0;0
LLL;217;2016;411;0,17;0,00;0,04;0,00;0,00;0,08;0;0;1
LLTC;218;2016;390;0,18;0,00;0,05;0,00;0,00;0,13;0;0;0
LLY;219;2016;141;0,44;0,03;0,03;0,04;0,02;0,14;1;1;1
LMT;220;2016;47;0,64;0,08;0,09;0,08;0,11;0,08;1;1;1
LNC;221;2016;157;0,42;0,03;0,08;0,04;0,01;0,16;1;0;0
LNG;222;2016;499;0,02;0,00;0,01;0,00;0,00;0,01;0;0;0
LOW;223;2016;453;0,13;0,00;0,01;0,00;0,02;0,10;0;0;0
LRCX;224;2016;339;0,21;0,00;0,08;0,00;0,00;0,13;0;0;0
LTRPA;225;2016;281;0,27;0,00;0,06;0,00;0,00;0,16;0;0;1
LUV;226;2016;148;0,43;0,06;0,07;0,10;0,00;0,10;0;1;1
LVS;227;2016;39;0,65;0,10;0,11;0,08;0,09;0,08;1;1;1
LYB;228;2016;160;0,42;0,05;0,05;0,09;0,02;0,06;1;1;0
M;229;2016;301;0,24;0,00;0,02;0,00;0,00;0,12;1;0;0
MA;230;2016;282;0,26;0,00;0,11;0,00;0,00;0,10;0;1;0
MAC;231;2016;274;0,28;0,01;0,04;0,00;0,04;0,13;0;0;1
MAR;232;2016;206;0,36;0,03;0,04;0,02;0,00;0,12;1;0;1
MAS;233;2016;233;0,33;0,00;0,06;0,00;0,00;0,12;1;0;1
MAT;234;2016;271;0,28;0,00;0,03;0,00;0,00;0,10;1;1;0
MCD;235;2016;84;0,56;0,13;0,13;0,00;0,00;0,10;1;1;1
MCHP;236;2016;283;0,26;0,00;0,03;0,00;0,00;0,13;1;0;0
MCK;237;2016;178;0,39;0,10;0,15;0,00;0,00;0,14;0;0;0
MCO;238;2016;456;0,12;0,00;0,02;0,00;0,00;0,10;0;0;0
MDLZ;239;2016;72;0,59;0,09;0,10;0,11;0,00;0,10;1;1;1
MET;240;2016;8;0,76;0,09;0,12;0,10;0,10;0,16;1;1;1
MGLN;241;2016;491;0,05;0,00;0,00;0,00;0,00;0,05;0;0;0
MGM ;242;2016;109;0,51;0,08;0,09;0,04;0,06;0,04;1;1;1
MHK;243;2016;256;0,30;0,00;0,02;0,01;0,02;0,14;0;1;1
MJN;244;2016;99;0,53;0,10;0,13;0,00;0,00;0,10;1;1;1
MKC;245;2016;26;0,68;0,15;0,10;0,11;0,07;0,10;1;1;0
MKL;246;2016;261;0,29;0,00;0,03;0,00;0,00;0,16;0;1;1
MMC;247;2016;200;0,37;0,01;0,02;0,00;0,00;0,14;1;1;1
MMM;248;2016;119;0,49;0,06;0,04;0,05;0,03;0,11;1;1;1
MNST;249;2016;482;0,08;0,00;0,01;0,00;0,00;0,07;0;0;0
MO;250;2016;121;0,48;0,12;0,13;0,03;0,10;0,01;0;1;1
MON;251;2016;12;0,75;0,12;0,09;0,13;0,13;0,07;1;1;1
MOS;252;2016;176;0,39;0,03;0,05;0,02;0,00;0,10;1;1;1
MPC;253;2016;235;0,32;0,05;0,08;0,00;0,09;0,01;1;0;0
MRK;254;2016;82;0,56;0,04;0,04;0,05;0,09;0,14;1;1;1
MRO;255;2016;303;0,24;0,03;0,05;0,00;0,00;0,01;1;1;0
MS;256;2016;202;0,37;0,00;0,07;0,00;0,00;0,10;1;1;1
MSFT;257;2016;23;0,71;0,02;0,14;0,08;0,10;0,15;1;1;1
MSI;258;2016;145;0,44;0,04;0,02;0,01;0,03;0,14;1;1;1
MTB;259;2016;269;0,28;0,00;0,03;0,00;0,00;0,10;1;1;0
MU;260;2016;346;0,21;0,00;0,03;0,00;0,00;0,13;0;0;1
MXIM;261;2016;153;0,42;0,06;0,07;0,05;0,07;0,13;0;0;1
MYL;262;2016;356;0,20;0,00;0,06;0,00;0,00;0,14;0;0;0
NBL;263;2016;448;0,13;0,00;0,07;0,00;0,00;0,01;0;1;0
NEE;264;2016;185;0,38;0,04;0,06;0,02;0,00;0,12;1;1;0
NEM;265;2016;213;0,35;0,04;0,06;0,02;0,02;0,02;1;1;1
NFLX;266;2016;294;0,25;0,00;0,10;0,00;0,00;0,10;0;0;1
NKE;267;2016;2;0,82;0,12;0,11;0,14;0,12;0,13;1;1;1
NLSN;268;2016;418;0,16;0,00;0,06;0,00;0,00;0,10;0;0;0
NLY;269;2016;493;0,05;0,00;0,00;0,00;0,00;0,05;0;0;0
NOC;270;2016;297;0,25;0,00;0,03;0,00;0,00;0,02;1;1;1
NOV;271;2016;357;0,20;0,00;0,08;0,00;0,00;0,02;1;0;0
NOW;272;2016;359;0,20;0,00;0,03;0,00;0,00;0,17;0;0;0
NSC;273;2016;104;0,52;0,01;0,05;0,00;0,08;0,18;1;1;1
NTRS;274;2016;384;0,18;0,00;0,03;0,00;0,00;0,10;0;0;1
NUE;275;2016;452;0,13;0,00;0,05;0,00;0,00;0,08;0;0;0
NVDA;276;2016;4;0,79;0,12;0,11;0,10;0,12;0,13;1;1;1
NWL;277;2016;89;0,54;0,08;0,04;0,10;0,08;0,15;0;1;1
O;278;2016;330;0,22;0,00;0,09;0,00;0,00;0,13;0;0;0
OKE;279;2016;284;0,26;0,00;0,11;0,00;0,00;0,05;1;0;0
OMC;280;2016;234;0,32;0,00;0,07;0,00;0,00;0,10;1;1;0
ORCL;281;2016;10;0,76;0,08;0,06;0,10;0,14;0,18;1;1;1
ORLY;282;2016;423;0,16;0,00;0,06;0,00;0,00;0,10;0;0;0
OXY;283;2016;296;0,25;0,00;0,03;0,00;0,00;0,03;1;1;1
PAA;284;2016;489;0,05;0,00;0,00;0,00;0,00;0,05;0;0;0
PAYX;285;2016;329;0,22;0,00;0,06;0,00;0,00;0,16;0;0;0
PCAR;286;2016;253;0,30;0,00;0,08;0,00;0,00;0,07;1;0;1
PCG;287;2016;15;0,73;0,14;0,11;0,06;0,10;0,12;1;1;1
PCLN;288;2016;347;0,21;0,00;0,08;0,00;0,00;0,13;0;0;0
PEG;289;2016;244;0,31;0,00;0,04;0,00;0,00;0,12;1;0;1
PEP;290;2016;114;0,50;0,03;0,03;0,08;0,07;0,08;1;1;1
PFE;291;2016;57;0,62;0,09;0,06;0,09;0,04;0,14;1;1;1
PFG;292;2016;132;0,46;0,02;0,03;0,02;0,03;0,16;1;1;1
PG;293;2016;165;0,41;0,04;0,05;0,05;0,00;0,12;1;1;0
PGR;294;2016;380;0,19;0,00;0,03;0,00;0,00;0,16;0;0;0
PH;295;2016;341;0,21;0,00;0,06;0,00;0,00;0,11;0;1;0
PLD;296;2016;36;0,66;0,12;0,12;0,03;0,05;0,14;1;1;1
PM;297;2016;73;0,59;0,10;0,10;0,11;0,09;0,00;1;1;1
PNC;298;2016;219;0,35;0,01;0,03;0,02;0,04;0,10;1;0;1
PPG;299;2016;43;0,64;0,11;0,10;0,14;0,05;0,10;1;1;0
PPL;300;2016;292;0,25;0,00;0,03;0,00;0,11;0,12;0;0;0
PRU;301;2016;60;0,61;0,11;0,07;0,06;0,08;0,14;1;1;0
PSX;302;2016;393;0,18;0,00;0,09;0,00;0,00;0,04;0;0;1
PX;303;2016;101;0,53;0,04;0,02;0,08;0,13;0,06;1;1;1
PXD;304;2016;498;0,03;0,00;0,02;0,00;0,00;0,01;0;0;0
QCOM;305;2016;92;0,54;0,13;0,00;0,13;0,05;0,13;0;1;1
RAI;306;2016;252;0,31;0,04;0,03;0,06;0,02;0,00;1;0;1
RCL;307;2016;97;0,54;0,02;0,01;0,09;0,09;0,12;1;1;1
REGN;308;2016;299;0,25;0,00;0,08;0,00;0,00;0,17;0;0;0
RF;309;2016;465;0,11;0,00;0,01;0,00;0,00;0,10;0;0;0
RHT;310;2016;311;0,24;0,00;0,05;0,00;0,00;0,19;0;0;0
RL;311;2016;424;0,16;0,00;0,04;0,00;0,00;0,12;0;0;0
ROK;312;2016;7;0,76;0,12;0,10;0,12;0,11;0,12;1;1;1
ROP;313;2016;360;0,20;0,00;0,07;0,00;0,00;0,13;0;0;0
ROST;314;2016;455;0,12;0,00;0,01;0,00;0,00;0,11;0;0;0
RSG;315;2016;258;0,29;0,00;0,01;0,00;0,00;0,13;1;0;1
RTN;316;2016;37;0,65;0,08;0,09;0,09;0,14;0,05;1;1;1
S;317;2016;130;0,47;0,00;0,11;0,00;0,00;0,16;1;1;1
SBAC ;318;2016;421;0,16;0,00;0,00;0,00;0,00;0,16;0;0;0
SBUX;319;2016;66;0,60;0,08;0,09;0,10;0,02;0,10;1;1;1
SCHW;320;2016;335;0,21;0,03;0,06;0,03;0,00;0,10;0;0;0
SE;321;2016;183;0,39;0,00;0,03;0,03;0,08;0,05;1;1;1
SHW;322;2016;195;0,37;0,00;0,11;0,00;0,00;0,11;1;1;0
SIRI;323;2016;332;0,22;0,00;0,06;0,00;0,00;0,16;0;0;0
SJM;324;2016;237;0,32;0,00;0,07;0,00;0,00;0,10;1;0;1
SLB;325;2016;124;0,48;0,06;0,06;0,12;0,08;0,02;1;0;1
SLG;326;2016;88;0,54;0,07;0,06;0,09;0,14;0,14;0;0;1
SNDK;327;2016;223;0,34;0,00;0,06;0,00;0,00;0,13;1;0;1
SO;328;2016;273;0,28;0,00;0,02;0,03;0,01;0,12;1;0;0
SPG;329;2016;168;0,40;0,00;0,07;0,00;0,00;0,13;1;1;1
SRCL;330;2016;445;0,13;0,00;0,00;0,00;0,00;0,13;0;0;0
SRE;331;2016;111;0,51;0,00;0,10;0,12;0,00;0,10;1;1;1
STI;332;2016;454;0,13;0,00;0,03;0,00;0,00;0,10;0;0;0
STJ;333;2016;163;0,41;0,09;0,07;0,11;0,00;0,15;0;0;0
STT;334;2016;280;0,27;0,00;0,04;0,01;0,02;0,10;0;1;1
STZ;335;2016;150;0,43;0,13;0,12;0,02;0,02;0,09;0;0;1
SWK;336;2016;199;0,37;0,00;0,07;0,00;0,00;0,15;1;0;1
SYK;337;2016;230;0,33;0,00;0,08;0,00;0,00;0,15;1;0;0
SYMC;338;2016;196;0,37;0,01;0,02;0,00;0,10;0,19;0;0;1
SYY;339;2016;270;0,28;0,00;0,10;0,00;0,00;0,13;0;1;0
T;340;2016;127;0,47;0,03;0,04;0,03;0,02;0,16;1;1;1
TAP;341;2016;136;0,46;0,03;0,08;0,02;0,04;0,08;1;1;1
TDG;342;2016;401;0,18;0,00;0,05;0,00;0,00;0,13;0;0;0
TGT;343;2016;146;0,44;0,04;0,02;0,06;0,00;0,12;1;1;1
TIF;344;2016;154;0,42;0,11;0,11;0,00;0,00;0,10;0;1;1
TJX;345;2016;307;0,24;0,00;0,03;0,00;0,00;0,11;1;0;0
TMO;346;2016;222;0,34;0,00;0,04;0,00;0,00;0,15;1;0;1
TMUS;347;2016;316;0,23;0,00;0,07;0,00;0,00;0,16;0;0;0
TRI;348;2016;193;0,37;0,00;0,02;0,03;0,00;0,12;1;1;1
TRIP;349;2016;410;0,17;0,00;0,04;0,00;0,00;0,13;0;0;0
TROW;350;2016;171;0,40;0,09;0,05;0,02;0,09;0,10;0;0;1
TRV;351;2016;217;0,35;0,00;0,04;0,00;0,00;0,16;1;1;0
TSCO;352;2016;417;0,16;0,00;0,06;0,00;0,00;0,10;0;0;0
TSLA;353;2016;344;0,21;0,00;0,05;0,00;0,00;0,16;0;0;0
TSN;354;2016;328;0,22;0,06;0,04;0,02;0,00;0,10;0;0;0
TWC;355;2016;317;0,23;0,00;0,02;0,00;0,00;0,16;0;0;1
TWX;356;2016;317;0,23;0,00;0,02;0,00;0,00;0,16;0;0;1
TXN;357;2016;212;0,35;0,05;0,02;0,04;0,08;0,13;0;1;0
TXT;358;2016;156;0,42;0,02;0,02;0,04;0,11;0,08;1;1;0
UA;359;2016;440;0,14;0,00;0,02;0,00;0,00;0,12;0;0;0
UAL;360;2016;70;0,59;0,11;0,12;0,04;0,02;0,10;1;1;1
UHS;361;2016;434;0,15;0,00;0,01;0,00;0,00;0,14;0;0;0
UNH;362;2016;20;0,72;0,10;0,11;0,13;0,14;0,14;0;1;1
UNM;363;2016;140;0,44;0,01;0,03;0,03;0,06;0,16;1;0;1
UPS;364;2016;120;0,48;0,02;0,04;0,06;0,08;0,13;1;0;1
USB;365;2016;242;0,32;0,04;0,03;0,00;0,00;0,10;1;1;0
UTX;366;2016;135;0,46;0,00;0,04;0,06;0,05;0,11;1;1;1
V;367;2016;243;0,31;0,00;0,11;0,00;0,00;0,10;1;0;0
VFC;368;2016;209;0,36;0,00;0,04;0,00;0,00;0,12;1;1;1
VIA;369;2016;28;0,68;0,09;0,11;0,13;0,03;0,16;1;0;1
VLO;370;2016;428;0,16;0,00;0,09;0,00;0,00;0,02;0;1;0
VMW;371;2016;337;0,21;0,00;0,02;0,00;0,00;0,19;0;0;0
VNO;372;2016;192;0,38;0,02;0,02;0,06;0,08;0,14;0;0;1
VRSK;373;2016;405;0,17;0,00;0,01;0,00;0,00;0,16;0;0;0
VRTX;374;2016;389;0,18;0,00;0,01;0,00;0,00;0,17;0;0;0
VTR;375;2016;191;0,38;0,00;0,03;0,00;0,00;0,15;1;1;1
VZ;376;2016;95;0,54;0,10;0,06;0,02;0,00;0,16;1;1;1
WAT;377;2016;370;0,19;0,00;0,04;0,00;0,00;0,15;0;0;0
WBA;378;2016;250;0,31;0,08;0,08;0,00;0,00;0,14;0;0;0
WDAY;379;2016;203;0,36;0,00;0,07;0,00;0,00;0,19;1;0;0
WDC;380;2016;231;0,33;0,10;0,01;0,01;0,05;0,11;0;1;0
WFC;381;2016;186;0,38;0,03;0,03;0,01;0,01;0,10;1;1;1
WFM;382;2016;239;0,32;0,00;0,04;0,00;0,00;0,13;1;1;0
WHR;383;2016;204;0,36;0,00;0,06;0,00;0,00;0,15;1;1;0
WM;384;2016;210;0,36;0,00;0,02;0,00;0,00;0,13;1;1;1
WMB;385;2016;476;0,10;0,00;0,00;0,00;0,00;0,05;0;0;1
WMT;386;2016;184;0,38;0,00;0,06;0,00;0,00;0,12;1;1;1
WU;387;2016;248;0,31;0,00;0,06;0,00;0,00;0,10;1;1;0
WY;388;2016;151;0,43;0,01;0,02;0,03;0,03;0,14;1;1;1
WYN;389;2016;80;0,58;0,08;0,09;0,05;0,04;0,12;1;1;1
XEC;390;2016;496;0,03;0,00;0,02;0,00;0,00;0,01;0;0;0
XEL;391;2016;180;0,39;0,02;0,04;0,00;0,02;0,11;1;1;1
XLNX;392;2016;169;0,40;0,00;0,12;0,00;0,00;0,13;1;1;0
XOM;393;2016;75;0,59;0,06;0,09;0,09;0,13;0,02;1;1;1
XRX;394;2016;50;0,63;0,05;0,07;0,07;0,07;0,16;1;1;1
YHOO;395;2016;211;0,36;0,00;0,03;0,00;0,00;0,18;1;0;1
YUM;396;2016;201;0,37;0,06;0,06;0,00;0,00;0,10;1;0;1
ZBH;397;2016;310;0,24;0,00;0,09;0,00;0,00;0,15;0;0;0
A;1;2015;115;0,52;0,04;0,11;0,00;0,08;0,14;1;0;1
AAL;2;2015;271;0,30;0,01;0,03;0,00;0,00;0,10;1;1;0
AAP;3;2015;428;0,10;0,00;0,00;0,00;0,00;0,10;0;0;0
AAPL;4;2015;12;0,75;0,11;0,13;0,11;0,14;0,11;1;0;1
ABBV;5;2015;175;0,41;0,04;0,03;0,02;0,03;0,14;1;0;1
ABC;6;2015;394;0,14;0,00;0,00;0,00;0,00;0,14;0;0;0
ABT;7;2015;218;0,37;0,02;0,01;0,02;0,03;0,14;1;0;1
ACIW;8;2015;121;0,52;0,01;0,03;0,07;0,03;0,18;1;1;1
ADBE;9;2015;3;0,83;0,13;0,09;0,12;0,09;0,19;1;1;1
ADI;10;2015;124;0,51;0,08;0,08;0,07;0,04;0,13;0;1;1
ADM;11;2015;253;0,33;0,02;0,01;0,07;0,00;0,09;1;1;0
ADP;12;2015;282;0,28;0,00;0,07;0,00;0,00;0,16;0;1;0
ADS;13;2015;311;0,24;0,00;0,08;0,00;0,00;0,16;0;0;0
ADSK;14;2015;30;0,66;0,10;0,14;0,00;0,03;0,19;1;1;1
AEE;15;2015;222;0,37;0,09;0,01;0,00;0,00;0,12;1;1;0
AEP;16;2015;263;0,31;0,00;0,01;0,03;0,00;0,12;1;1;0
AET;17;2015;258;0,32;0,00;0,08;0,00;0,00;0,14;0;1;1
AFL;18;2015;9;0,75;0,09;0,09;0,09;0,12;0,16;1;1;1
AGN;19;2015;2;0,84;0,12;0,13;0,12;0,13;0,14;1;1;1
AIG;20;2015;275;0,29;0,00;0,00;0,00;0,00;0,14;1;1;0
AKAM;21;2015;57;0,61;0,01;0,07;0,00;0,15;0,18;1;1;1
ALL;22;2015;81;0,57;0,01;0,03;0,05;0,12;0,16;1;1;1
ALXN;23;2015;355;0,17;0,00;0,00;0,00;0,00;0,17;0;0;0
AMAT;24;2015;87;0,55;0,08;0,08;0,09;0,02;0,13;1;1;0
AME;25;2015;401;0,13;0,00;0,00;0,00;0,00;0,13;0;0;0
AMG;26;2015;428;0,10;0,00;0,00;0,00;0,00;0,10;0;0;0
AMGN;27;2015;21;0,70;0,08;0,09;0,08;0,08;0,17;1;1;1
AMP;28;2015;463;0,09;0,00;0,00;0,00;0,00;0,09;0;0;0
AMT;29;2015;383;0,15;0,00;0,00;0,00;0,00;0,15;0;0;0
AMZN;30;2015;414;0,12;0,00;0,00;0,00;0,00;0,12;0;0;0
ANDV;31;2015;472;0,06;0,00;0,00;0,00;0,00;0,01;0;1;0
APA;32;2015;266;0,31;0,09;0,04;0,01;0,00;0,01;1;0;1
APC;33;2015;187;0,40;0,10;0,03;0,05;0,00;0,02;1;1;1
APD;34;2015;127;0,51;0,01;0,02;0,07;0,13;0,08;1;1;1
APH;35;2015;402;0,13;0,00;0,00;0,00;0,00;0,13;0;0;0
ATVI;36;2015;428;0,10;0,00;0,00;0,00;0,00;0,10;0;0;0
AVB;37;2015;177;0,41;0,09;0,05;0,02;0,00;0,14;1;0;0
AWK;38;2015;24;0,68;0,08;0,06;0,15;0,11;0,18;1;0;0
AXP;39;2015;89;0,55;0,07;0,10;0,06;0,08;0,10;1;1;0
AZO;40;2015;428;0,10;0,00;0,00;0,00;0,00;0,10;0;0;0
BA;41;2015;23;0,69;0,07;0,11;0,12;0,10;0,09;1;1;1
BAC;42;2015;214;0,38;0,02;0,03;0,02;0,01;0,10;1;1;1
BAX;43;2015;151;0,45;0,01;0,04;0,01;0,05;0,14;1;1;1
BBBY;44;2015;428;0,10;0,00;0,00;0,00;0,00;0,10;0;0;0
BBT;45;2015;460;0,10;0,00;0,00;0,00;0,00;0,10;0;0;0
BBY;46;2015;35;0,65;0,13;0,07;0,08;0,08;0,10;1;1;1
BCR;47;2015;414;0,12;0,00;0,00;0,00;0,00;0,12;0;0;0
BDX;48;2015;209;0,38;0,02;0,04;0,03;0,01;0,14;1;1;0
BEN;49;2015;287;0,28;0,00;0,08;0,00;0,00;0,10;1;0;0
BF.A;50;2015;69;0,58;0,06;0,09;0,13;0,00;0,10;1;1;1
BG;51;2015;213;0,38;0,05;0,07;0,05;0,06;0,10;0;1;0
BHI;52;2015;200;0,39;0,07;0,10;0,00;0,00;0,02;1;1;1
BIIB;53;2015;1;0,89;0,14;0,14;0,13;0,11;0,17;1;1;1
BK;54;2015;161;0,44;0,01;0,02;0,05;0,06;0,10;1;1;1
BKE;55;2015;488;0,05;0,00;0,00;0,00;0,00;0,05;0;0;0
BLK;56;2015;274;0,29;0,00;0,09;0,00;0,00;0,10;1;0;0
BLL;57;2015;70;0,58;0,07;0,05;0,08;0,09;0,09;1;1;1
BMRN;58;2015;322;0,22;0,00;0,00;0,00;0,00;0,17;0;0;1
BMY;59;2015;98;0,54;0,02;0,06;0,08;0,06;0,14;1;1;1
BRK.A;60;2015;412;0,12;0,00;0,00;0,00;0,00;0,12;0;0;0
BSX;61;2015;29;0,67;0,06;0,07;0,09;0,10;0,15;1;1;1
BWA;62;2015;468;0,07;0,00;0,00;0,00;0,00;0,07;0;0;0
BX;63;2015;458;0,10;0,00;0,00;0,00;0,00;0,10;0;0;0
BXP;64;2015;394;0,14;0,00;0,00;0,00;0,00;0,14;0;0;0
C;65;2015;168;0,43;0,05;0,04;0,03;0,01;0,10;1;1;1
CA;66;2015;46;0,63;0,05;0,03;0,08;0,13;0,19;1;0;1
CAG;67;2015;206;0,39;0,02;0,04;0,02;0,00;0,10;1;1;1
CAH;68;2015;88;0,55;0,10;0,06;0,00;0,10;0,14;1;0;1
CAM;69;2015;492;0,02;0,00;0,00;0,00;0,00;0,02;0;0;0
CAT;70;2015;185;0,40;0,04;0,05;0,07;0,11;0,09;0;1;0
CBG;71;2015;143;0,47;0,13;0,12;0,00;0,00;0,08;1;0;1
CBS;72;2015;298;0,26;0,00;0,00;0,00;0,00;0,16;1;0;0
CCE;73;2015;8;0,75;0,12;0,14;0,12;0,11;0,07;1;1;1
CCI;74;2015;383;0,15;0,00;0,00;0,00;0,00;0,15;0;0;0
CCL;75;2015;196;0,40;0,01;0,01;0,06;0,01;0,12;1;1;1
CE;76;2015;383;0,15;0,00;0,00;0,00;0,00;0,10;0;1;0
CELG;77;2015;153;0,45;0,00;0,02;0,11;0,00;0,17;1;0;1
CERN;78;2015;339;0,19;0,00;0,00;0,00;0,00;0,19;0;0;0
CF;79;2015;425;0,10;0,00;0,00;0,00;0,00;0,10;0;0;0
CHD;80;2015;291;0,27;0,05;0,00;0,07;0,03;0,12;0;0;0
CHRW;81;2015;315;0,23;0,00;0,10;0,00;0,00;0,08;0;1;0
CHTR;82;2015;364;0,16;0,00;0,00;0,00;0,00;0,16;0;0;0
CI;83;2015;191;0,40;0,06;0,10;0,00;0,00;0,14;1;0;0
CIT;84;2015;428;0,10;0,00;0,00;0,00;0,00;0,10;0;0;0
CL;85;2015;49;0,63;0,08;0,09;0,07;0,09;0,11;1;1;1
CLR;86;2015;494;0,01;0,00;0,00;0,00;0,00;0,01;0;0;0
CLX;87;2015;38;0,65;0,07;0,08;0,06;0,13;0,12;1;1;1
CMCSA;88;2015;364;0,16;0,00;0,00;0,00;0,00;0,16;0;0;0
CME;89;2015;428;0,10;0,00;0,00;0,00;0,00;0,10;0;0;0
CMG;90;2015;428;0,10;0,00;0,00;0,00;0,00;0,10;0;0;0
CMI;91;2015;105;0,54;0,03;0,07;0,08;0,09;0,07;1;1;1
CNO;92;2015;364;0,16;0,00;0,00;0,00;0,00;0,16;0;0;0
CNP;93;2015;380;0,16;0,00;0,08;0,00;0,00;0,08;0;0;0
CNX;94;2015;32;0,66;0,04;0,11;0,09;0,12;0,11;1;1;1
COF;95;2015;262;0,31;0,02;0,04;0,00;0,00;0,10;1;0;1
COH;96;2015;414;0,12;0,00;0,00;0,00;0,00;0,12;0;0;0
COL;97;2015;290;0,27;0,00;0,04;0,00;0,00;0,13;1;0;0
COP;98;2015;150;0,45;0,04;0,06;0,10;0,05;0,01;1;1;1
COST;99;2015;301;0,25;0,00;0,08;0,00;0,00;0,12;0;1;0
CPB;100;2015;146;0,47;0,04;0,06;0,01;0,06;0,10;1;1;1
CRM;101;2015;201;0,39;0,07;0,04;0,00;0,00;0,19;1;0;0
CSCO;102;2015;43;0,63;0,06;0,08;0,06;0,10;0,14;1;1;1
CSX;103;2015;96;0,55;0,06;0,07;0,04;0,00;0,18;1;1;1
CTL;104;2015;182;0,41;0,02;0,00;0,02;0,00;0,16;1;1;1
CTSH;105;2015;55;0,61;0,09;0,04;0,04;0,10;0,15;1;1;1
CTXS;106;2015;340;0,19;0,00;0,00;0,00;0,00;0,19;0;0;0
CVS;107;2015;16;0,74;0,13;0,14;0,12;0,00;0,14;1;1;1
CVX;108;2015;130;0,50;0,06;0,09;0,09;0,06;0,01;1;1;1
CXO;109;2015;494;0,01;0,00;0,00;0,00;0,00;0,01;0;0;0
D;110;2015;212;0,38;0,11;0,04;0,01;0,00;0,12;1;0;0
DAL;111;2015;74;0,58;0,04;0,06;0,08;0,09;0,10;1;1;1
DD;112;2015;83;0,56;0,08;0,06;0,14;0,00;0,09;1;1;1
DE;113;2015;233;0,35;0,00;0,09;0,00;0,00;0,07;1;1;1
DFS;114;2015;428;0,10;0,00;0,00;0,00;0,00;0,10;0;0;0
DG;115;2015;426;0,10;0,00;0,00;0,00;0,00;0,10;0;0;0
DGX;116;2015;195;0,40;0,01;0,04;0,04;0,02;0,14;1;1;0
DHR;117;2015;399;0,14;0,00;0,00;0,00;0,00;0,14;0;0;0
DIS;118;2015;255;0,32;0,01;0,01;0,00;0,01;0,14;1;1;0
DISCA;119;2015;364;0,16;0,00;0,00;0,00;0,00;0,16;0;0;0
DISH ;120;2015;364;0,16;0,00;0,00;0,00;0,00;0,16;0;0;0
DLTR;121;2015;428;0,10;0,00;0,00;0,00;0,00;0,10;0;0;0
DOV;122;2015;281;0,28;0,08;0,06;0,00;0,00;0,10;0;1;0
DOW;123;2015;135;0,50;0,06;0,05;0,06;0,03;0,10;1;1;1
DPS;124;2015;76;0,58;0,13;0,08;0,09;0,00;0,07;1;1;1
DTE;125;2015;80;0,57;0,08;0,03;0,12;0,03;0,11;1;1;1
DUK;126;2015;111;0,53;0,05;0,02;0,09;0,11;0,06;1;1;1
DVA;127;2015;278;0,29;0,06;0,04;0,00;0,00;0,14;0;1;0
DVN;128;2015;272;0,29;0,00;0,02;0,06;0,00;0,01;1;1;1
EBAY;129;2015;197;0,40;0,10;0,11;0,00;0,00;0,14;0;0;1
ECL;130;2015;7;0,78;0,13;0,14;0,14;0,06;0,10;1;1;1
EFX;131;2015;428;0,10;0,00;0,00;0,00;0,00;0,10;0;0;0
EIX;132;2015;414;0,12;0,00;0,00;0,00;0,00;0,12;0;0;0
EMC;133;2015;84;0,56;0,06;0,07;0,10;0,00;0,13;1;1;1
EMN;134;2015;268;0,30;0,04;0,03;0,00;0,00;0,09;1;1;0
EMR;135;2015;319;0,22;0,00;0,04;0,00;0,00;0,13;0;1;0
EOG;136;2015;477;0,05;0,00;0,04;0,00;0,00;0,01;0;0;0
EPD;137;2015;478;0,05;0,00;0,00;0,00;0,00;0,05;0;0;0
EQIX;138;2015;383;0,15;0,00;0,00;0,00;0,00;0,15;0;0;0
EQR;139;2015;394;0,14;0,00;0,00;0,00;0,00;0,14;0;0;0
EQT;140;2015;410;0,12;0,00;0,02;0,03;0,00;0,02;0;1;0
ESRX;141;2015;309;0,24;0,00;0,00;0,00;0,00;0,14;1;0;0
ETP;142;2015;479;0,05;0,00;0,00;0,00;0,00;0,05;0;0;0
ETR;143;2015;223;0,36;0,00;0,04;0,00;0,00;0,12;1;1;1
EXC;144;2015;61;0,60;0,06;0,07;0,02;0,13;0,12;1;1;1
EXPE;145;2015;294;0,27;0,00;0,14;0,00;0,00;0,13;0;0;0
EXR;146;2015;383;0,15;0,00;0,00;0,00;0,00;0,15;0;0;0
F;147;2015;113;0,53;0,06;0,05;0,08;0,07;0,07;1;1;1
FAST;148;2015;428;0,10;0,00;0,00;0,00;0,00;0,10;0;0;0
FB;149;2015;293;0,27;0,05;0,04;0,00;0,00;0,18;0;0;0
FDX;150;2015;154;0,45;0,01;0,03;0,00;0,08;0,13;1;1;1
FE;151;2015;362;0,17;0,00;0,00;0,00;0,00;0,12;0;0;1
FIS;152;2015;364;0,16;0,00;0,00;0,00;0,00;0,16;0;0;0
FISV;153;2015;364;0,16;0,00;0,00;0,00;0,00;0,16;0;0;0
FITB;154;2015;283;0,28;0,00;0,03;0,00;0,00;0,10;1;0;1
FLT;155;2015;364;0,16;0,00;0,00;0,00;0,00;0,16;0;0;0
FNMA;156;2015;428;0,10;0,00;0,00;0,00;0,00;0,10;0;0;0
FOX;157;2015;142;0,47;0,00;0,11;0,00;0,00;0,16;1;1;1
GD;158;2015;490;0,05;0,00;0,00;0,00;0,00;0,05;0;0;0
GE;159;2015;62;0,59;0,08;0,07;0,07;0,07;0,11;1;1;1
GGP;160;2015;324;0,21;0,02;0,03;0,00;0,03;0,13;0;0;0
GILD;161;2015;355;0,17;0,00;0,00;0,00;0,00;0,17;0;0;0
GIS;162;2015;48;0,63;0,08;0,09;0,08;0,08;0,10;1;1;1
GLW;163;2015;237;0,35;0,00;0,02;0,00;0,00;0,13;1;1;1
GM;164;2015;189;0,40;0,03;0,02;0,05;0,03;0,07;1;1;1
GPC;165;2015;465;0,09;0,00;0,00;0,00;0,00;0,09;0;0;0
GPS;166;2015;257;0,32;0,00;0,06;0,00;0,00;0,11;1;1;0
GS;167;2015;31;0,66;0,11;0,07;0,08;0,11;0,10;1;1;1
GWW;168;2015;219;0,37;0,08;0,09;0,00;0,00;0,10;0;1;1
HAL;169;2015;325;0,21;0,00;0,04;0,00;0,00;0,02;1;1;0
HCA;170;2015;340;0,19;0,00;0,00;0,00;0,00;0,14;0;0;1
HCP;171;2015;51;0,62;0,06;0,04;0,09;0,09;0,15;1;1;1
HD;172;2015;125;0,51;0,03;0,04;0,12;0,03;0,10;1;1;1
HES;173;2015;63;0,59;0,10;0,10;0,12;0,04;0,03;1;1;1
HIG;174;2015;141;0,48;0,03;0,05;0,02;0,03;0,16;1;1;1
HLT ;175;2015;300;0,26;0,04;0,00;0,00;0,00;0,12;1;0;0
HOG;176;2015;117;0,52;0,10;0,08;0,12;0,09;0,07;0;1;0
HON;177;2015;220;0,37;0,04;0,01;0,00;0,00;0,12;1;1;1
HOT;178;2015;256;0,32;0,01;0,03;0,00;0,00;0,12;1;0;1
HRL;179;2015;243;0,34;0,03;0,01;0,03;0,03;0,10;1;1;0
HSIC;180;2015;414;0,12;0,00;0,00;0,00;0,00;0,12;0;0;0
HST;181;2015;199;0,39;0,00;0,05;0,00;0,00;0,14;1;1;1
HSY;182;2015;6;0,79;0,14;0,10;0,12;0,12;0,10;1;1;1
HUM;183;2015;25;0,68;0,07;0,07;0,09;0,11;0,14;1;1;1
IBM;184;2015;132;0,50;0,02;0,02;0,04;0,06;0,17;1;1;1
ICE;185;2015;428;0,10;0,00;0,00;0,00;0,00;0,10;0;0;0
IEP;186;2015;491;0,04;0,00;0,00;0,00;0,00;0,04;0;0;0
ILMN;187;2015;164;0,43;0,00;0,04;0,11;0,06;0,17;0;1;0
INCY ;188;2015;355;0,17;0,00;0,00;0,00;0,00;0,17;0;0;0
INTC;189;2015;71;0,58;0,08;0,07;0,06;0,03;0,13;1;1;1
INTU;190;2015;269;0,30;0,00;0,11;0,00;0,00;0,19;0;0;0
IP;191;2015;235;0,35;0,00;0,04;0,03;0,00;0,08;1;1;1
IPG;192;2015;383;0,15;0,00;0,00;0,00;0,00;0,10;0;1;0
ISRG;193;2015;383;0,15;0,00;0,00;0,00;0,00;0,15;0;0;0
ITT;194;2015;349;0,18;0,00;0,00;0,00;0,00;0,18;0;0;0
ITW;195;2015;136;0,50;0,06;0,06;0,08;0,05;0,10;1;1;0
IVZ;196;2015;47;0,63;0,11;0,06;0,10;0,07;0,10;1;1;1
JBHT;197;2015;252;0,33;0,00;0,10;0,00;0,00;0,08;1;0;1
JCI;198;2015;64;0,59;0,09;0,09;0,10;0,02;0,09;1;1;1
JNJ;199;2015;17;0,73;0,11;0,12;0,11;0,06;0,13;1;1;1
JNPR;200;2015;36;0,65;0,03;0,05;0,09;0,14;0,15;1;1;1
JPM;201;2015;156;0,44;0,04;0,04;0,04;0,02;0,10;1;1;1
JWN;202;2015;95;0,55;0,12;0,10;0,00;0,12;0,11;1;0;0
K;203;2015;68;0,58;0,05;0,06;0,09;0,09;0,10;1;1;1
KEY;204;2015;241;0,35;0,01;0,03;0,00;0,01;0,10;1;1;1
KIM;205;2015;138;0,49;0,12;0,08;0,01;0,00;0,13;1;0;1
KLAC;206;2015;295;0,26;0,00;0,13;0,00;0,00;0,13;0;0;0
KMB;207;2015;239;0,35;0,02;0,03;0,03;0,01;0,11;1;0;1
KMI;208;2015;479;0,05;0,00;0,00;0,00;0,00;0,05;0;0;0
KMX;209;2015;428;0,10;0,00;0,00;0,00;0,00;0,10;0;0;0
KO;210;2015;34;0,66;0,09;0,11;0,09;0,10;0,07;1;1;1
KR;211;2015;232;0,36;0,08;0,00;0,00;0,00;0,13;1;1;0
KSS;212;2015;122;0,51;0,08;0,04;0,02;0,06;0,11;1;1;1
KSU;213;2015;349;0,18;0,00;0,00;0,00;0,00;0,18;0;0;0
L;214;2015;321;0,22;0,00;0,00;0,00;0,00;0,12;1;0;0
LB;215;2015;279;0,29;0,00;0,04;0,00;0,00;0,10;1;0;1
LH;216;2015;394;0,14;0,00;0,00;0,00;0,00;0,14;0;0;0
LLL;217;2015;467;0,07;0,00;0,00;0,00;0,00;0,02;0;0;1
LLTC;218;2015;353;0,17;0,00;0,04;0,00;0,00;0,13;0;0;0
LLY;219;2015;139;0,49;0,12;0,03;0,00;0,00;0,14;1;1;1
LMT;220;2015;56;0,61;0,08;0,09;0,06;0,13;0,05;1;1;1
LNC;221;2015;221;0,37;0,03;0,07;0,00;0,00;0,16;1;0;0
LNG;222;2015;494;0,01;0,00;0,00;0,00;0,00;0,01;0;0;0
LOW;223;2015;423;0,11;0,00;0,01;0,00;0,00;0,10;0;0;0
LRCX;224;2015;320;0,22;0,00;0,00;0,00;0,09;0,13;0;0;0
LTRPA;225;2015;326;0,21;0,00;0,00;0,00;0,00;0,16;0;0;1
LUV;226;2015;215;0,38;0,03;0,04;0,11;0,00;0,10;0;1;1
LVS;227;2015;60;0,60;0,09;0,10;0,08;0,07;0,07;1;1;1
LYB;228;2015;171;0,42;0,04;0,06;0,09;0,02;0,06;1;1;0
M;229;2015;323;0,22;0,00;0,00;0,00;0,00;0,12;1;0;0
MA;230;2015;188;0,40;0,12;0,13;0,00;0,00;0,10;0;1;0
MAC;231;2015;317;0,23;0,02;0,01;0,00;0,02;0,13;0;0;1
MAR;232;2015;231;0,36;0,04;0,04;0,02;0,00;0,12;1;0;1
MAS;233;2015;45;0,63;0,10;0,12;0,12;0,02;0,12;1;0;1
MAT;234;2015;299;0,26;0,00;0,01;0,00;0,00;0,10;1;1;0
MCD;235;2015;163;0,43;0,02;0,11;0,00;0,00;0,10;1;1;1
MCHP;236;2015;249;0,33;0,06;0,04;0,00;0,00;0,13;1;0;0
MCK;237;2015;296;0,26;0,00;0,12;0,00;0,00;0,14;0;0;0
MCO;238;2015;428;0,10;0,00;0,00;0,00;0,00;0,10;0;0;0
MDLZ;239;2015;82;0,56;0,08;0,09;0,09;0,00;0,10;1;1;1
MET;240;2015;13;0,75;0,09;0,12;0,09;0,09;0,16;1;1;1
MGLN;241;2015;479;0,05;0,00;0,00;0,00;0,00;0,05;0;0;0
MGM ;242;2015;112;0,53;0,06;0,08;0,06;0,06;0,07;1;1;1
MHK;243;2015;312;0,23;0,00;0,02;0,01;0,01;0,14;0;0;1
MJN;244;2015;10;0,75;0,09;0,13;0,12;0,11;0,10;1;1;1
MKC;245;2015;27;0,67;0,12;0,11;0,13;0,06;0,10;1;1;0
MKL;246;2015;289;0,28;0,00;0,02;0,00;0,00;0,16;0;1;1
MMC;247;2015;227;0,36;0,00;0,02;0,00;0,00;0,14;1;1;1
MMM;248;2015;170;0,42;0,03;0,03;0,03;0,02;0,11;1;1;1
MNST;249;2015;468;0,07;0,00;0,00;0,00;0,00;0,07;0;0;0
MO;250;2015;144;0,47;0,08;0,12;0,05;0,12;0,01;0;1;1
MON;251;2015;52;0,62;0,09;0,06;0,09;0,11;0,07;1;1;1
MOS;252;2015;181;0,41;0,02;0,05;0,02;0,01;0,10;1;1;1
MPC;253;2015;260;0,31;0,05;0,07;0,00;0,08;0,01;1;0;0
MRK;254;2015;86;0,56;0,02;0,04;0,06;0,10;0,14;1;1;1
MRO;255;2015;307;0,25;0,03;0,06;0,00;0,00;0,01;1;1;0
MS;256;2015;131;0,50;0,04;0,04;0,00;0,12;0,10;1;1;1
MSFT;257;2015;59;0,60;0,05;0,03;0,06;0,08;0,18;1;1;1
MSI;258;2015;211;0,38;0,01;0,02;0,00;0,01;0,14;1;1;1
MTB;259;2015;306;0,25;0,00;0,01;0,00;0,00;0,08;1;1;0
MU;260;2015;334;0,20;0,00;0,02;0,00;0,00;0,13;0;0;1
MXIM;261;2015;172;0,42;0,06;0,06;0,06;0,06;0,13;0;0;1
MYL;262;2015;393;0,14;0,00;0,00;0,00;0,00;0,14;0;0;0
NBL;263;2015;314;0,23;0,05;0,06;0,06;0,00;0,01;0;1;0
NEE;264;2015;216;0,38;0,01;0,05;0,03;0,00;0,14;1;1;0
NEM;265;2015;251;0,33;0,04;0,05;0,01;0,01;0,02;1;1;1
NFLX;266;2015;326;0,21;0,00;0,00;0,00;0,00;0,16;0;0;1
NKE;267;2015;53;0,62;0,02;0,03;0,11;0,12;0,13;1;1;1
NLSN;268;2015;428;0,10;0,00;0,00;0,00;0,00;0,10;0;0;0
NLY;269;2015;479;0,05;0,00;0,00;0,00;0,00;0,05;0;0;0
NOC;270;2015;167;0,43;0,10;0,06;0,00;0,00;0,07;1;1;1
NOV;271;2015;413;0,12;0,00;0,00;0,00;0,00;0,02;1;0;0
NOW;272;2015;355;0,17;0,00;0,00;0,00;0,00;0,17;0;0;0
NSC;273;2015;65;0,59;0,05;0,05;0,00;0,11;0,18;1;1;1
NTRS;274;2015;316;0,23;0,05;0,03;0,00;0,00;0,10;0;0;1
NUE;275;2015;466;0,08;0,00;0,00;0,00;0,00;0,08;0;0;0
NVDA;276;2015;20;0,71;0,12;0,11;0,11;0,09;0,13;1;0;1
NWL;277;2015;79;0,57;0,05;0,03;0,13;0,10;0,15;0;1;1
O;278;2015;402;0,13;0,00;0,00;0,00;0,00;0,13;0;0;0
OKE;279;2015;285;0,28;0,00;0,12;0,00;0,00;0,06;1;0;0
OMC;280;2015;159;0,44;0,12;0,07;0,00;0,00;0,10;1;1;0
ORCL;281;2015;193;0,40;0,00;0,07;0,00;0,00;0,18;1;1;0
ORLY;282;2015;428;0,10;0,00;0,00;0,00;0,00;0,10;0;0;0
OXY;283;2015;242;0,35;0,02;0,03;0,01;0,07;0,02;1;1;1
PAA;284;2015;479;0,05;0,00;0,00;0,00;0,00;0,05;0;0;0
PAYX;285;2015;364;0,16;0,00;0,00;0,00;0,00;0,16;0;0;0
PCAR;286;2015;267;0,30;0,00;0,08;0,00;0,00;0,07;1;0;1
PCG;287;2015;42;0,64;0,08;0,11;0,03;0,10;0,12;1;1;1
PCLN;288;2015;402;0,13;0,00;0,00;0,00;0,00;0,13;0;0;0
PEG;289;2015;292;0,27;0,00;0,00;0,00;0,00;0,12;1;0;1
PEP;290;2015;137;0,49;0,02;0,04;0,08;0,08;0,07;1;1;1
PFE;291;2015;118;0,52;0,04;0,06;0,03;0,04;0,14;1;1;1
PFG;292;2015;148;0,46;0,02;0,03;0,01;0,04;0,16;1;1;1
PG;293;2015;110;0,53;0,04;0,07;0,04;0,11;0,12;1;1;0
PGR;294;2015;379;0,16;0,00;0,00;0,00;0,00;0,16;0;0;0
PH;295;2015;264;0,31;0,08;0,06;0,00;0,00;0,12;0;1;0
PLD;296;2015;19;0,71;0,13;0,14;0,04;0,07;0,14;1;1;1
PM;297;2015;85;0,56;0,11;0,09;0,13;0,08;0,00;1;0;1
PNC;298;2015;229;0,36;0,02;0,03;0,02;0,06;0,09;1;0;1
PPG;299;2015;230;0,36;0,00;0,11;0,00;0,00;0,10;1;1;0
PPL;300;2015;313;0,23;0,00;0,00;0,00;0,11;0,12;0;0;0
PRU;301;2015;109;0,53;0,06;0,06;0,05;0,08;0,14;1;1;0
PSX;302;2015;464;0,09;0,00;0,00;0,00;0,00;0,04;0;0;1
PX;303;2015;128;0,50;0,04;0,02;0,07;0,11;0,06;1;1;1
PXD;304;2015;494;0,01;0,00;0,00;0,00;0,00;0,01;0;0;0
QCOM;305;2015;26;0,68;0,12;0,12;0,15;0,06;0,13;0;1;1
RAI;306;2015;288;0,28;0,04;0,02;0,05;0,01;0,00;1;0;1
RCL;307;2015;107;0,54;0,02;0,01;0,10;0,08;0,12;1;1;1
REGN;308;2015;355;0,17;0,00;0,00;0,00;0,00;0,17;0;0;0
RF;309;2015;428;0,10;0,00;0,00;0,00;0,00;0,10;0;0;0
RHT;310;2015;340;0,19;0,00;0,00;0,00;0,00;0,19;0;0;0
RL;311;2015;338;0,19;0,00;0,07;0,00;0,00;0,12;0;0;0
ROK;312;2015;58;0,60;0,00;0,08;0,12;0,09;0,12;1;1;1
ROP;313;2015;400;0,13;0,00;0,00;0,00;0,00;0,13;0;0;0
ROST;314;2015;422;0,11;0,00;0,00;0,00;0,00;0,11;0;0;0
RSG;315;2015;276;0,29;0,00;0,01;0,00;0,00;0,13;1;0;1
RTN;316;2015;73;0,58;0,09;0,09;0,08;0,07;0,05;1;1;1
S;317;2015;28;0,67;0,09;0,11;0,07;0,05;0,16;1;1;1
SBAC ;318;2015;364;0,16;0,00;0,00;0,00;0,00;0,16;0;0;0
SBUX;319;2015;140;0,49;0,10;0,08;0,00;0,00;0,10;1;1;1
SCHW;320;2015;348;0,19;0,06;0,02;0,01;0,00;0,10;0;0;0
SE;321;2015;102;0,54;0,12;0,03;0,02;0,10;0,06;1;1;1
SHW;322;2015;134;0,50;0,11;0,12;0,00;0,00;0,12;1;1;0
SIRI;323;2015;364;0,16;0,00;0,00;0,00;0,00;0,16;0;0;0
SJM;324;2015;265;0,31;0,00;0,06;0,00;0,00;0,10;1;0;1
SLB;325;2015;119;0,52;0,04;0,07;0,12;0,12;0,02;1;0;1
SLG;326;2015;382;0,16;0,00;0,02;0,00;0,00;0,14;0;0;0
SNDK;327;2015;250;0,33;0,00;0,05;0,00;0,00;0,13;1;0;1
SO;328;2015;280;0,28;0,00;0,02;0,04;0,00;0,12;1;0;0
SPG;329;2015;165;0,43;0,03;0,07;0,00;0,00;0,13;1;1;1
SRCL;330;2015;402;0,13;0,00;0,00;0,00;0,00;0,13;0;0;0
SRE;331;2015;133;0,50;0,00;0,09;0,09;0,00;0,11;1;1;1
STI;332;2015;428;0,10;0,00;0,00;0,00;0,00;0,10;0;0;0
STJ;333;2015;169;0,42;0,12;0,07;0,08;0,00;0,15;0;0;0
STT;334;2015;308;0,24;0,01;0,03;0,01;0,00;0,10;0;1;1
STZ;335;2015;173;0,41;0,08;0,12;0,01;0,05;0,10;0;0;1
SWK;336;2015;18;0,73;0,09;0,09;0,13;0,12;0,15;1;0;1
SYK;337;2015;240;0,35;0,00;0,10;0,00;0,00;0,15;1;0;0
SYMC;338;2015;178;0,41;0,01;0,02;0,03;0,01;0,19;1;0;1
SYY;339;2015;305;0,25;0,00;0,07;0,00;0,00;0,13;0;1;0
T;340;2015;103;0,54;0,06;0,03;0,04;0,04;0,16;1;1;1
TAP;341;2015;157;0,44;0,03;0,05;0,03;0,06;0,08;1;1;1
TDG;342;2015;402;0,13;0,00;0,00;0,00;0,00;0,13;0;0;0
TGT;343;2015;147;0,47;0,04;0,06;0,05;0,00;0,12;1;1;1
TIF;344;2015;174;0,41;0,12;0,09;0,00;0,00;0,10;0;1;1
TJX;345;2015;331;0,21;0,00;0,00;0,00;0,00;0,11;1;0;0
TMO;346;2015;158;0,44;0,09;0,05;0,00;0,00;0,15;1;0;1
TMUS;347;2015;364;0,16;0,00;0,00;0,00;0,00;0,16;0;0;0
TRI;348;2015;226;0,36;0,00;0,03;0,00;0,00;0,13;1;1;1
TRIP;349;2015;402;0,13;0,00;0,00;0,00;0,00;0,13;0;0;0
TROW;350;2015;183;0,40;0,06;0,04;0,06;0,09;0,10;0;0;1
TRV;351;2015;247;0,33;0,00;0,02;0,00;0,00;0,16;1;1;0
TSCO;352;2015;428;0,10;0,00;0,00;0,00;0,00;0,10;0;0;0
TSLA;353;2015;364;0,16;0,00;0,00;0,00;0,00;0,16;0;0;0
TSN;354;2015;381;0,16;0,00;0,03;0,03;0,00;0,10;0;0;0
TWC;355;2015;326;0,21;0,00;0,00;0,00;0,00;0,16;0;0;1
TWX;356;2015;273;0,29;0,00;0,09;0,00;0,00;0,16;0;1;0
TXN;357;2015;236;0,35;0,04;0,02;0,06;0,08;0,10;0;1;0
TXT;358;2015;203;0,39;0,02;0,02;0,02;0,11;0,07;1;1;0
UA;359;2015;414;0,12;0,00;0,00;0,00;0,00;0,12;0;0;0
UAL;360;2015;90;0,55;0,09;0,10;0,03;0,04;0,10;1;1;1
UHS;361;2015;394;0,14;0,00;0,00;0,00;0,00;0,14;0;0;0
UNH;362;2015;11;0,75;0,13;0,13;0,13;0,11;0,14;0;1;1
UNM;363;2015;145;0,47;0,02;0,03;0,03;0,08;0,16;1;0;1
UPS;364;2015;97;0,55;0,03;0,04;0,05;0,15;0,13;1;0;1
USB;365;2015;261;0,31;0,03;0,03;0,00;0,00;0,10;1;1;0
UTX;366;2015;166;0,43;0,00;0,03;0,05;0,03;0,12;1;1;1
V;367;2015;234;0,35;0,03;0,13;0,00;0,00;0,10;1;0;0
VFC;368;2015;176;0,41;0,02;0,04;0,01;0,02;0,12;1;1;1
VIA;369;2015;91;0,55;0,11;0,12;0,04;0,02;0,16;1;0;0
VLO;370;2015;470;0,07;0,00;0,00;0,00;0,00;0,02;0;1;0
VMW;371;2015;340;0,19;0,00;0,00;0,00;0,00;0,19;0;0;0
VNO;372;2015;208;0,38;0,03;0,02;0,04;0,10;0,14;0;0;1
VRSK;373;2015;364;0,16;0,00;0,00;0,00;0,00;0,16;0;0;0
VRTX;374;2015;355;0,17;0,00;0,00;0,00;0,00;0,17;0;0;0
VTR;375;2015;186;0,40;0,00;0,06;0,00;0,00;0,15;1;1;1
VZ;376;2015;116;0,52;0,10;0,06;0,00;0,00;0,16;1;1;1
WAT;377;2015;332;0,21;0,00;0,06;0,00;0,00;0,15;0;0;0
WBA;378;2015;270;0,30;0,00;0,06;0,00;0,00;0,14;1;0;0
WDAY;379;2015;277;0,29;0,00;0,00;0,00;0,00;0,19;1;0;0
WDC;380;2015;245;0,34;0,01;0,00;0,03;0,13;0,11;0;1;0
WFC;381;2015;210;0,38;0,02;0,03;0,01;0,02;0,10;1;1;1
WFM;382;2015;149;0,45;0,09;0,02;0,05;0,02;0,13;1;1;0
WHR;383;2015;108;0,53;0,05;0,05;0,07;0,06;0,15;1;1;0
WM;384;2015;217;0,37;0,00;0,02;0,00;0,00;0,15;1;1;1
WMB;385;2015;472;0,06;0,00;0,00;0,00;0,00;0,01;0;0;1
WMT;386;2015;205;0,39;0,00;0,07;0,00;0,00;0,12;1;1;1
WU;387;2015;129;0,50;0,12;0,00;0,13;0,00;0,10;1;1;0
WY;388;2015;152;0,45;0,01;0,03;0,03;0,05;0,14;1;1;1
WYN;389;2015;114;0,53;0,06;0,08;0,04;0,02;0,12;1;1;1
XEC;390;2015;494;0,01;0,00;0,00;0,00;0,00;0,01;0;0;0
XEL;391;2015;194;0,40;0,02;0,04;0,00;0,02;0,11;1;1;1
XLNX;392;2015;207;0,38;0,00;0,10;0,00;0,00;0,13;1;1;0
XOM;393;2015;72;0,58;0,05;0,08;0,10;0,14;0,02;1;1;1
XRX;394;2015;75;0,58;0,04;0,07;0,07;0,03;0,16;1;1;1
YHOO;395;2015;228;0,36;0,00;0,03;0,00;0,00;0,18;1;0;1
YUM;396;2015;238;0,35;0,05;0,05;0,00;0,00;0,10;1;0;1
ZBH;397;2015;304;0,25;0,00;0,10;0,00;0,00;0,15;0;0;0
A;1;2014;10;0,71;0,79;0,72;0,54;0,57;0,84;1;0;1
AAL;2;2014;243;0,29;0,05;0,14;0,16;0,23;0,28;1;1;0
AAP;3;2014;435;0,00;0,00;0,00;0,00;0,00;0,00;0;0;0
AAPL;4;2014;48;0,57;0,92;0,96;0,96;0,94;0,01;0;0;0
ABBV;5;2014;254;0,28;0,22;0,13;0,07;0,16;0,20;1;0;1
ABC;6;2014;372;0,13;0,00;0,00;0,00;0,00;0,64;0;0;0
ABT;7;2014;242;0,29;0,12;0,08;0,15;0,35;0,19;1;0;1
ACIW;8;2014;160;0,39;0,20;0,43;0,40;0,02;0,67;0;1;1
ADBE;9;2014;2;0,84;0,83;0,87;0,99;0,92;0,51;1;1;1
ADI;10;2014;50;0,56;0,55;0,48;0,59;0,30;0,86;0;1;1
ADM;11;2014;307;0,19;0,06;0,09;0,55;0,00;0,19;0;1;0
ADP;12;2014;105;0,47;0,47;0,38;0,61;0,00;1,00;0;1;0
ADS;13;2014;435;0,00;0,00;0,00;0,00;0,00;0,00;0;0;0
ADSK;14;2014;26;0,62;0,63;0,94;0,30;0,62;1,00;0;0;1
AEE;15;2014;247;0,29;0,52;0,03;0,00;0,00;0,29;1;1;0
AEP;16;2014;321;0,18;0,02;0,02;0,03;0,00;0,07;1;1;0
AET;17;2014;145;0,41;0,65;0,74;0,00;0,00;0,74;0;1;0
AFL;18;2014;92;0,49;0,85;0,63;0,00;0,00;0,82;0;1;1
AGN;19;2014;1;0,85;0,72;0,85;0,61;0,82;1,00;1;1;1
AIG;20;2014;313;0,18;0,00;0,00;0,00;0,00;0,65;0;1;0
AKAM;21;2014;164;0,39;0,03;0,12;0,00;0,68;0,82;0;1;1
ALL;22;2014;84;0,49;0,19;0,21;0,31;0,72;0,87;0;1;1
ALXN;23;2014;373;0,13;0,00;0,00;0,00;0,00;0,63;0;0;0
AMAT;24;2014;17;0,67;0,61;0,65;0,72;0,32;0,89;1;1;0
AME;25;2014;435;0,00;0,00;0,00;0,00;0,00;0,00;0;0;0
AMG;26;2014;315;0,18;0,00;0,00;0,00;0,00;0,89;0;0;0
AMGN;27;2014;58;0,54;0,64;0,51;0,52;0,43;0,60;0;1;1
AMP;28;2014;325;0,17;0,00;0,00;0,00;0,00;0,86;0;0;0
AMT;29;2014;435;0,00;0,00;0,00;0,00;0,00;0,00;0;0;0
AMZN;30;2014;434;0,01;0,00;0,00;0,00;0,00;0,07;0;0;0
ANDV;31;2014;384;0,12;0,00;0,00;0,00;0,00;0,34;0;1;0
APA;32;2014;294;0,22;0,49;0,18;0,06;0,00;0,30;0;0;1
APC;33;2014;216;0,32;0,58;0,10;0,61;0,00;0,14;0;1;1
APD;34;2014;55;0,54;0,07;0,17;0,23;0,92;0,69;1;1;1
APH;35;2014;387;0,12;0,00;0,00;0,00;0,00;0,59;0;0;0
ATVI;36;2014;435;0,00;0,00;0,00;0,00;0,00;0,00;0;0;0
AVB;37;2014;435;0,00;0,00;0,00;0,00;0,00;0,00;0;0;0
AWK;38;2014;124;0,45;0,62;0,62;0,00;0,00;0,55;1;1;0
AXP;39;2014;190;0,35;0,58;0,63;0,30;0,07;0,57;0;0;0
AZO;40;2014;435;0,00;0,00;0,00;0,00;0,00;0,00;0;0;0
BA;41;2014;116;0,46;0,69;0,78;0,84;0,00;0,05;0;1;1
BAC;42;2014;262;0,27;0,12;0,20;0,05;0,04;0,02;1;1;1
BAX;43;2014;207;0,34;0,10;0,18;0,05;0,16;0,32;1;1;1
BBBY;44;2014;385;0,12;0,00;0,00;0,00;0,00;0,59;0;0;0
BBT;45;2014;356;0,14;0,00;0,00;0,00;0,00;0,72;0;0;0
BBY;46;2014;81;0,50;0,68;0,60;0,00;0,72;0,49;0;1;1
BCR;47;2014;423;0,06;0,00;0,00;0,00;0,00;0,29;0;0;0
BDX;48;2014;335;0,17;0,10;0,14;0,06;0,31;0,38;0;0;0
BEN;49;2014;211;0,33;0,65;0,48;0,00;0,00;0,78;0;0;0
BF.A;50;2014;42;0,58;0,31;0,60;0,44;0,00;0,91;1;1;1
BG;51;2014;268;0,26;0,21;0,36;0,41;0,47;0,22;0;0;0
BHI;52;2014;11;0,71;0,75;0,75;0,61;0,14;0,85;1;1;1
BIIB;53;2014;7;0,76;0,69;0,83;0,85;0,97;0,53;1;0;1
BK;54;2014;67;0,53;0,15;0,26;0,41;0,40;0,72;1;1;1
BKE;55;2014;435;0,00;0,00;0,00;0,00;0,00;0,00;0;0;0
BLK;56;2014;170;0,38;0,75;0,71;0,00;0,00;0,29;1;0;0
BLL;57;2014;3;0,84;0,70;0,75;0,76;0,83;0,89;1;1;1
BMRN;58;2014;435;0,00;0,00;0,00;0,00;0,00;0,00;0;0;0
BMY;59;2014;88;0,49;0,18;0,34;0,49;0,28;0,46;1;1;1
BRK.A;60;2014;431;0,02;0,00;0,00;0,00;0,00;0,10;0;0;0
BSX;61;2014;244;0,29;0,00;0,27;0,44;0,49;0,31;0;1;0
BWA;62;2014;435;0,00;0,00;0,00;0,00;0,00;0,00;0;0;0
BX;63;2014;380;0,12;0,00;0,00;0,00;0,00;0,60;0;0;0
BXP;64;2014;435;0,00;0,00;0,00;0,00;0,00;0,00;0;0;0
C;65;2014;218;0,32;0,23;0,26;0,14;0,10;0,04;1;1;1
CA;66;2014;33;0,61;0,34;0,49;0,58;0,34;0,74;1;1;1
CAG;67;2014;153;0,40;0,16;0,24;0,22;0,39;0,24;1;1;1
CAH;68;2014;9;0,71;0,76;0,70;0,82;0,65;0,61;1;0;1
CAM;69;2014;352;0,15;0,00;0,00;0,00;0,00;0,76;0;0;0
CAT;70;2014;186;0,36;0,37;0,35;0,44;0,70;0,14;0;1;0
CBG;71;2014;102;0,47;0,76;0,72;0,00;0,00;0,74;0;1;1
CBS;72;2014;361;0,14;0,00;0,00;0,00;0,00;0,20;1;0;0
CCE;73;2014;22;0,65;0,59;0,84;0,60;0,91;0,04;1;1;1
CCI;74;2014;409;0,08;0,00;0,00;0,00;0,00;0,40;0;0;0
CCL;75;2014;280;0,24;0,05;0,05;0,48;0,07;0,20;0;1;1
CE;76;2014;332;0,17;0,00;0,00;0,00;0,00;0,59;0;1;0
CELG;77;2014;49;0,57;0,74;0,76;0,75;0,00;0,91;0;0;1
CERN;78;2014;435;0,00;0,00;0,00;0,00;0,00;0,00;0;0;0
CF;79;2014;327;0,17;0,00;0,10;0,00;0,00;0,79;0;0;0
CHD;80;2014;215;0,32;0,30;0,17;0,23;0,11;1,00;0;0;0
CHRW;81;2014;435;0,00;0,00;0,00;0,00;0,00;0,00;0;0;0
CHTR;82;2014;435;0,00;0,00;0,00;0,00;0,00;0,00;0;0;0
CI;83;2014;226;0,31;0,00;0,86;0,00;0,00;0,90;0;0;0
CIT;84;2014;421;0,06;0,00;0,00;0,00;0,00;0,31;0;0;0
CL;85;2014;97;0,48;0,34;0,38;0,35;0,37;0,33;1;1;1
CLR;86;2014;398;0,10;0,00;0,00;0,00;0,00;0,51;0;0;0
CLX;87;2014;43;0,58;0,32;0,33;0,34;0,49;0,80;1;1;1
CMCSA;88;2014;417;0,07;0,00;0,00;0,00;0,00;0,33;0;0;0
CME;89;2014;348;0,15;0,00;0,00;0,00;0,00;0,76;0;0;0
CMG;90;2014;366;0,14;0,00;0,00;0,00;0,00;0,68;0;0;0
CMI;91;2014;52;0,56;0,24;0,45;0,53;0,57;0,46;1;1;1
CNO;92;2014;342;0,16;0,00;0,00;0,00;0,00;0,80;0;0;0
CNP;93;2014;148;0,41;0,76;0,61;0,00;0,00;1,00;0;0;0
CNX;94;2014;16;0,68;0,47;0,53;0,55;0,77;0,65;1;1;1
COF;95;2014;269;0,26;0,43;0,32;0,00;0,00;0,24;1;0;0
COH;96;2014;435;0,00;0,00;0,00;0,00;0,00;0,00;0;0;0
COL;97;2014;271;0,26;0,71;0,36;0,00;0,00;0,00;1;0;0
COP;98;2014;117;0,45;0,18;0,36;0,67;0,29;0,15;1;1;1
COST;99;2014;228;0,31;0,66;0,72;0,00;0,00;0,26;0;1;0
CPB;100;2014;156;0,40;0,16;0,25;0,17;0,36;0,28;1;1;1
CRM;101;2014;196;0,35;0,53;0,45;0,00;0,00;1,00;0;0;0
CSCO;102;2014;47;0,57;0,50;0,61;0,60;0,82;0,21;1;0;1
CSX;103;2014;136;0,42;0,30;0,43;0,31;0,13;0,22;1;1;1
CTL;104;2014;258;0,27;0,15;0,09;0,23;0,00;1,00;0;0;0
CTSH;105;2014;119;0,45;0,55;0,30;0,14;0,37;1,00;0;1;0
CTXS;106;2014;401;0,10;0,00;0,00;0,00;0,00;0,50;0;0;0
CVS;107;2014;36;0,60;0,88;0,89;0,79;0,00;0,59;0;1;1
CVX;108;2014;60;0,53;0,35;0,57;0,36;0,32;0,47;1;1;1
CXO;109;2014;322;0,18;0,00;0,00;0,00;0,00;0,87;0;0;0
D;110;2014;278;0,24;0,00;0,29;0,12;0,00;0,42;1;0;0
DAL;111;2014;39;0,59;0,12;0,30;0,89;0,77;0,42;1;1;1
DD;112;2014;89;0,49;0,48;0,50;0,70;0,00;0,17;1;1;1
DE;113;2014;165;0,39;0,62;0,42;0,14;0,00;0,55;0;1;1
DFS;114;2014;380;0,12;0,00;0,00;0,00;0,00;0,60;0;0;0
DG;115;2014;331;0,17;0,00;0,00;0,00;0,00;0,84;0;0;0
DGX;116;2014;112;0,46;0,18;0,25;0,48;0,14;0,78;1;1;0
DHR;117;2014;376;0,12;0,00;0,00;0,00;0,00;0,62;0;0;0
DIS;118;2014;420;0,06;0,28;0,09;0,00;0,01;0,04;0;0;0
DISCA;119;2014;362;0,14;0,00;0,00;0,00;0,00;0,70;0;0;0
DISH ;120;2014;348;0,15;0,00;0,00;0,00;0,00;0,76;0;0;0
DLTR;121;2014;385;0,12;0,00;0,00;0,00;0,00;0,59;0;0;0
DOV;122;2014;231;0,30;0,54;0,29;0,00;0,00;0,65;0;1;0
DOW;123;2014;162;0,39;0,25;0,38;0,11;0,37;0,12;1;1;1
DPS;124;2014;115;0,46;0,28;0,39;0,27;0,47;0,73;0;1;1
DTE;125;2014;208;0,33;0,60;0,26;0,60;0,12;0,24;0;1;0
DUK;126;2014;159;0,39;0,03;0,12;0,60;0,79;0,07;1;0;1
DVA;127;2014;252;0,28;0,29;0,11;0,24;0,03;0,40;1;0;0
DVN;128;2014;205;0,34;0,58;0,12;0,39;0,00;0,37;0;1;1
EBAY;129;2014;303;0,20;0,30;0,45;0,00;0,00;0,19;0;0;1
ECL;130;2014;4;0,83;0,73;0,80;0,84;0,60;0,90;1;1;1
EFX;131;2014;354;0,15;0,00;0,00;0,00;0,00;0,74;0;0;0
EIX;132;2014;414;0,08;0,00;0,00;0,00;0,00;0,38;0;0;0
EMC;133;2014;19;0,66;0,45;0,57;0,82;0,15;0,84;1;1;1
EMN;134;2014;250;0,29;0,00;0,19;0,00;0,00;0,53;1;1;0
EMR;135;2014;416;0,07;0,00;0,00;0,00;0,00;0,34;0;0;0
EOG;136;2014;390;0,11;0,00;0,00;0,00;0,00;0,56;0;0;0
EPD;137;2014;374;0,13;0,00;0,00;0,00;0,00;0,63;0;0;0
EQIX;138;2014;435;0,00;0,00;0,00;0,00;0,00;0,00;0;0;0
EQR;139;2014;403;0,10;0,00;0,00;0,00;0,00;0,48;0;0;0
EQT;140;2014;274;0,25;0,03;0,00;0,30;0,00;0,75;0;1;0
ESRX;141;2014;413;0,08;0,00;0,00;0,00;0,00;0,38;0;0;0
ETP;142;2014;360;0,14;0,00;0,00;0,00;0,00;0,71;0;0;0
ETR;143;2014;204;0,34;0,55;0,21;0,03;0,00;0,60;0;1;1
EXC;144;2014;61;0,53;0,12;0,41;0,05;0,72;0,67;1;1;1
EXPE;145;2014;109;0,46;0,97;0,79;0,00;0,00;1,00;0;0;0
EXR;146;2014;403;0,10;0,00;0,00;0,00;0,00;0,48;0;0;0
F;147;2014;79;0,50;0,57;0,35;0,70;0,65;0,06;1;1;0
FAST;148;2014;435;0,00;0,00;0,00;0,00;0,00;0,00;0;0;0
FB;149;2014;424;0,05;0,03;0,13;0,00;0,00;0,15;0;0;0
FDX;150;2014;237;0,30;0,25;0,39;0,00;0,51;0,38;0;0;1
FE;151;2014;389;0,11;0,00;0,00;0,00;0,00;0,31;0;0;1
FIS;152;2014;435;0,00;0,00;0,00;0,00;0,00;0,00;0;0;0
FISV;153;2014;418;0,06;0,00;0,00;0,00;0,00;0,32;0;0;0
FITB;154;2014;300;0,21;0,08;0,15;0,00;0,00;0,61;0;0;1
FLT;155;2014;435;0,00;0,00;0,00;0,00;0,00;0,00;0;0;0
FNMA;156;2014;338;0,16;0,00;0,00;0,00;0,00;0,82;0;0;0
FOX;157;2014;229;0,31;0,14;0,17;0,00;0,00;0,30;1;1;1
GD;158;2014;435;0,00;0,00;0,00;0,00;0,00;0,00;0;0;0
GE;159;2014;180;0,36;0,36;0,45;0,21;0,37;0,03;1;1;0
GGP;160;2014;238;0,30;0,65;0,00;0,00;0,00;1,00;0;0;0
GILD;161;2014;182;0,36;0,88;0,83;0,00;0,00;0,53;0;0;0
GIS;162;2014;37;0,60;0,55;0,51;0,68;0,64;0,21;1;1;1
GLW;163;2014;176;0,37;0,12;0,00;0,00;0,00;1,00;1;1;0
GM;164;2014;239;0,30;0,35;0,35;0,22;0,40;0,00;0;1;1
GPC;165;2014;435;0,00;0,00;0,00;0,00;0,00;0,00;0;0;0
GPS;166;2014;272;0,26;0,36;0,45;0,53;0,00;0,03;0;1;0
GS;167;2014;98;0,48;0,50;0,53;0,36;0,41;0,06;1;1;1
GWW;168;2014;104;0,47;0,55;0,70;0,00;0,00;0,91;0;1;1
HAL;169;2014;256;0,27;0,00;0,29;0,31;0,00;0,17;1;1;0
HCA;170;2014;338;0,16;0,00;0,00;0,00;0,00;0,82;0;0;0
HCP;171;2014;91;0,49;0,32;0,18;0,31;0,44;1,00;0;1;1
HD;172;2014;70;0,51;0,31;0,36;0,86;0,18;0,27;1;1;1
HES;173;2014;59;0,53;0,44;0,48;0,55;0,34;0,32;1;1;1
HIG;174;2014;178;0,37;0,12;0,29;0,04;0,00;0,50;1;1;1
HLT ;175;2014;288;0,23;0,07;0,06;0,04;0,03;0,50;1;0;0
HOG;176;2014;12;0,70;0,84;0,56;0,91;0,68;1,00;0;1;0
HON;177;2014;260;0,27;0,12;0,05;0,00;0,00;0,22;1;1;1
HOT;178;2014;220;0,32;0,21;0,23;0,00;0,00;1,00;0;0;1
HRL;179;2014;304;0,20;0,16;0,09;0,36;0,24;0,36;0;0;0
HSIC;180;2014;435;0,00;0,00;0,00;0,00;0,00;0,00;0;0;0
HST;181;2014;142;0,41;0,50;0,27;0,00;0,00;1,00;0;1;1
HSY;182;2014;46;0,57;0,86;0,61;0,68;0,67;0,27;0;1;1
HUM;183;2014;69;0,52;0,87;0,66;0,00;0,61;0,72;0;1;0
IBM;184;2014;224;0,31;0,17;0,25;0,19;0,42;0,04;1;1;1
ICE;185;2014;314;0,18;0,00;0,00;0,00;0,00;0,90;0;0;0
IEP;186;2014;435;0,00;0,00;0,00;0,00;0,00;0,00;0;0;0
ILMN;187;2014;435;0,00;0,00;0,00;0,00;0,00;0,00;0;0;0
INCY ;188;2014;316;0,18;0,00;0,00;0,00;0,00;0,89;0;0;0
INTC;189;2014;71;0,51;0,56;0,59;0,57;0,26;0,06;1;1;1
INTU;190;2014;185;0,36;0,43;0,60;0,30;0,33;0,55;0;0;0
IP;191;2014;201;0,34;0,86;0,36;0,00;0,00;0,29;0;1;1
IPG;192;2014;293;0,22;0,00;0,00;0,00;0,00;0,85;0;1;0
ISRG;193;2014;397;0,10;0,00;0,00;0,00;0,00;0,51;0;0;0
ITT;194;2014;433;0,02;0,00;0,00;0,00;0,00;0,08;0;0;0
ITW;195;2014;129;0,43;0,39;0,30;0,47;0,39;0,51;1;0;0
IVZ;196;2014;40;0,59;0,69;0,49;0,69;0,39;0,76;0;1;1
JBHT;197;2014;113;0,46;0,26;0,49;0,00;0,00;1,00;1;0;1
JCI;198;2014;73;0,51;0,38;0,30;0,57;0,28;0,89;0;1;1
JNJ;199;2014;35;0,60;0,72;0,69;0,74;0,46;0,05;1;1;1
JNPR;200;2014;14;0,70;0,36;0,29;0,65;0,87;0,84;1;1;1
JPM;201;2014;290;0,23;0,20;0,23;0,22;0,11;0,06;0;1;1
JWN;202;2014;106;0,47;0,66;0,48;0,00;0,71;0,44;1;0;0
K;203;2014;139;0,42;0,33;0,24;0,63;0,00;0,18;1;1;1
KEY;204;2014;230;0,31;0,04;0,15;0,00;0,00;0,89;0;1;1
KIM;205;2014;214;0,32;0,43;0,32;0,04;0,08;0,48;1;0;0
KLAC;206;2014;152;0,40;0,66;0,67;0,00;0,00;1,00;0;0;0
KMB;207;2014;233;0,30;0,11;0,14;0,06;0,05;0,50;1;0;1
KMI;208;2014;412;0,08;0,00;0,00;0,00;0,00;0,38;0;0;0
KMX;209;2014;435;0,00;0,00;0,00;0,00;0,00;0,00;0;0;0
KO;210;2014;147;0,41;0,79;0,42;0,11;0,00;0,04;1;1;1
KR;211;2014;225;0,31;0,53;0,17;0,00;0,00;0,78;0;1;0
KSS;212;2014;118;0,45;0,28;0,25;0,25;0,43;0,37;1;1;1
KSU;213;2014;435;0,00;0,00;0,00;0,00;0,00;0,00;0;0;0
L;214;2014;319;0,18;0,00;0,00;0,00;0,00;0,38;1;0;0
LB;215;2014;285;0,24;0,15;0,16;0,00;0,00;0,20;1;0;1
LH;216;2014;316;0,18;0,00;0,00;0,00;0,00;0,89;0;0;0
LLL;217;2014;435;0,00;0,00;0,00;0,00;0,00;0,00;0;0;0
LLTC;218;2014;227;0,31;0,39;0,33;0,00;0,00;1,00;0;0;0
LLY;219;2014;234;0,30;0,27;0,18;0,30;0,35;0,19;0;1;1
LMT;220;2014;45;0,58;0,49;0,56;0,63;0,87;0,00;1;1;1
LNC;221;2014;338;0,16;0,00;0,00;0,00;0,00;0,82;0;0;0
LNG;222;2014;348;0,15;0,00;0,00;0,00;0,00;0,76;0;0;0
LOW;223;2014;395;0,10;0,12;0,13;0,00;0,00;0,33;0;0;0
LRCX;224;2014;435;0,00;0,00;0,00;0,00;0,00;0,00;0;0;0
LTRPA;225;2014;425;0,05;0,00;0,00;0,00;0,00;0,00;0;0;1
LUV;226;2014;94;0,49;0,10;0,19;0,91;0,75;0,46;0;1;1
LVS;227;2014;18;0,67;0,36;0,61;0,69;0,49;0,72;1;1;1
LYB;228;2014;130;0,43;0,17;0,20;0,34;0,34;0,60;1;1;0
M;229;2014;430;0,03;0,00;0,00;0,00;0,00;0,17;0;0;0
MA;230;2014;179;0,37;0,69;0,54;0,00;0,00;0,65;0;1;0
MAC;231;2014;289;0,23;0,13;0,05;0,00;0,00;1,00;0;0;0
MAR;232;2014;282;0,24;0,16;0,20;0,15;0,00;0,31;0;1;1
MAS;233;2014;23;0,64;0,63;0,37;0,80;0,35;0,85;1;0;1
MAT;234;2014;302;0,20;0,36;0,26;0,00;0,00;0,29;0;1;0
MCD;235;2014;187;0,35;0,39;0,22;0,40;0,00;0,01;1;1;1
MCHP;236;2014;172;0,37;0,26;0,23;0,00;0,00;1,00;1;0;0
MCK;237;2014;393;0,10;0,00;0,00;0,00;0,00;0,52;0;0;0
MCO;238;2014;344;0,16;0,00;0,00;0,00;0,00;0,78;0;0;0
MDLZ;239;2014;143;0,41;0,81;0,47;0,57;0,00;0,17;0;1;1
MET;240;2014;28;0,62;0,59;0,92;0,96;0,82;0,15;0;1;1
MGLN;241;2014;435;0,00;0,00;0,00;0,00;0,00;0,00;0;0;0
MGM ;242;2014;82;0,50;0,61;0,44;0,44;0,43;0,80;0;1;0
MHK;243;2014;241;0,30;0,09;0,05;0,07;0,09;1,00;0;0;1
MJN;244;2014;90;0,49;0,69;0,39;0,59;0,00;0,68;0;1;1
MKC;245;2014;6;0,78;0,86;0,77;0,79;0,41;1,00;1;1;0
MKL;246;2014;264;0,27;0,00;0,10;0,00;0,00;1,00;0;0;1
MMC;247;2014;206;0,34;0,08;0,17;0,00;0,00;1,00;0;1;1
MMM;248;2014;212;0,33;0,15;0,16;0,10;0,95;0,11;0;1;1
MNST;249;2014;399;0,10;0,00;0,00;0,00;0,00;0,51;0;0;0
MO;250;2014;78;0,50;0,63;0,72;0,73;0,61;0,00;0;1;1
MON;251;2014;68;0,52;0,61;0,59;0,39;0,80;0,04;1;1;0
MOS;252;2014;21;0,66;0,85;0,50;0,33;0,18;0,89;1;1;1
MPC;253;2014;248;0,29;0,33;0,24;0,00;0,15;0,40;1;0;0
MRK;254;2014;261;0,27;0,24;0,28;0,20;0,20;0,15;0;1;1
MRO;255;2014;189;0,35;0,24;0,43;0,00;0,00;0,50;1;1;0
MS;256;2014;223;0,31;0,17;0,35;0,00;0,84;0,05;0;1;1
MSFT;257;2014;64;0,53;0,35;0,42;0,57;0,82;0,02;1;1;1
MSI;258;2014;72;0,51;0,59;0,54;0,66;0,67;0,45;0;0;1
MTB;259;2014;203;0,34;0,15;0,12;0,00;0,00;0,74;1;1;0
MU;260;2014;287;0,24;0,17;0,13;0,00;0,00;0,70;0;0;1
MXIM;261;2014;108;0,47;0,39;0,42;0,45;0,53;1,00;0;0;0
MYL;262;2014;338;0,16;0,00;0,00;0,00;0,00;0,82;0;0;0
NBL;263;2014;181;0,36;0,65;0,30;0,50;0,00;0,49;0;1;0
NEE;264;2014;209;0,33;0,10;0,18;0,14;0,00;0,85;1;0;0
NEM;265;2014;265;0,26;0,12;0,13;0,05;0,03;0,07;1;1;1
NFLX;266;2014;407;0,09;0,00;0,00;0,00;0,00;0,43;0;0;0
NKE;267;2014;13;0,70;0,89;0,62;0,92;0,80;0,06;1;1;1
NLSN;268;2014;435;0,00;0,00;0,00;0,00;0,00;0,00;0;0;0
NLY;269;2014;316;0,18;0,00;0,00;0,00;0,00;0,89;0;0;0
NOC;270;2014;167;0,38;0,35;0,36;0,00;0,51;0,00;1;1;1
NOV;271;2014;388;0,12;0,00;0,00;0,00;0,00;0,08;1;0;0
NOW;272;2014;435;0,00;0,00;0,00;0,00;0,00;0,00;0;0;0
NSC;273;2014;221;0,32;0,29;0,46;0,00;0,00;0,52;0;1;1
NTRS;274;2014;198;0,35;0,21;0,37;0,28;0,00;0,84;0;0;1
NUE;275;2014;355;0,15;0,00;0,00;0,00;0,00;0,73;0;0;0
NVDA;276;2014;27;0,62;0,81;0,74;0,94;0,48;0,65;0;0;1
NWL;277;2014;270;0,26;0,20;0,13;0,00;0,28;0,59;0;1;0
O;278;2014;435;0,00;0,00;0,00;0,00;0,00;0,00;0;0;0
OKE;279;2014;253;0,28;0,00;0,52;0,00;0,00;1,00;0;0;0
OMC;280;2014;219;0,32;0,55;0,44;0,00;0,00;0,84;0;0;0
ORCL;281;2014;126;0,44;0,51;0,55;0,00;0,00;0,68;1;1;0
ORLY;282;2014;435;0,00;0,00;0,00;0,00;0,00;0,00;0;0;0
OXY;283;2014;120;0,45;0,10;0,15;0,74;0,48;0,17;1;1;1
PAA;284;2014;391;0,11;0,00;0,00;0,00;0,00;0,55;0;0;0
PAYX;285;2014;435;0,00;0,00;0,00;0,00;0,00;0,00;0;0;0
PCAR;286;2014;435;0,00;0,00;0,00;0,00;0,00;0,00;0;0;0
PCG;287;2014;111;0,46;0,68;0,44;0,04;0,26;0,26;1;1;1
PCLN;288;2014;311;0,18;0,00;0,00;0,00;0,00;0,91;0;0;0
PEG;289;2014;188;0,35;0,00;0,36;0,00;0,00;0,73;1;0;1
PEP;290;2014;163;0,39;0,29;0,32;0,36;0,13;0,12;1;1;1
PFE;291;2014;144;0,41;0,40;0,34;0,28;0,25;0,10;1;1;1
PFG;292;2014;149;0,40;0,08;0,18;0,00;0,00;0,82;1;1;1
PG;293;2014;246;0,29;0,11;0,24;0,09;0,45;0,04;1;1;0
PGR;294;2014;295;0,22;0,32;0,00;0,00;0,00;0,85;0;0;0
PH;295;2014;193;0,35;0,55;0,27;0,00;0,00;0,88;0;1;0
PLD;296;2014;15;0,69;0,94;0,97;0,00;0,00;1,00;1;1;1
PM;297;2014;29;0,62;0,76;0,81;0,93;0,64;0,00;1;0;1
PNC;298;2014;284;0,24;0,07;0,14;0,08;0,00;0,22;1;0;1
PPG;299;2014;210;0,33;0,32;0,33;0,19;0,35;0,50;0;1;0
PPL;300;2014;379;0,12;0,00;0,00;0,00;0,00;0,60;0;0;0
PRU;301;2014;74;0,51;0,83;0,64;0,67;0,00;0,68;0;1;0
PSX;302;2014;402;0,10;0,00;0,00;0,00;0,00;0,25;0;0;1
PX;303;2014;30;0,62;0,27;0,21;0,55;0,87;0,68;1;1;1
PXD;304;2014;383;0,12;0,00;0,00;0,00;0,00;0,59;0;0;0
QCOM;305;2014;25;0,63;0,65;0,74;0,91;0,86;0,29;0;1;1
RAI;306;2014;134;0,42;0,40;0,39;0,61;0,39;0,00;1;0;1
RCL;307;2014;83;0,50;0,18;0,06;0,62;0,72;0,30;1;1;1
REGN;308;2014;435;0,00;0,00;0,00;0,00;0,00;0,00;0;0;0
RF;309;2014;369;0,13;0,00;0,00;0,00;0,00;0,65;0;0;0
RHT;310;2014;435;0,00;0,00;0,00;0,00;0,00;0,00;0;0;0
RL;311;2014;400;0,10;0,00;0,00;0,00;0,00;0,50;0;0;0
ROK;312;2014;8;0,74;0,70;0,48;0,89;0,84;0,50;1;1;1
ROP;313;2014;358;0,14;0,00;0,00;0,00;0,00;0,72;0;0;0
ROST;314;2014;378;0,12;0,00;0,00;0,00;0,00;0,60;0;0;0
RSG;315;2014;432;0,02;0,00;0,00;0,00;0,00;0,09;0;0;0
RTN;316;2014;95;0,49;0,51;0,58;0,65;0,83;0,00;0;1;1
S;317;2014;32;0,62;0,40;0,35;0,63;0,49;0,68;1;1;1
SBAC;318;2014;435;0,00;0,00;0,00;0,00;0,00;0,00;0;0;0
SBUX;319;2014;283;0,24;0,51;0,52;0,00;0,00;0,16;0;0;1
SCHW;320;2014;328;0,17;0,24;0,15;0,00;0,00;0,56;0;0;0
SE;321;2014;87;0,49;0,64;0,06;0,12;0,50;0,44;1;1;1
SHW;322;2014;56;0,54;0,68;0,78;0,75;0,00;0,29;1;1;0
SIRI;323;2014;435;0,00;0,00;0,00;0,00;0,00;0,00;0;0;0
SJM;324;2014;137;0,42;0,44;0,38;0,51;0,00;0,35;1;0;1
SLB;325;2014;100;0,48;0,62;0,76;0,88;0,21;0,55;0;0;0
SLG;326;2014;173;0,37;0,17;0,38;0,67;0,60;0,48;0;0;0
SNDK;327;2014;168;0,38;0,59;0,45;0,00;0,00;0,87;0;0;1
SO;328;2014;347;0,15;0,00;0,09;0,11;0,00;0,11;1;0;0
SPG;329;2014;197;0,35;0,54;0,44;0,00;0,00;0,74;0;0;1
SRCL;330;2014;422;0,06;0,00;0,00;0,00;0,00;0,31;0;0;0
SRE;331;2014;96;0,48;0,31;0,59;0,48;0,00;0,89;0;1;1
STI;332;2014;369;0,13;0,00;0,00;0,00;0,00;0,65;0;0;0
STJ;333;2014;249;0,29;0,33;0,35;0,50;0,00;0,55;0;0;0
STT;334;2014;222;0,32;0,13;0,41;0,17;0,27;0,34;0;1;1
STZ;335;2014;53;0,56;0,39;0,59;0,04;0,50;0,90;1;0;1
SWK;336;2014;127;0,44;0,43;0,47;0,47;0,70;0,41;0;0;1
SYK;337;2014;297;0,21;0,54;0,47;0,00;0,00;0,30;0;0;0
SYMC;338;2014;155;0,40;0,12;0,34;0,29;0,54;0,76;0;0;1
SYY;339;2014;85;0,49;0,78;0,49;0,69;0,00;0,72;0;1;0
T;340;2014;175;0,37;0,27;0,26;0,28;0,16;0,12;1;1;1
TAP;341;2014;41;0,59;0,43;0,60;0,35;0,10;0,84;1;1;1
TDG;342;2014;435;0,00;0,00;0,00;0,00;0,00;0,00;0;0;0
TGT;343;2014;194;0,35;0,33;0,27;0,30;0,00;0,06;1;1;1
TIF;344;2014;154;0,40;0,79;0,71;0,00;0,00;0,37;0;1;1
TJX;345;2014;292;0,22;0,19;0,14;0,00;0,00;0,36;1;0;0
TMO;346;2014;93;0,49;0,70;0,26;0,73;0,00;0,91;0;0;1
TMUS;347;2014;415;0,07;0,00;0,00;0,00;0,00;0,37;0;0;0
TRI;348;2014;240;0,30;0,21;0,19;0,00;0,00;0,68;0;1;1
TRIP;349;2014;435;0,00;0,00;0,00;0,00;0,00;0,00;0;0;0
TROW;350;2014;263;0,27;0,37;0,38;0,00;0,00;0,52;0;0;1
TRV;351;2014;200;0,34;0,46;0,22;0,00;0,00;0,45;1;1;0
TSCO;352;2014;435;0,00;0,00;0,00;0,00;0,00;0,00;0;0;0
TSLA;353;2014;410;0,08;0,00;0,00;0,00;0,00;0,39;0;0;0
TSN;354;2014;371;0,13;0,00;0,12;0,28;0,00;0,35;0;0;0
TWC;355;2014;408;0,08;0,00;0,00;0,00;0,00;0,41;0;0;0
TWX;356;2014;161;0,39;0,73;0,59;0,00;0,00;0,72;0;1;0
TXN;357;2014;140;0,42;0,27;0,17;0,27;0,58;0,86;0;1;0
TXT;358;2014;99;0,48;0,36;0,27;0,35;0,70;0,40;1;1;0
UA;359;2014;435;0,00;0,00;0,00;0,00;0,00;0,00;0;0;0
UAL;360;2014;166;0,38;0,11;0,28;0,00;0,51;0,74;0;1;1
UHS;361;2014;435;0,00;0,00;0,00;0,00;0,00;0,00;0;0;0
UNH;362;2014;76;0,50;0,77;0,91;0,00;0,00;0,76;0;1;1
UNM;363;2014;121;0,45;0,29;0,23;0,15;0,17;0,87;1;0;1
UPS;364;2014;62;0,53;0,34;0,57;0,55;0,61;0,34;1;0;1
USB;365;2014;266;0,26;0,14;0,16;0,00;0,00;0,35;1;1;0
UTX;366;2014;34;0,60;0,72;0,38;0,74;0,43;0,31;1;1;1
V;367;2014;336;0,17;0,13;0,73;0,00;0,00;0,18;0;0;0
VFC;368;2014;150;0,40;0,57;0,36;0,00;0,00;0,31;1;1;1
VIA;369;2014;135;0,42;0,37;0,39;0,34;0,09;0,70;1;0;0
VLO;370;2014;357;0,14;0,00;0,00;0,00;0,00;0,47;0;1;0
VMW;371;2014;435;0,00;0,00;0,00;0,00;0,00;0,00;0;0;0
VNO;372;2014;435;0,00;0,00;0,00;0,00;0,00;0,00;0;0;0
VRSK;373;2014;435;0,00;0,00;0,00;0,00;0,00;0,00;0;0;0
VRTX;374;2014;311;0,18;0,00;0,00;0,00;0,00;0,91;0;0;0
VTR;375;2014;301;0,20;0,00;0,17;0,00;0,00;0,89;0;0;0
VZ;376;2014;232;0,30;0,58;0,41;0,00;0,00;0,28;0;1;1
WAT;377;2014;141;0,42;0,92;0,52;0,00;0,00;1,00;0;0;0
WBA;378;2014;86;0,49;0,58;0,53;0,67;0,00;0,60;1;0;0
WDAY;379;2014;267;0,26;0,22;0,19;0,00;0,00;0,50;1;0;0
WDC;380;2014;133;0,42;0,64;0,31;0,20;0,00;1,00;0;1;0
WFC;381;2014;235;0,30;0,10;0,21;0,00;0,00;0,28;1;1;1
WFM;382;2014;277;0,25;0,55;0,18;0,00;0,00;0,43;0;1;0
WHR;383;2014;299;0,21;0,14;0,25;0,30;0,38;0,24;0;0;0
WM;384;2014;107;0,47;0,42;0,07;0,60;0,00;0,51;1;1;1
WMB;385;2014;393;0,10;0,00;0,00;0,00;0,00;0,52;0;0;0
WMT;386;2014;245;0,29;0,31;0,46;0,49;0,00;0,01;0;1;1
WU;387;2014;324;0,17;0,00;0,00;0,00;0,00;0,62;0;1;0
WY;388;2014;183;0,36;0,08;0,19;0,17;0,35;0,22;1;1;1
WYN;389;2014;31;0,62;0,39;0,62;0,36;0,20;0,91;1;1;1
XEC;390;2014;322;0,18;0,00;0,00;0,00;0,00;0,87;0;0;0
XEL;391;2014;171;0,38;0,11;0,16;0,00;0,15;0,57;1;1;1
XLNX;392;2014;123;0,45;0,70;0,61;0,00;0,00;1,00;0;1;0
XOM;393;2014;103;0,47;0,29;0,50;0,56;0,41;0,04;1;1;1
XRX;394;2014;101;0,48;0,31;0,37;0,34;0,04;0,84;1;1;0
YHOO;395;2014;298;0,21;0,00;0,02;0,00;0,00;0,80;0;0;1
YUM;396;2014;308;0,19;0,29;0,32;0,00;0,00;0,25;0;0;1
ZBH;397;2014;199;0,34;0,94;0,51;0,00;0,00;0,64;0;0;0
